,recall,precision,pf,wins
bloodycore.csv,0.15000000000000002,0.36,0.2,1
flylegacy.csv,0.6950000000000001,0.57,0.43000000000000005,6
ftm.csv,0.43,0.655,0.22499999999999998,8
jcache.csv,0.27,0.655,0.10500000000000001,9
lphant.csv,0.71,0.5549999999999999,0.485,4
minig.csv,0.72,0.525,0.495,2
mob-sen-plat.csv,0.33499999999999996,0.36,0.365,0
raygina.csv,0.53,0.52,0.33,5
upp-mirror.csv,0.445,0.52,0.265,7
yarp.csv,0.18,0.435,0.15,3
