,recall,precision,pf,pci_20,ifa,wins
logicmail.csv,0.925,0.7150000000000001,0.575,0.355,98.0,0
mclient-mume.csv,0.49,0.7849999999999999,0.125,0.6699999999999999,96.5,1
