,recall,precision,pf,wins
geotools.csv,0.265,0.535,0.175,4
l2j.csv,0.855,0.515,0.53,3
mule.csv,0.35,0.6699999999999999,0.135,5
springside.csv,0.595,0.515,0.485,1
swtfox.csv,0.585,0.505,0.46499999999999997,0
twostep.csv,0.6799999999999999,0.525,0.485,2
