,recall,precision,pf,pci_20,ifa,wins
alembik.csv,0.485,0.5700000000000001,0.235,0.44,0.0,5
arsenal-1.csv,0.36,0.45,0.21999999999999997,0.645,0.0,3
barracudamvc.csv,0.885,0.41000000000000003,0.9099999999999999,0.385,3.5,0
mevenide.csv,0.345,0.5349999999999999,0.2,0.585,0.5,4
mumble.csv,0.6100000000000001,0.435,0.5,0.47,2.0,2
openintents.csv,0.62,0.45999999999999996,0.74,0.47,1.5,1
