,recall,precision,pf,pci_20,ifa,wins
adaptagrams.csv,0.66,0.3,0.28,0.46,5.0,4
aime.csv,0.20500000000000002,0.255,0.19,0.505,5.0,1
badtrinitycore.csv,0.355,0.33999999999999997,0.16999999999999998,0.565,2.5,7
electric-core.csv,0.63,0.32,0.46499999999999997,0.49,8.5,2
geochat.csv,0.37,0.32,0.37,0.665,3.5,6
mumble.csv,0.685,0.28500000000000003,0.475,0.52,1.5,5
olsrd.csv,0.835,0.235,0.76,0.4,5.5,0
t-2.csv,0.5700000000000001,0.275,0.5349999999999999,0.56,5.0,3
