,recall,precision,pf,pci_20,ifa,wins
ikvm.csv,0.425,0.37,0.62,0.605,2.0,0
mcmc-jags.csv,0.755,0.565,0.615,0.46499999999999997,0.0,4
olap-navigator.csv,0.61,0.49,0.26,0.55,0.0,5
pidgin.csv,0.515,0.29,0.3,0.5700000000000001,2.0,2
salasaga.csv,0.6950000000000001,0.395,0.45499999999999996,0.455,2.0,1
sepgsql.csv,0.6,0.46499999999999997,0.34,0.54,1.0,3
