,recall,precision,pf,wins
amateur-scrolls.csv,0.5,0.55,0.22999999999999998,7
fritzing.csv,0.725,0.5,0.355,6
jlinalg.csv,0.73,0.36,0.62,1
knowledge.csv,0.765,0.42,0.52,3
massiv.csv,0.155,0.275,0.015,2
oscarmcmaster.csv,0.505,0.6,0.20500000000000002,8
playerstage.csv,0.5800000000000001,0.45999999999999996,0.265,5
quarkplusplus.csv,0.585,0.49,0.335,4
rtrt-on-gpu.csv,0.43000000000000005,0.35,0.46499999999999997,0
superwaba.csv,0.6950000000000001,0.585,0.27,9
