,f1,g,recall,precision,pf,cdom,bellwether
1,0.505,0.495,0.33,0.45,0.6,7.0,mp-rechnungs-und-kundenverwaltung.csv
10,0.545,0.12000000000000001,0.14,0.305,0.41500000000000004,1.0,emftriple.csv
13,0.47,0.37,0.29,0.41,0.5,8.0,wow-qrsk.csv
26,0.39,0.38,0.275,0.31,0.44,4.0,retromenu.csv
32,0.55,0.375,0.31,0.405,0.5,16.0,modellus.csv
50,0.23,0.36,0.3,0.35,0.48,18.0,nassp.csv
23,0.8300000000000001,0.62,0.5349999999999999,0.485,0.62,1.0,magicwars.csv
24,0.63,0.48,0.44,0.45,0.51,3.0,turbotrader-bos.csv
25,0.74,0.665,0.59,0.5700000000000001,0.59,0.0,xmemcached.csv
