,recall,precision,pf,pci_20,ifa,wins
cleartk.csv,0.7949999999999999,0.45499999999999996,0.58,0.44,147.5,3
forester-atv.csv,0.44499999999999995,0.515,0.29000000000000004,0.63,98.75,6
google-collections.csv,1.0,0.435,1.0,0.38,196.75,1
jsecurity.csv,0.28,0.51,0.185,0.73,98.5,7
opensim4opencog.csv,0.63,0.41500000000000004,0.675,0.44,197.0,0
paintown.csv,0.945,0.445,0.965,0.42,196.75,2
smbopensoft.csv,0.79,0.43,0.77,0.45999999999999996,98.75,4
thout.csv,0.525,0.515,0.265,0.5700000000000001,146.75,5
