,f1,g,recall,precision,pf,wins
raygina.csv,0.525,0.56,0.54,0.5249999999999999,0.28,1
yarp.csv,0.45999999999999996,0.46,0.44000000000000006,0.575,0.20500000000000002,0
