,recall,precision,pf,wins
glelite.csv,0.96,0.915,0.415,0
jmol.csv,0.7949999999999999,0.9450000000000001,0.315,1
