,recall,precision,pf,wins
logicmail.csv,0.94,0.7050000000000001,0.6,0
mclient-mume.csv,0.49,0.7849999999999999,0.125,1
