,recall,precision,pf,wins
calcubetimer.csv,0.9,0.39,0.74,0
chaperon.csv,0.02,0.265,0.015,1
mule.csv,0.16499999999999998,0.28500000000000003,0.11499999999999999,2
nunit.csv,0.295,0.585,0.175,5
springside.csv,0.645,0.52,0.47,4
swtfox.csv,0.545,0.455,0.49,3
