,recall,precision,pf,wins
ctrlr.csv,0.03,0.245,0.025,4
dvt.csv,0.18,0.245,0.21000000000000002,2
flylinkdc.csv,0.32,0.47000000000000003,0.26,11
fulguro.csv,0.14,0.395,0.1,10
fw4spl.csv,0.20500000000000002,0.305,0.18,5
ipfire-wall.csv,0.255,0.32,0.195,7
jruby.csv,0.49,0.27,0.49,1
ldview.csv,0.29000000000000004,0.39,0.22,9
nuttx.csv,0.78,0.36,0.64,6
oorexx.csv,0.51,0.28,0.545,0
uclmda.csv,0.245,0.32999999999999996,0.11499999999999999,8
vdsf.csv,0.87,0.345,0.84,3
