,recall,precision,pf,pci_20,ifa,wins
freewrl.csv,0.77,0.6,0.46499999999999997,0.4,2.5,0
silvertree.csv,0.86,0.63,0.58,0.44000000000000006,1.5,1
