,recall,precision,pf,pci_20,ifa,wins
iaml.csv,0.49,0.5,0.33999999999999997,0.555,0.5,1
jrdf.csv,0.52,0.495,0.33499999999999996,0.61,0.5,2
mpqc.csv,0.595,0.46499999999999997,0.5,0.77,0.5,3
tigermud.csv,0.685,0.35,0.605,0.535,1.0,0
