,recall,precision,pf,wins
bzbyte.csv,0.29500000000000004,0.07500000000000001,0.195,1
columba.csv,0.7,0.525,0.435,3
emftriple.csv,0.185,0.38,0.22999999999999998,2
fluent-nhibernate.csv,0.42,0.55,0.255,5
gpsmid.csv,0.88,0.375,0.5449999999999999,0
xamj.csv,0.71,0.45499999999999996,0.365,4
