,recall,precision,pf,wins
bzbyte.csv,0.875,0.32,0.78,2
columba.csv,0.42500000000000004,0.5449999999999999,0.18,5
emftriple.csv,0.0,0.0,0.0,0
fluent-nhibernate.csv,0.415,0.345,0.5349999999999999,1
gpsmid.csv,0.6799999999999999,0.475,0.33999999999999997,3
xamj.csv,0.525,0.565,0.275,4
