,recall,precision,pf,wins
agilitybook.csv,0.57,0.135,0.29,2
apolloplayer.csv,0.3,0.115,0.33499999999999996,0
k3d.csv,0.19,0.25,0.095,6
kowari.csv,0.42000000000000004,0.22,0.2,5
redshell.csv,0.9450000000000001,0.135,0.5900000000000001,1
rtb-team.csv,0.55,0.19,0.335,3
xreal.csv,0.035,0.195,0.005,4
