,recall,precision,pf,pci_20,ifa,wins
buddata-ebxml-registry.csv,0.9299999999999999,0.375,0.9299999999999999,0.345,98.75,0
lazarus-ccr.csv,0.62,0.41500000000000004,0.565,0.52,98.5,3
lcfizvtop.csv,0.605,0.42000000000000004,0.505,0.4,139.75,2
migen.csv,0.41500000000000004,0.4,0.27999999999999997,0.725,133.75,5
mvnforum.csv,0.27,0.42,0.29000000000000004,0.84,261.0,1
plplot.csv,0.77,0.475,0.74,0.39,146.0,4
