,recall,precision,pf,wins
amateur-scrolls.csv,0.21000000000000002,0.22,0.13,3
ffigo.csv,0.36,0.395,0.23,4
foursquared.csv,0.05,0.405,0.0,6
gebr.csv,0.955,0.33,0.885,0
ildjit.csv,0.31000000000000005,0.46499999999999997,0.225,5
jfreereport.csv,0.345,0.72,0.095,9
kml.csv,0.9299999999999999,0.335,0.81,2
ng4j.csv,0.525,0.53,0.26,7
pcsx2.csv,0.59,0.42500000000000004,0.21,8
wxjs.csv,0.0,0.0,0.02,1
