,recall,precision,pf,wins
alembik.csv,0.21,0.675,0.10500000000000001,7
arsenal-1.csv,0.265,0.61,0.16,6
barracudamvc.csv,0.9450000000000001,0.44499999999999995,0.935,0
irplus.csv,0.5249999999999999,0.5900000000000001,0.425,5
lite.csv,0.195,0.825,0.065,9
mevenide.csv,0.645,0.565,0.54,4
ontopia.csv,0.85,0.46499999999999997,0.89,1
openintents.csv,0.41,0.735,0.2,8
ta3d.csv,0.8200000000000001,0.46,0.78,2
tweetsharp.csv,0.65,0.47,0.625,3
