,recall,precision,pf,wins
agilitybook.csv,0.575,0.145,0.225,5
apolloplayer.csv,0.665,0.145,0.5549999999999999,1
k3d.csv,0.085,0.19,0.09,6
kowari.csv,0.4,0.16999999999999998,0.305,3
redshell.csv,0.365,0.10500000000000001,0.4,0
rtb-team.csv,0.14,0.16,0.13,4
xreal.csv,0.26,0.11,0.125,2
