,recall,precision,pf,wins
atomsite.csv,0.57,0.45999999999999996,0.445,5
betoffice.csv,0.215,0.5549999999999999,0.15500000000000003,8
bnetd.csv,0.885,0.46499999999999997,0.715,1
graphmak.csv,0.185,0.645,0.060000000000000005,9
hazelcast.csv,0.905,0.455,0.685,3
megasquirtavr.csv,0.785,0.48,0.615,4
pdfedit.csv,0.44,0.42500000000000004,0.37,2
stajistics.csv,0.45499999999999996,0.52,0.245,7
twostep.csv,0.64,0.475,0.425,6
xharbour.csv,0.745,0.41000000000000003,0.63,0
