,recall,precision,pf,wins
logicmail.csv,0.9550000000000001,0.6799999999999999,0.65,0
mclient-mume.csv,0.46,0.845,0.08,1
