,recall,precision,pf,pci_20,ifa,wins
acegisecurity.csv,0.65,0.46499999999999997,0.32499999999999996,0.53,235.5,3
ppcboot.csv,0.99,0.36,0.945,0.41500000000000004,147.75,2
simplewebservices.csv,0.75,0.385,0.455,0.44,238.5,0
uwom.csv,0.735,0.48,0.315,0.59,98.25,4
wow-qrsk.csv,0.45999999999999996,0.55,0.195,0.605,96.0,5
wxstudio.csv,0.32499999999999996,0.275,0.55,0.565,149.25,1
