,recall,precision,pf,wins
atomsite.csv,0.5349999999999999,0.515,0.41500000000000004,6
betoffice.csv,0.325,0.385,0.26,1
bnetd.csv,0.71,0.45499999999999996,0.44999999999999996,5
graphmak.csv,0.185,0.59,0.08,8
hazelcast.csv,0.915,0.44999999999999996,0.79,3
megasquirtavr.csv,0.96,0.49,0.9550000000000001,2
pdfedit.csv,0.37,0.635,0.26,9
stajistics.csv,0.5,0.54,0.3,7
twostep.csv,0.36,0.505,0.30500000000000005,4
xharbour.csv,0.915,0.43,0.915,0
