,recall,precision,pf,pci_20,ifa,wins
dataobjectsdotnet.csv,0.445,0.5549999999999999,0.245,0.72,0.0,3
img-browse-sort.csv,0.6950000000000001,0.595,0.395,0.49,2.0,1
pcsx2.csv,0.735,0.5700000000000001,0.41500000000000004,0.46499999999999997,0.5,2
xstore.csv,0.725,0.53,0.565,0.4,0.0,0
