,f1,g,recall,precision,pf,wins
dataobjectsdotnet.csv,0.475,0.26,0.445,0.5549999999999999,0.245,0
img-browse-sort.csv,0.6799999999999999,0.665,0.6950000000000001,0.595,0.395,3
pcsx2.csv,0.585,0.64,0.735,0.5700000000000001,0.41500000000000004,2
xstore.csv,0.58,0.65,0.725,0.53,0.565,1
