,recall,precision,pf,pci_20,ifa,wins
calcubetimer.csv,0.44499999999999995,0.36,0.245,0.5249999999999999,98.5,1
chaperon.csv,0.33999999999999997,0.49,0.27,0.7649999999999999,137.75,4
mule.csv,0.45499999999999996,0.55,0.135,0.495,97.0,5
nunit.csv,0.51,0.47,0.345,0.54,97.0,2
springside.csv,0.5900000000000001,0.5549999999999999,0.3,0.46499999999999997,197.25,3
swtfox.csv,0.55,0.46499999999999997,0.635,0.595,294.0,0
