,recall,precision,pf,pci_20,ifa,wins
jsidplay2.csv,0.7350000000000001,0.9299999999999999,0.2,0.5549999999999999,98.25,0
m-m-m.csv,0.74,0.8300000000000001,0.525,0.6,97.5,1
