,f1,g,recall,precision,pf,wins
ardour.csv,0.535,0.55,0.55,0.71,0.325,5
cornerstone.csv,0.495,0.395,0.35,0.745,0.19,0
frogatto.csv,0.675,0.5249999999999999,0.905,0.63,0.77,4
novembre.csv,0.54,0.515,0.485,0.6599999999999999,0.275,2
ns-3.csv,0.665,0.575,0.7949999999999999,0.63,0.725,3
open-beos.csv,0.65,0.62,0.6599999999999999,0.71,0.305,7
planeshift.csv,0.6000000000000001,0.555,0.725,0.5700000000000001,0.625,1
sbml.csv,0.7,0.69,0.785,0.645,0.525,6
