,recall,precision,pf,wins
boost.csv,0.6950000000000001,0.505,0.44,2
etics.csv,0.53,0.645,0.23,7
genecys.csv,0.72,0.39,0.735,0
kftpgrabber.csv,0.245,0.59,0.11,4
kvs.csv,0.355,0.49,0.24,1
mcore3d.csv,0.5,0.5700000000000001,0.355,3
ogrehg.csv,0.675,0.565,0.31,6
projecteqemu.csv,0.55,0.5800000000000001,0.255,5
