,recall,precision,pf,pci_20,ifa,wins
glelite.csv,0.96,0.915,0.415,0.42000000000000004,98.75,0
jmol.csv,0.7949999999999999,0.9450000000000001,0.315,0.46499999999999997,98.75,1
