,recall,precision,pf,pci_20,ifa,wins
chaosrts.csv,0.74,0.45999999999999996,0.39,0.47,98.75,5
lazarus-ccr.csv,0.7250000000000001,0.42,0.65,0.505,98.75,2
lcfizvtop.csv,0.45,0.42,0.38,0.41000000000000003,140.0,1
migen.csv,0.345,0.425,0.2,0.6399999999999999,124.0,3
mvnforum.csv,0.375,0.33,0.31,0.685,176.0,0
plplot.csv,0.67,0.49,0.5800000000000001,0.455,98.75,4
