,recall,precision,pf,wins
autoopencas.csv,0.41500000000000004,0.42000000000000004,0.33499999999999996,1
pcgen.csv,1.0,0.42500000000000004,0.935,0
selenium.csv,0.63,0.555,0.355,2
tolven.csv,0.36,0.635,0.115,3
