,recall,precision,pf,wins
adaptagrams.csv,0.605,0.305,0.255,5
aime.csv,0.495,0.345,0.43000000000000005,3
badtrinitycore.csv,0.43,0.315,0.23500000000000001,4
electric-core.csv,0.77,0.32499999999999996,0.61,2
geochat.csv,0.37,0.29000000000000004,0.28500000000000003,0
olsrd.csv,0.6799999999999999,0.28500000000000003,0.44999999999999996,1
