,recall,precision,pf,pci_20,ifa,wins
abbot.csv,0.87,0.32,0.77,0.435,286.5,0
jicarilla.csv,0.015,0.2,0.035,0.49,82.5,2
optalgtoolkit.csv,0.56,0.47,0.605,0.5700000000000001,219.0,4
ossim.csv,0.36,0.41500000000000004,0.305,0.56,188.5,7
projectts.csv,0.6,0.29000000000000004,0.53,0.535,286.5,1
sabbu.csv,0.43,0.275,0.26,0.5800000000000001,142.5,5
vxl.csv,0.43,0.33,0.27,0.595,194.25,6
zact.csv,0.565,0.32,0.345,0.62,240.5,3
