,recall,precision,pf,pci_20,ifa,wins
kmess.csv,0.31,0.5,0.16999999999999998,0.8,143.0,5
minig.csv,0.6950000000000001,0.4,0.775,0.495,196.5,0
ossbuild.csv,0.56,0.405,0.30000000000000004,0.5800000000000001,143.0,4
rezilla.csv,0.49,0.46499999999999997,0.245,0.66,178.0,3
rocrail.csv,0.625,0.485,0.53,0.37,191.5,1
webdriver.csv,0.5549999999999999,0.37,0.275,0.47,143.0,2
