,recall,precision,pf,pci_20,ifa,wins
calcubetimer.csv,0.445,0.28,0.215,0.51,1.0,1
chaperon.csv,0.37,0.41500000000000004,0.35,0.8,0.0,5
mule.csv,0.465,0.345,0.32499999999999996,0.59,2.5,0
nunit.csv,0.41000000000000003,0.445,0.33499999999999996,0.56,1.0,2
springside.csv,0.75,0.455,0.42500000000000004,0.395,1.0,3
swtfox.csv,0.635,0.44999999999999996,0.66,0.61,0.0,4
