,recall,precision,pf,wins
kmess.csv,0.655,0.365,0.45,2
minig.csv,0.37,0.43,0.33999999999999997,1
ossbuild.csv,0.445,0.68,0.115,5
rezilla.csv,0.7949999999999999,0.445,0.6950000000000001,0
rocrail.csv,0.14,0.76,0.035,4
webdriver.csv,0.53,0.52,0.21000000000000002,3
