,recall,precision,pf,wins
genecys.csv,0.9450000000000001,0.735,0.5,1
google-caja.csv,0.835,0.835,0.41500000000000004,3
itext.csv,0.8799999999999999,0.855,0.48,2
plee-the-bear.csv,0.645,0.76,0.59,0
