,recall,precision,pf,wins
abbot.csv,0.6,0.29,0.475,4
haphazard.csv,0.11,0.345,0.12,8
jicarilla.csv,0.11499999999999999,0.22,0.14,2
ondex.csv,0.36,0.27,0.265,5
optalgtoolkit.csv,0.87,0.38,0.76,3
ossim.csv,0.0,0.0,0.0,1
projectts.csv,0.655,0.33999999999999997,0.46499999999999997,7
sabbu.csv,0.6599999999999999,0.325,0.475,6
vxl.csv,0.21000000000000002,0.39,0.21000000000000002,9
zact.csv,0.0,0.0,0.005,0
