,recall,precision,pf,wins
encog-java.csv,0.09,0.41500000000000004,0.035,3
fluent-nhibernate.csv,0.29000000000000004,0.345,0.125,2
h2database.csv,0.61,0.45499999999999996,0.195,5
jaql.csv,0.575,0.385,0.21000000000000002,4
raven-monitoring.csv,0.385,0.295,0.315,1
v8.csv,0.6950000000000001,0.25,0.44,0
