,recall,precision,pf,wins
gwanted.csv,0.14,0.7949999999999999,0.055,7
ivatamasks.csv,0.65,0.53,0.49,3
orc.csv,0.315,0.635,0.275,5
plato.csv,0.775,0.52,0.84,1
rodin-b-sharp.csv,0.355,0.825,0.16499999999999998,9
umber.csv,0.265,0.71,0.2,6
unicase.csv,0.685,0.56,0.545,4
uwom.csv,0.5449999999999999,0.775,0.31,8
vienna-add-in.csv,0.63,0.54,0.575,2
wpdev.csv,1.0,0.515,1.0,0
