,recall,precision,pf,wins
codeblocks.csv,0.5,0.5449999999999999,0.4,8
emulemorph.csv,0.05,0.5700000000000001,0.015,9
fulguro.csv,0.065,0.53,0.06,6
fw4spl.csv,0.385,0.52,0.38,4
gnome-jabber.csv,0.9,0.445,0.895,0
ipfilter.csv,0.8200000000000001,0.45499999999999996,0.78,1
ipfire-wall.csv,0.375,0.575,0.25,10
libmesh.csv,0.19,0.525,0.245,5
rockbox.csv,0.4,0.54,0.32,7
soar.csv,0.86,0.45,0.73,2
tencompetence.csv,0.23,0.475,0.18,3
xbrlapi.csv,0.53,0.6,0.365,11
