,recall,precision,pf,pci_20,ifa,wins
poormans.csv,0.53,0.325,0.36500000000000005,0.45999999999999996,312.0,1
tradelink.csv,0.4,0.2,0.42000000000000004,0.75,641.25,0
