,f1,g,recall,precision,pf,wins
arianne.csv,0.6499999999999999,0.315,0.8400000000000001,0.58,0.905,1
jlinalg.csv,0.525,0.555,0.635,0.495,0.45999999999999996,2
knowledge.csv,0.58,0.605,0.755,0.545,0.265,4
massiv.csv,0.1,0.06999999999999999,0.060000000000000005,0.355,0.0,0
playerstage.csv,0.615,0.6699999999999999,0.735,0.6499999999999999,0.33999999999999997,5
ultimairis.csv,0.59,0.61,0.605,0.58,0.31,3
