,recall,precision,pf,pci_20,ifa,wins
freewrl.csv,0.8300000000000001,0.585,0.59,0.38,234.75,0
silvertree.csv,0.88,0.6000000000000001,0.625,0.43500000000000005,145.75,1
