,recall,precision,pf,pci_20,ifa,wins
jmol.csv,0.86,0.47000000000000003,0.6699999999999999,0.38,1366.75,0
papertoolkit.csv,0.595,0.515,0.185,0.845,215.0,1
