,recall,precision,pf,pci_20,ifa,wins
bacula.csv,0.645,0.445,0.46499999999999997,0.44,242.25,1
jajuk.csv,0.815,0.525,0.56,0.36,197.0,2
vapor.csv,0.7150000000000001,0.405,0.625,0.53,286.5,0
zorannt.csv,0.395,0.56,0.18,0.5700000000000001,143.25,3
