,recall,precision,pf,wins
adaptagrams.csv,0.28500000000000003,0.29000000000000004,0.09,6
aime.csv,0.7,0.275,0.495,4
badtrinitycore.csv,0.20500000000000002,0.36,0.08,7
electric-core.csv,0.52,0.245,0.425,1
geochat.csv,0.6799999999999999,0.295,0.5449999999999999,3
mumble.csv,0.32999999999999996,0.25,0.175,5
olsrd.csv,0.845,0.265,0.6599999999999999,2
t-2.csv,0.37,0.23,0.31999999999999995,0
