,recall,precision,pf,wins
abbot.csv,0.43,0.32,0.365,3
jicarilla.csv,0.05,0.5,0.025,7
optalgtoolkit.csv,0.72,0.42500000000000004,0.66,1
ossim.csv,0.015,0.3,0.0,5
projectts.csv,0.6699999999999999,0.385,0.575,2
sabbu.csv,0.535,0.38,0.375,6
vxl.csv,0.505,0.44500000000000006,0.495,4
zact.csv,0.0,0.0,0.0,0
