,recall,precision,pf,wins
adaptagrams.csv,0.355,0.405,0.175,8
aime.csv,0.675,0.32,0.53,3
badtrinitycore.csv,0.15500000000000003,0.375,0.095,7
electric-core.csv,0.535,0.275,0.525,1
geochat.csv,0.39,0.32499999999999996,0.29500000000000004,4
mumble.csv,0.43,0.5,0.195,9
olsrd.csv,0.845,0.30000000000000004,0.635,2
silvertree.csv,0.445,0.365,0.33499999999999996,5
skia.csv,0.375,0.355,0.22,6
t-2.csv,0.24,0.22,0.385,0
