,recall,precision,pf,wins
autoopencas.csv,0.12,0.26,0.205,0
pcgen.csv,0.655,0.61,0.21000000000000002,2
selenium.csv,0.5349999999999999,0.44499999999999995,0.315,1
tolven.csv,0.39,0.76,0.11,3
