,f1,g,recall,precision,pf,wins
dataobjectsdotnet.csv,0.44499999999999995,0.37,0.44999999999999996,0.55,0.29000000000000004,0
img-browse-sort.csv,0.585,0.585,0.555,0.6,0.28,3
pcsx2.csv,0.525,0.575,0.5800000000000001,0.5800000000000001,0.33499999999999996,1
xstore.csv,0.59,0.645,0.695,0.575,0.51,2
