,recall,precision,pf,wins
genoviz.csv,0.11499999999999999,0.9450000000000001,0.02,5
irrlicht.csv,1.0,0.39,1.0,0
qedo.csv,0.16499999999999998,0.26,0.245,1
qse.csv,0.665,0.63,0.67,3
toped.csv,0.755,0.365,0.645,2
truevision.csv,0.575,0.7250000000000001,0.31,4
