,recall,precision,pf,pci_20,ifa,wins
atomsite.csv,0.6699999999999999,0.51,0.545,0.375,1.5,5
bullet.csv,0.605,0.38,0.485,0.485,3.0,1
openintents.csv,0.71,0.45499999999999996,0.775,0.44,2.5,3
pokenetonline.csv,0.8500000000000001,0.38,0.815,0.385,3.5,0
tktoolkit.csv,0.735,0.39,0.5700000000000001,0.495,1.5,4
zealos.csv,0.245,0.37,0.22499999999999998,0.74,4.0,2
