,recall,precision,pf,pci_20,ifa,wins
alsa.csv,0.715,0.6,0.405,0.49,194.5,4
arcallians.csv,0.6399999999999999,0.54,0.29500000000000004,0.64,196.75,6
arianne.csv,0.95,0.505,0.9299999999999999,0.45,198.0,0
cortex-vfx.csv,0.4,0.64,0.19,0.66,146.0,7
mbse.csv,0.635,0.475,0.63,0.455,147.5,1
multitude.csv,0.79,0.585,0.555,0.435,246.5,2
phonon-vlc-mplayer.csv,0.51,0.66,0.245,0.595,240.0,5
qgis.csv,0.495,0.47000000000000003,0.315,0.5,98.25,3
