,recall,precision,pf,wins
empserver.csv,0.525,0.665,0.44,6
enlightenment.csv,0.49,0.655,0.32499999999999996,7
ffigo.csv,0.7949999999999999,0.5549999999999999,0.655,3
ildjit.csv,0.07500000000000001,0.42500000000000004,0.06,5
jfreereport.csv,0.505,0.55,0.59,1
psycle.csv,0.835,0.5700000000000001,0.66,4
wikipediardware.csv,0.845,0.5700000000000001,0.72,2
wxjs.csv,0.0,0.0,0.0,0
