,recall,precision,pf,wins
atomsite.csv,0.445,0.635,0.15000000000000002,5
bullet.csv,0.735,0.41500000000000004,0.62,0
openintents.csv,0.365,0.5800000000000001,0.115,3
pokenetonline.csv,0.6699999999999999,0.485,0.24,4
tktoolkit.csv,0.625,0.5349999999999999,0.43,2
zealos.csv,0.635,0.5249999999999999,0.59,1
