,recall,precision,pf,wins
adobe-source.csv,0.225,0.565,0.04,9
ibatisdb.csv,0.22,0.20500000000000002,0.27,3
jmol.csv,0.64,0.265,0.45999999999999996,4
liferea.csv,0.36,0.27,0.265,5
log4net.csv,0.0,0.0,0.0,2
pclasses.csv,0.05,0.08,0.18,0
psrchive.csv,0.11,0.47,0.11,8
re2c.csv,0.32999999999999996,0.32,0.25,6
tycho.csv,0.595,0.27,0.27999999999999997,7
xfce.csv,0.855,0.22999999999999998,0.775,1
