,recall,precision,pf,pci_20,ifa,wins
boost.csv,0.72,0.535,0.42,0.435,195.5,1
etics.csv,0.53,0.6399999999999999,0.195,0.5,98.0,6
genecys.csv,0.765,0.375,0.775,0.505,192.5,0
kftpgrabber.csv,0.26,0.65,0.125,0.645,98.0,7
kvs.csv,0.385,0.51,0.255,0.61,120.5,4
mcore3d.csv,0.71,0.575,0.355,0.425,192.5,2
ogrehg.csv,0.685,0.55,0.31,0.47,144.75,3
projecteqemu.csv,0.52,0.5900000000000001,0.26,0.53,98.0,5
