,f1,g,recall,precision,pf,wins
ambulant.csv,0.45999999999999996,0.56,0.7,0.33499999999999996,0.675,1
ingex.csv,0.385,0.475,0.555,0.32999999999999996,0.44999999999999996,0
jgnash.csv,0.49,0.61,0.65,0.43,0.41000000000000003,5
mp-rechnungs-und-kundenverwaltung.csv,0.445,0.46499999999999997,0.425,0.475,0.3,3
openefm.csv,0.485,0.59,0.63,0.4,0.33999999999999997,4
yarp0.csv,0.48,0.545,0.62,0.35,0.585,2
