,f1,g,recall,precision,pf,cdom,bellwether
1,0.38,0.43,0.325,0.43,0.55,7.0,forester-atv.csv
10,0.7749999999999999,0.305,0.305,0.32,0.425,1.0,atunes.csv
13,0.6950000000000001,0.275,0.29,0.43,0.56,9.0,acegisecurity.csv
27,0.835,0.31000000000000005,0.28,0.33,0.405,5.0,hibernate.csv
34,0.65,0.325,0.25,0.29,0.43,16.0,sepgsql.csv
52,0.785,0.5,0.43,0.4,0.47,17.0,qcad2.csv
24,0.815,0.605,0.51,0.52,0.62,1.0,magicwars.csv
25,0.51,0.48,0.385,0.48,0.55,3.0,personalaccess.csv
26,0.83,0.705,0.58,0.565,0.58,0.0,xmemcached.csv
