,f1,g,recall,precision,pf,cdom,bellwether
1,0.55,0.55,0.395,0.5,0.6,7.0,openefm.csv
10,0.545,0.27,0.175,0.41000000000000003,0.485,1.0,emftriple.csv
13,0.625,0.33,0.325,0.41,0.5,9.0,quarkplusplus.csv
27,0.48,0.335,0.25,0.275,0.36,4.0,h2database.csv
33,0.635,0.48,0.36,0.43,0.51,17.0,projecteqemu.csv
52,0.275,0.365,0.275,0.31,0.41,13.0,jvcl.csv
24,0.735,0.5900000000000001,0.5900000000000001,0.49,0.5900000000000001,1.0,javagroups.csv
25,0.42,0.43,0.42,0.53,0.54,2.0,pentahoanalysistool.csv
26,0.57,0.5549999999999999,0.54,0.5549999999999999,0.57,0.0,xmemcached.csv
