,recall,precision,pf,wins
bacula.csv,0.7949999999999999,0.825,0.155,0
jajuk.csv,0.925,0.8300000000000001,0.45,1
