,recall,precision,pf,wins
chaosrts.csv,0.9,0.395,0.7050000000000001,1
lazarus-ccr.csv,0.6799999999999999,0.31,0.565,0
lcfizvtop.csv,0.47,0.495,0.16999999999999998,4
migen.csv,0.26,0.485,0.16999999999999998,3
mvnforum.csv,0.20500000000000002,0.56,0.09000000000000001,5
plplot.csv,0.8,0.47,0.64,2
