,recall,precision,pf,wins
cortex-vfx.csv,0.46499999999999997,0.635,0.32,9
empserver.csv,0.485,0.5700000000000001,0.395,6
enlightenment.csv,0.48,0.485,0.365,5
ffigo.csv,0.54,0.525,0.355,8
ildjit.csv,0.06,0.53,0.05,7
jfreereport.csv,0.645,0.505,0.7150000000000001,2
mplayer-ce.csv,0.8,0.53,0.87,1
psycle.csv,0.745,0.53,0.605,4
wikipediardware.csv,0.79,0.485,0.715,3
wxjs.csv,0.0,0.0,0.0,0
