,recall,precision,pf,wins
atlc.csv,0.71,0.33499999999999996,0.675,0
miranda-icq.csv,0.585,0.415,0.515,5
pclasses.csv,0.08499999999999999,0.33,0.17,3
pfaedit.csv,0.41000000000000003,0.41500000000000004,0.14,10
rockbox.csv,0.69,0.385,0.385,8
theresa.csv,0.51,0.38,0.31,6
thrust.csv,0.08499999999999999,0.28,0.1,1
tktoolkit.csv,0.36,0.355,0.42500000000000004,2
trinitycore.csv,0.445,0.4,0.22499999999999998,9
tzod.csv,0.5900000000000001,0.375,0.46,4
yaprm.csv,0.365,0.385,0.235,7
