,recall,precision,pf,wins
all-plasm.csv,0.61,0.4,0.66,1
archive-crawler.csv,0.22,0.535,0.14,10
blue-c.csv,0.565,0.43,0.485,2
dynalloy.csv,0.565,0.5,0.395,7
jcae.csv,0.005,0.085,0.0,0
kmatplot.csv,0.235,0.5700000000000001,0.15,11
mscore.csv,0.675,0.415,0.49,3
nosleepsoftware.csv,0.26,0.39,0.135,4
openmalaria.csv,0.635,0.43999999999999995,0.41000000000000003,5
popeye-chess.csv,0.51,0.455,0.31000000000000005,9
riff-evolve.csv,0.655,0.455,0.42,6
virtuoso.csv,0.6599999999999999,0.44,0.4,8
