,recall,precision,pf,pci_20,ifa,wins
benojt.csv,1.0,0.46499999999999997,0.965,0.35,98.75,2
jahshaka.csv,0.5800000000000001,0.45999999999999996,0.385,0.52,205.25,0
jam-daq.csv,0.53,0.5349999999999999,0.19,0.5700000000000001,98.5,5
jatlas.csv,0.6950000000000001,0.48,0.485,0.4,98.75,3
jedit.csv,0.915,0.45999999999999996,0.975,0.385,98.75,1
open-media-library.csv,0.72,0.52,0.455,0.45499999999999996,98.5,4
