,recall,precision,pf,wins
fido.csv,0.01,0.5,0.0,6
fityk.csv,0.37,0.29000000000000004,0.25,1
freenet.csv,0.78,0.31000000000000005,0.65,0
geogebra.csv,0.39,0.48,0.16999999999999998,7
hibernate.csv,0.395,0.42000000000000004,0.29500000000000004,3
itext.csv,0.305,0.5549999999999999,0.11499999999999999,8
k3b.csv,0.75,0.36,0.45999999999999996,2
lamp.csv,0.1,0.62,0.04,9
megameknet.csv,0.645,0.49,0.485,4
thout.csv,0.275,0.435,0.195,5
