,recall,precision,pf,wins
benojt.csv,1.0,0.47,0.9299999999999999,0
jahshaka.csv,0.335,0.7649999999999999,0.07,5
jam-daq.csv,0.28500000000000003,0.56,0.12,2
jatlas.csv,0.04,0.5700000000000001,0.05,1
jedit.csv,0.47,0.565,0.21500000000000002,3
open-media-library.csv,0.505,0.585,0.25,4
