,recall,precision,pf,pci_20,ifa,wins
amanda.csv,0.64,0.47,0.44,0.535,244.25,5
empyrean.csv,0.0,0.0,0.0,0.0,0.0,0
impala.csv,0.59,0.385,0.5549999999999999,0.575,193.75,4
multitude.csv,0.875,0.46499999999999997,0.7849999999999999,0.435,288.5,2
nutz.csv,0.625,0.435,0.63,0.545,337.25,1
pi-qmc.csv,0.615,0.5549999999999999,0.435,0.435,291.0,3
