,recall,precision,pf,pci_20,ifa,wins
empserver.csv,0.585,0.6399999999999999,0.365,0.48,99.0,7
enlightenment.csv,1.0,0.475,1.0,0.425,198.0,1
ildjit.csv,0.18,0.495,0.175,0.9450000000000001,272.25,5
jfreereport.csv,0.17,0.545,0.125,0.86,273.25,6
lufa-lib.csv,0.485,0.62,0.36,0.765,456.25,4
pcsx2.csv,0.705,0.495,0.385,0.51,193.75,3
psycle.csv,0.775,0.495,0.6950000000000001,0.395,343.5,0
wxjs.csv,0.04,0.4,0.02,0.75,125.75,2
