,recall,precision,pf,wins
boost.csv,0.445,0.47000000000000003,0.395,3
ffigo.csv,0.35,0.315,0.21500000000000002,4
ildjit.csv,0.235,0.41000000000000003,0.2,5
proftp.csv,0.405,0.535,0.225,8
skia.csv,0.535,0.5,0.315,7
tencompetence.csv,0.135,0.215,0.345,0
theresa.csv,0.455,0.41500000000000004,0.255,6
wxjs.csv,0.005,0.085,0.02,1
xstore.csv,0.655,0.365,0.445,2
