,recall,precision,pf,pci_20,ifa,wins
arianne.csv,0.8400000000000001,0.58,0.905,0.425,148.5,2
jlinalg.csv,0.75,0.425,0.66,0.435,246.25,0
knowledge.csv,0.765,0.525,0.38,0.43,99.0,4
massiv.csv,0.055,0.33499999999999996,0.0,0.415,62.0,1
playerstage.csv,0.62,0.63,0.29500000000000004,0.5,246.75,5
ultimairis.csv,0.6799999999999999,0.62,0.505,0.45499999999999996,197.5,3
