,recall,precision,pf,wins
benojt.csv,1.0,0.45499999999999996,0.99,0
jahshaka.csv,0.635,0.52,0.495,1
jam-daq.csv,0.46,0.585,0.24,4
jatlas.csv,0.095,0.915,0.01,5
jedit.csv,0.62,0.54,0.38,2
open-media-library.csv,0.46499999999999997,0.545,0.23,3
