,recall,precision,pf,pci_20,ifa,wins
bacula.csv,0.7749999999999999,0.41500000000000004,0.51,0.41,198.0,0
jajuk.csv,0.8200000000000001,0.52,0.565,0.35,197.0,2
vapor.csv,0.215,0.385,0.15500000000000003,0.765,180.5,3
zorannt.csv,0.635,0.515,0.39,0.475,243.0,1
