,recall,precision,pf,wins
benojt.csv,1.0,0.46499999999999997,0.965,0
jahshaka.csv,0.63,0.45999999999999996,0.44999999999999996,2
jam-daq.csv,0.39,0.555,0.115,5
jatlas.csv,0.6950000000000001,0.45999999999999996,0.555,1
jedit.csv,0.77,0.495,0.765,3
open-media-library.csv,0.705,0.49,0.47,4
