,f1,g,recall,precision,pf,wins
calcubetimer.csv,0.35,0.395,0.435,0.30000000000000004,0.225,1
chaperon.csv,0.405,0.35,0.35,0.43000000000000005,0.245,2
mule.csv,0.365,0.525,0.475,0.43,0.265,4
nunit.csv,0.35,0.43500000000000005,0.395,0.455,0.23,3
springside.csv,0.575,0.625,0.755,0.48,0.445,5
swtfox.csv,0.3,0.41500000000000004,0.395,0.43500000000000005,0.38,0
