,recall,precision,pf,pci_20,ifa,wins
freewrl.csv,0.8300000000000001,0.57,0.61,0.39,194.5,0
silvertree.csv,0.8200000000000001,0.605,0.595,0.44500000000000006,96.5,1
