,f1,g,recall,precision,pf,wins
bwapi.csv,0.69,0.225,0.9299999999999999,0.5800000000000001,0.9199999999999999,1
cities3d.csv,0.27,0.26,0.21999999999999997,0.74,0.125,0
img-browse-sort.csv,0.625,0.64,0.73,0.645,0.565,4
levent.csv,0.655,0.625,0.7,0.7050000000000001,0.465,7
pnotepad.csv,0.685,0.54,0.85,0.6599999999999999,0.5900000000000001,6
selenium.csv,0.62,0.595,0.575,0.675,0.325,5
somap.csv,0.675,0.45,0.935,0.6000000000000001,0.845,2
xemeiah.csv,0.605,0.5249999999999999,0.69,0.615,0.525,3
