,recall,precision,pf,wins
bacula.csv,0.7749999999999999,0.41500000000000004,0.51,0
jajuk.csv,0.8200000000000001,0.52,0.565,2
vapor.csv,0.215,0.385,0.15500000000000003,1
zorannt.csv,0.635,0.515,0.39,3
