,recall,precision,pf,wins
empserver.csv,0.59,0.6,0.41500000000000004,7
enlightenment.csv,0.615,0.5,0.48,3
ildjit.csv,0.05,0.45499999999999996,0.05,6
jfreereport.csv,0.5349999999999999,0.525,0.58,1
lufa-lib.csv,0.44499999999999995,0.515,0.31,5
pcsx2.csv,0.69,0.51,0.46,4
psycle.csv,0.73,0.475,0.59,2
wxjs.csv,0.0,0.0,0.0,0
