,recall,precision,pf,pci_20,ifa,wins
geotools.csv,0.855,0.48,0.64,0.44499999999999995,1.0,1
l2j.csv,0.545,0.515,0.36,0.495,0.5,3
mule.csv,0.35,0.505,0.32,0.52,1.0,2
springside.csv,0.7050000000000001,0.61,0.38,0.39,1.0,5
swtfox.csv,0.43999999999999995,0.47,0.45999999999999996,0.8,0.0,4
twostep.csv,0.845,0.5,0.645,0.42000000000000004,1.5,0
