,recall,precision,pf,wins
bzbyte.csv,0.84,0.35,0.585,0
columba.csv,0.655,0.565,0.315,3
emftriple.csv,0.01,0.08,0.0,1
fluent-nhibernate.csv,0.105,0.9199999999999999,0.005,5
gpsmid.csv,0.5800000000000001,0.5,0.235,4
xamj.csv,0.61,0.525,0.35,2
