,recall,precision,pf,wins
autoopencas.csv,0.33,0.39,0.275,1
pcgen.csv,0.85,0.42000000000000004,0.8400000000000001,0
selenium.csv,0.66,0.52,0.37,2
tolven.csv,0.475,0.645,0.215,3
