,recall,precision,pf,wins
boost.csv,0.5,0.43,0.41500000000000004,4
ffigo.csv,0.5449999999999999,0.32999999999999996,0.355,6
ildjit.csv,0.005,0.11,0.045,3
proftp.csv,0.28,0.37,0.27,5
skia.csv,0.41500000000000004,0.52,0.21000000000000002,8
tencompetence.csv,0.15000000000000002,0.215,0.22999999999999998,0
theresa.csv,0.0,0.0,0.0,1
wxjs.csv,0.0,0.0,0.0,1
xstore.csv,0.635,0.41000000000000003,0.415,7
