,recall,precision,pf,wins
avisynth2.csv,0.06,0.5,0.025,9
coot.csv,0.49,0.275,0.48,0
haggle.csv,0.405,0.45499999999999996,0.31999999999999995,6
ibatisdb.csv,0.23500000000000001,0.48,0.265,7
jas.csv,0.53,0.36,0.31000000000000005,5
mesa3d.csv,0.575,0.36,0.43,3
ngl.csv,0.8400000000000001,0.375,0.705,2
pustefix.csv,0.41500000000000004,0.46,0.315,8
scenemonitor.csv,0.185,0.28500000000000003,0.22000000000000003,1
wsmt.csv,0.15000000000000002,0.33999999999999997,0.125,4
