,recall,precision,pf,wins
applet2app.csv,0.78,0.41000000000000003,0.825,0
autowikibrowser.csv,0.58,0.495,0.27,10
cities3d.csv,0.38,0.33999999999999997,0.4,1
firebird.csv,0.665,0.46499999999999997,0.425,6
hydrogen.csv,0.345,0.52,0.125,8
lphant.csv,0.66,0.45999999999999996,0.495,3
qgo.csv,0.59,0.505,0.3,9
quickfast.csv,0.66,0.38,0.485,2
rhex.csv,0.49,0.47,0.195,7
rocrail.csv,0.36,0.75,0.11,11
xined.csv,0.3,0.49,0.16,5
yield.csv,0.855,0.435,0.605,4
