,recall,precision,pf,wins
fido.csv,0.0,0.0,0.0,1
fityk.csv,0.4,0.31,0.26,3
freenet.csv,0.5700000000000001,0.355,0.455,2
geogebra.csv,0.5900000000000001,0.5800000000000001,0.445,6
hibernate.csv,0.45,0.45,0.185,8
itext.csv,0.69,0.42000000000000004,0.45,4
k3b.csv,0.685,0.385,0.395,5
lamp.csv,0.27,0.685,0.08,9
megameknet.csv,0.495,0.49,0.31,7
thout.csv,0.61,0.43500000000000005,0.565,0
