,recall,precision,pf,pci_20,ifa,wins
alpine.csv,0.75,0.37,0.475,0.555,145.25,3
autat.csv,0.4,0.45499999999999996,0.14,0.865,213.0,4
critterding.csv,0.895,0.31,0.91,0.41500000000000004,193.5,0
fmri-dmt.csv,0.53,0.36,0.595,0.7,98.75,2
open-data-kit.csv,0.655,0.34,0.42000000000000004,0.525,241.5,1
reactos-mirror.csv,0.645,0.43000000000000005,0.36,0.525,98.75,5
