,recall,precision,pf,pci_20,ifa,wins
alembik.csv,0.165,0.675,0.05,0.8049999999999999,0.0,5
arsenal-1.csv,0.25,0.64,0.08499999999999999,0.58,0.5,4
barracudamvc.csv,0.885,0.41500000000000004,0.905,0.38,4.0,0
mevenide.csv,0.305,0.52,0.195,0.67,0.5,3
mumble.csv,0.625,0.435,0.525,0.46499999999999997,1.0,2
openintents.csv,0.6,0.425,0.655,0.53,3.0,1
