,recall,precision,pf,pci_20,ifa,wins
cleartk.csv,0.66,0.42000000000000004,0.5700000000000001,0.52,404.0,0
ibatisdb.csv,0.35,0.585,0.305,0.65,219.25,5
log4net.csv,0.24,0.54,0.185,0.7749999999999999,194.5,6
ofbiz.csv,0.77,0.575,0.665,0.46499999999999997,197.75,4
opensim4opencog.csv,0.485,0.5,0.33499999999999996,0.415,195.0,3
openwbem.csv,0.44,0.46,0.495,0.505,145.0,2
power-architect.csv,0.9450000000000001,0.46499999999999997,0.865,0.43,197.25,1
x-ray-mule.csv,0.165,0.52,0.245,0.85,148.5,7
