,recall,precision,pf,wins
jsidplay2.csv,0.9,0.8999999999999999,0.47500000000000003,0
m-m-m.csv,0.81,0.905,0.225,1
