,recall,precision,pf,pci_20,ifa,wins
crux-framework.csv,0.18,0.5,0.155,0.87,131.0,2
libtorrent.csv,0.935,0.63,0.75,0.405,98.75,1
moviesandbox.csv,0.755,0.7050000000000001,0.46,0.505,98.75,3
sigil.csv,0.835,0.76,0.38,0.435,98.5,5
xbg.csv,0.07500000000000001,0.39,0.175,0.905,147.75,0
xtreemfs.csv,0.9099999999999999,0.6799999999999999,0.435,0.46499999999999997,98.75,4
