,recall,precision,pf,pci_20,ifa,wins
columba.csv,0.7,0.35500000000000004,0.39,0.42000000000000004,197.0,1
emftriple.csv,0.165,0.39,0.16,0.96,335.75,2
fluent-nhibernate.csv,0.505,0.485,0.185,0.595,195.25,3
gpsmid.csv,0.8400000000000001,0.275,0.5,0.45999999999999996,247.25,0
