,recall,precision,pf,wins
abbot.csv,0.745,0.39,0.58,7
crisscross.csv,0.95,0.38,0.905,2
gabel.csv,0.41000000000000003,0.485,0.13,10
jguard.csv,0.51,0.395,0.495,5
jitterbit.csv,0.55,0.54,0.305,11
mycila.csv,0.715,0.42500000000000004,0.655,6
nova.csv,0.645,0.53,0.525,9
ontomorphtab.csv,0.67,0.33499999999999996,0.525,4
tmva.csv,0.775,0.315,0.74,1
vienna-add-in.csv,0.585,0.325,0.52,3
vrjuggler.csv,0.2,0.415,0.185,8
wpdev.csv,0.975,0.31000000000000005,0.9099999999999999,0
