,recall,precision,pf,wins
freenet.csv,0.685,0.46499999999999997,0.49,4
javagroups.csv,0.345,0.705,0.22999999999999998,7
jrefactory.csv,0.435,0.51,0.395,3
logicmail.csv,0.71,0.37,0.67,0
nodal.csv,0.38,0.5249999999999999,0.155,6
soar.csv,0.155,0.45499999999999996,0.19,2
taverna.csv,0.44999999999999996,0.49,0.435,1
web-cat.csv,0.21000000000000002,0.515,0.215,5
