,recall,precision,pf,pci_20,ifa,wins
calcubetimer.csv,0.425,0.26,0.22,0.485,1.0,0
chaperon.csv,0.39,0.41500000000000004,0.37,0.74,0.5,2
mule.csv,0.5549999999999999,0.46499999999999997,0.28,0.53,1.0,3
nunit.csv,0.485,0.455,0.30000000000000004,0.525,1.0,1
springside.csv,0.51,0.54,0.315,0.495,0.0,5
swtfox.csv,0.55,0.445,0.65,0.645,0.0,4
