,recall,precision,pf,wins
kmess.csv,0.375,0.30000000000000004,0.165,1
minig.csv,0.7050000000000001,0.6100000000000001,0.525,4
ossbuild.csv,0.5800000000000001,0.59,0.245,5
rezilla.csv,0.855,0.41500000000000004,0.895,0
rocrail.csv,0.14500000000000002,0.5900000000000001,0.065,3
webdriver.csv,0.645,0.4,0.325,2
