,recall,precision,pf,wins
jnode.csv,0.5249999999999999,0.14,0.26,0
openmeetings.csv,0.8600000000000001,0.25,0.375,1
