,recall,precision,pf,wins
alpine.csv,0.175,0.655,0.035,7
biodwh.csv,0.095,0.64,0.025,6
brlcad.csv,0.47,0.41500000000000004,0.6,0
critterding.csv,0.425,0.355,0.29000000000000004,3
jmri.csv,0.685,0.39,0.5549999999999999,2
nabu-library.csv,0.725,0.435,0.5349999999999999,4
popeye-chess.csv,0.405,0.45499999999999996,0.26,5
yarp.csv,0.175,0.33999999999999997,0.2,1
