,recall,precision,pf,wins
arcallians.csv,0.48,0.7050000000000001,0.19,2
jlinalg.csv,0.8500000000000001,0.59,0.625,0
qmmp.csv,0.565,0.7949999999999999,0.245,3
yale.csv,0.585,0.705,0.44499999999999995,1
