,recall,precision,pf,wins
acegisecurity.csv,0.6,0.4,0.46,7
gdis.csv,0.8300000000000001,0.355,0.76,1
kml.csv,0.69,0.495,0.37,11
ppcboot.csv,0.6599999999999999,0.4,0.515,6
repositorium.csv,0.44999999999999996,0.415,0.545,2
rsyslog.csv,0.6699999999999999,0.41500000000000004,0.37,9
simplewebservices.csv,0.525,0.38,0.425,5
ultimairis.csv,0.635,0.39,0.515,4
wow-qrsk.csv,0.37,0.505,0.275,10
wxstudio.csv,0.35,0.33999999999999997,0.325,3
xbg.csv,0.185,0.41,0.185,8
xqilla.csv,0.0,0.0,0.0,0
