,recall,precision,pf,wins
bloodycore.csv,0.1,0.5700000000000001,0.07500000000000001,7
flylegacy.csv,0.76,0.485,0.495,4
jguard.csv,0.635,0.48,0.565,2
m-a-d-n-e-s-s.csv,0.31,0.65,0.16999999999999998,8
mob-sen-plat.csv,0.4,0.375,0.455,0
raygina.csv,0.405,0.485,0.3,5
st-filteredstatistics.csv,0.615,0.44,0.515,1
upp-mirror.csv,0.31000000000000005,0.485,0.175,6
wishmaster.csv,0.19,0.39,0.18,3
yarp.csv,0.255,0.665,0.14500000000000002,9
