,recall,precision,pf,pci_20,ifa,wins
thrust.csv,0.44499999999999995,0.33,0.27,0.7450000000000001,192.5,1
trinitycore.csv,0.43,0.31,0.3,0.575,193.25,0
