,f1,g,recall,precision,pf,wins
freewrl.csv,0.6599999999999999,0.62,0.81,0.575,0.5650000000000001,1
silvertree.csv,0.71,0.45,0.86,0.63,0.58,0
