,recall,precision,pf,pci_20,ifa,wins
freewrl.csv,0.81,0.575,0.5650000000000001,0.375,3.5,0
silvertree.csv,0.86,0.63,0.58,0.45999999999999996,2.0,1
