,f1,g,recall,precision,pf,wins
chaosrts.csv,0.515,0.565,0.53,0.655,0.255,5
lazarus-ccr.csv,0.52,0.585,0.7949999999999999,0.4,0.68,3
lcfizvtop.csv,0.485,0.5549999999999999,0.605,0.41000000000000003,0.5349999999999999,1
migen.csv,0.44,0.485,0.535,0.375,0.27,2
mvnforum.csv,0.355,0.315,0.28,0.365,0.22999999999999998,0
plplot.csv,0.55,0.6,0.5800000000000001,0.52,0.345,4
