,recall,precision,pf,wins
atomsite.csv,0.345,0.52,0.255,2
bullet.csv,0.83,0.375,0.715,1
openintents.csv,0.35,0.615,0.185,3
pokenetonline.csv,0.5449999999999999,0.6000000000000001,0.20500000000000002,5
tktoolkit.csv,0.8200000000000001,0.47500000000000003,0.885,0
zealos.csv,0.625,0.65,0.41500000000000004,4
