,recall,precision,pf,wins
gwanted.csv,0.47,0.625,0.115,7
ivatamasks.csv,0.615,0.515,0.44,2
orc.csv,0.33999999999999997,0.575,0.3,4
plato.csv,0.87,0.535,0.8200000000000001,1
rodin-b-sharp.csv,0.165,0.7050000000000001,0.07500000000000001,8
umber.csv,0.31,0.755,0.155,9
unicase.csv,0.845,0.565,0.52,5
uwom.csv,0.595,0.655,0.5549999999999999,6
vienna-add-in.csv,0.6399999999999999,0.585,0.525,3
wpdev.csv,1.0,0.53,0.91,0
