,recall,precision,pf,pci_20,ifa,wins
jmol.csv,0.85,0.465,0.65,0.405,1233.25,0
papertoolkit.csv,0.585,0.54,0.15000000000000002,0.9299999999999999,176.25,1
