,f1,g,recall,precision,pf,wins
atomsite.csv,0.58,0.59,0.6699999999999999,0.51,0.545,5
bullet.csv,0.51,0.5,0.605,0.38,0.485,3
openintents.csv,0.54,0.525,0.71,0.45499999999999996,0.775,2
pokenetonline.csv,0.5449999999999999,0.44,0.8500000000000001,0.38,0.815,1
tktoolkit.csv,0.5249999999999999,0.46,0.735,0.39,0.5700000000000001,4
zealos.csv,0.33999999999999997,0.28,0.245,0.37,0.22499999999999998,0
