,recall,precision,pf,pci_20,ifa,wins
alsa.csv,0.745,0.575,0.55,0.45999999999999996,147.5,4
arcallians.csv,0.535,0.58,0.275,0.635,195.25,5
arianne.csv,0.95,0.505,0.9299999999999999,0.45,198.0,2
cortex-vfx.csv,0.45,0.645,0.175,0.66,98.75,7
mbse.csv,0.5800000000000001,0.47,0.56,0.44,147.5,0
multitude.csv,0.8200000000000001,0.575,0.685,0.415,246.5,1
phonon-vlc-mplayer.csv,0.5,0.66,0.225,0.615,197.25,6
qgis.csv,0.48,0.49,0.3,0.505,98.25,3
