,recall,precision,pf,pci_20,ifa,wins
acdk.csv,0.6799999999999999,0.495,0.265,0.48,300.25,5
archive-crawler.csv,0.51,0.42500000000000004,0.195,0.585,219.25,6
jcae.csv,0.495,0.485,0.15000000000000002,0.6000000000000001,213.75,7
openmalaria.csv,0.745,0.38,0.545,0.39,415.75,0
popeye-chess.csv,0.67,0.45499999999999996,0.315,0.48,367.25,3
rhex.csv,0.495,0.33,0.30500000000000005,0.49,363.25,1
rocrail.csv,0.71,0.43,0.365,0.435,286.0,4
truevision.csv,0.77,0.37,0.37,0.43,359.25,2
