,recall,precision,pf,pci_20,ifa,wins
doomlegacy.csv,0.755,0.595,0.455,0.42000000000000004,198.0,0
neoengine.csv,0.73,0.64,0.505,0.42000000000000004,99.0,1
omseek.csv,0.185,0.78,0.05,0.8200000000000001,99.0,3
pcsx2.csv,0.63,0.7250000000000001,0.275,0.61,146.25,2
