,recall,precision,pf,pci_20,ifa,wins
agilitybook.csv,0.575,0.145,0.225,0.835,326.75,5
apolloplayer.csv,0.665,0.145,0.5549999999999999,0.45,650.0,0
k3d.csv,0.085,0.19,0.09,0.86,422.0,4
kowari.csv,0.4,0.16999999999999998,0.305,0.67,384.5,3
redshell.csv,0.365,0.10500000000000001,0.4,0.655,525.5,1
rtb-team.csv,0.14,0.16,0.13,0.905,150.75,6
xreal.csv,0.26,0.11,0.125,0.85,499.0,2
