,recall,precision,pf,wins
ctrlr.csv,0.03,0.275,0.04,4
dvt.csv,0.21000000000000002,0.55,0.2,10
flylinkdc.csv,0.15500000000000003,0.485,0.165,9
fulguro.csv,0.14,0.5,0.05,11
fw4spl.csv,0.31,0.315,0.315,3
ipfire-wall.csv,0.225,0.39,0.175,6
jruby.csv,0.325,0.27,0.325,2
ldview.csv,0.33,0.43000000000000005,0.255,7
nuttx.csv,0.785,0.4,0.475,8
oorexx.csv,0.625,0.33499999999999996,0.5449999999999999,5
uclmda.csv,0.535,0.245,0.54,0
vdsf.csv,0.89,0.33999999999999997,0.925,1
