,recall,precision,pf,wins
graphmak.csv,0.13,0.9299999999999999,0.055,5
jruby.csv,0.615,0.81,0.315,3
pdfedit.csv,0.52,0.87,0.32999999999999996,4
rectracker.csv,0.86,0.835,0.6000000000000001,2
wxlua.csv,0.965,0.73,0.925,0
x4x.csv,0.875,0.76,0.7949999999999999,1
