,f1,g,recall,precision,pf,wins
agilitybook.csv,0.185,0.24,0.205,0.16999999999999998,0.245,0
apolloplayer.csv,0.26,0.63,0.655,0.16999999999999998,0.44,6
k3d.csv,0.13,0.315,0.28500000000000003,0.19,0.13,4
kowari.csv,0.265,0.485,0.5349999999999999,0.19,0.3,5
redshell.csv,0.15000000000000002,0.4,0.365,0.1,0.38,2
rtb-team.csv,0.135,0.15000000000000002,0.125,0.27,0.1,1
xreal.csv,0.15,0.29000000000000004,0.26,0.11,0.13,3
