,recall,precision,pf,wins
adobe-source.csv,0.41000000000000003,0.32,0.16,7
aubit4gl.csv,0.185,0.345,0.09,8
liferea.csv,0.395,0.3,0.33999999999999997,2
moving-pictures.csv,0.16,0.255,0.155,4
opensim4opencog.csv,0.595,0.43999999999999995,0.33999999999999997,9
plearn.csv,0.325,0.225,0.375,0
psrchive.csv,0.605,0.39,0.355,6
re2c.csv,0.385,0.385,0.44499999999999995,3
rebecca-aiml.csv,0.8200000000000001,0.31999999999999995,0.505,5
xfce.csv,0.63,0.32,0.47,1
