,recall,precision,pf,wins
fido.csv,0.04,0.175,0.035,2
fityk.csv,0.68,0.29000000000000004,0.485,5
freenet.csv,0.75,0.325,0.645,3
geogebra.csv,0.545,0.5549999999999999,0.33999999999999997,9
hibernate.csv,0.575,0.42000000000000004,0.29,8
itext.csv,0.9199999999999999,0.28500000000000003,0.835,0
k3b.csv,0.78,0.335,0.615,4
lamp.csv,0.66,0.395,0.45999999999999996,7
megameknet.csv,0.775,0.365,0.625,6
thout.csv,0.845,0.37,0.845,1
