,recall,precision,pf,wins
columba.csv,0.6950000000000001,0.37,0.395,0
emftriple.csv,0.20500000000000002,0.405,0.195,2
fluent-nhibernate.csv,0.585,0.43500000000000005,0.265,3
gpsmid.csv,0.625,0.32,0.28500000000000003,1
