,recall,precision,pf,wins
bloodycore.csv,0.075,0.5449999999999999,0.060000000000000005,8
flylegacy.csv,0.775,0.51,0.44,6
jguard.csv,0.53,0.51,0.48,2
m-a-d-n-e-s-s.csv,0.245,0.5,0.16499999999999998,7
mob-sen-plat.csv,0.22,0.255,0.295,0
raygina.csv,0.44,0.49,0.345,5
st-filteredstatistics.csv,0.635,0.41500000000000004,0.555,1
upp-mirror.csv,0.315,0.59,0.165,9
wishmaster.csv,0.14,0.375,0.13,3
yarp.csv,0.26,0.49,0.27,4
