,recall,precision,pf,wins
adaptagrams.csv,0.63,0.29000000000000004,0.33499999999999996,2
aime.csv,0.365,0.465,0.16,4
badtrinitycore.csv,0.28,0.7,0.04,5
electric-core.csv,0.525,0.33999999999999997,0.485,1
geochat.csv,0.5800000000000001,0.35,0.325,3
olsrd.csv,0.895,0.255,0.7050000000000001,0
