,recall,precision,pf,pci_20,ifa,wins
emftriple.csv,0.5700000000000001,0.41000000000000003,0.185,0.955,344.25,1
gpsmid.csv,0.72,0.42000000000000004,0.53,0.42000000000000004,3242.75,0
