,recall,precision,pf,wins
boost.csv,0.8200000000000001,0.53,0.72,2
etics.csv,0.46499999999999997,0.665,0.24000000000000002,6
genecys.csv,0.965,0.39,0.91,0
kvs.csv,0.235,0.55,0.27,3
mcore3d.csv,0.735,0.42,0.595,1
miranda.csv,0.28,0.575,0.095,5
ogrehg.csv,0.42500000000000004,0.675,0.2,7
passwordsafe.csv,0.545,0.61,0.385,4
