,recall,precision,pf,wins
bloodycore.csv,0.595,0.62,0.235,0
raygina.csv,0.645,0.5549999999999999,0.18000000000000002,1
