,recall,precision,pf,wins
codesmith.csv,0.67,0.45999999999999996,0.485,3
geotools.csv,0.1,0.635,0.08,9
gephex.csv,0.5700000000000001,0.475,0.495,0
haggle.csv,0.195,0.475,0.27999999999999997,2
java-gnome.csv,0.41000000000000003,0.495,0.21500000000000002,7
jgnash.csv,0.29000000000000004,0.5700000000000001,0.23,8
jrdf.csv,0.315,0.51,0.26,5
mpqc.csv,0.52,0.63,0.49,6
panda3d.csv,0.2,0.515,0.22499999999999998,4
tencompetence.csv,0.495,0.445,0.395,1
