,recall,precision,pf,wins
bulmages.csv,0.055,0.41500000000000004,0.035,1
codeblocks.csv,0.7250000000000001,0.47,0.32,3
dataobjectsdotnet.csv,0.41000000000000003,0.59,0.375,2
n2cms.csv,0.46,0.66,0.405,4
nug.csv,0.67,0.445,0.585,0
uclmda.csv,0.225,0.545,0.1,5
