,project,f1,precision,recall,g-score,d2h,pci_20,ifa,pd,pf,buggyness
0,bzbyte.csv,0.74,0.8,0.73,0.57,0.69,0.2,1.0,0.73,0.67,0.76
1,freedom-erp.csv,0.7,0.71,0.65,0.65,0.51,0.21,10.0,0.65,0.43,0.5808383233532934
2,twostep.csv,0.62,0.67,0.6,0.64,0.46,0.14,1.0,0.6,0.11,0.36619718309859156
3,iaml.csv,0.7,0.65,0.79,0.51,0.67,0.18,1.0,0.79,0.33,0.5714285714285714
4,etics.csv,0.33,0.33,0.5,0.52,0.7,0.09,1.0,0.5,0.25,0.23636363636363636
5,neoengine.csv,0.62,0.61,0.64,0.66,0.44,0.22,12.0,0.64,0.24,0.37583892617449666
6,nsis.csv,0.8,0.92,0.71,0.0,1.04,0.17,1.0,0.71,1.0,0.9247311827956989
7,vdsf.csv,0.13,0.09,0.45,0.46,0.75,0.2,4.0,0.45,0.16,0.08716323296354993
