,recall,precision,pf,wins
adobe-source.csv,0.21500000000000002,0.54,0.055,6
atlc.csv,0.865,0.31,0.7,3
ipfilter.csv,0.88,0.36,0.755,2
jmol.csv,0.72,0.31,0.45499999999999996,4
pfaedit.csv,0.46499999999999997,0.5650000000000001,0.21000000000000002,7
rockbox.csv,0.365,0.43,0.29000000000000004,5
snakeyaml.csv,0.71,0.41500000000000004,0.78,0
theresa.csv,0.0,0.0,0.0,1
trinitycore.csv,0.22000000000000003,0.61,0.095,8
wxcode.csv,0.17,0.71,0.025,9
