,recall,precision,pf,wins
amateur-scrolls.csv,0.43000000000000005,0.7350000000000001,0.095,8
fritzing.csv,0.575,0.56,0.21000000000000002,7
jlinalg.csv,0.985,0.385,0.91,0
knowledge.csv,0.87,0.42,0.635,3
massiv.csv,0.0,0.0,0.0,1
oscarmcmaster.csv,0.21000000000000002,1.0,0.0,9
playerstage.csv,0.455,0.53,0.275,4
quarkplusplus.csv,0.335,0.505,0.185,5
rtrt-on-gpu.csv,0.375,0.365,0.4,2
superwaba.csv,0.63,0.575,0.39,6
