,recall,precision,pf,pci_20,ifa,wins
autoopencas.csv,0.455,0.38,0.685,0.665,2.0,1
columba.csv,0.655,0.615,0.30000000000000004,0.395,4.0,3
decidr.csv,0.7849999999999999,0.43999999999999995,0.645,0.405,6.5,0
jajuk.csv,0.855,0.44999999999999996,0.735,0.365,0.0,2
