,recall,precision,pf,pci_20,ifa,wins
bulmages.csv,0.14500000000000002,0.33,0.20500000000000002,0.69,95.5,3
codeblocks.csv,0.665,0.53,0.5,0.45,99.0,5
dataobjectsdotnet.csv,0.595,0.49,0.485,0.45,236.5,0
n2cms.csv,0.59,0.515,0.585,0.39,99.0,1
nug.csv,0.56,0.475,0.46499999999999997,0.59,145.0,4
uclmda.csv,0.08499999999999999,0.25,0.055,0.6799999999999999,95.75,2
