,recall,precision,pf,wins
calcubetimer.csv,0.85,0.39,0.6799999999999999,0
chaperon.csv,0.07500000000000001,0.7,0.02,5
mule.csv,0.28500000000000003,0.475,0.09,3
nunit.csv,0.215,0.655,0.085,4
springside.csv,0.685,0.48,0.485,2
swtfox.csv,0.49,0.42000000000000004,0.5,1
