,recall,precision,pf,wins
codeblocks.csv,0.7150000000000001,0.425,0.46,5
extprosys.csv,0.445,0.385,0.28500000000000003,4
fluidium.csv,0.0,0.0,0.005,0
haphazard.csv,0.215,0.42000000000000004,0.255,2
qcad2.csv,0.195,0.37,0.14500000000000002,3
silvertree.csv,0.7749999999999999,0.39,0.6699999999999999,1
