,recall,precision,pf,wins
ikvm.csv,0.5,0.385,0.35,3
mcmc-jags.csv,0.51,0.605,0.265,5
olap-navigator.csv,0.5449999999999999,0.47,0.305,4
pidgin.csv,0.755,0.32499999999999996,0.535,0
salasaga.csv,0.665,0.55,0.8200000000000001,2
sepgsql.csv,0.08,0.345,0.025,1
