,f1,g,recall,precision,pf,wins
anaxagora.csv,0.44,0.49,0.5900000000000001,0.315,0.52,5
array4j.csv,0.355,0.43,0.52,0.29000000000000004,0.505,2
beast-mcmc.csv,0.43999999999999995,0.5700000000000001,0.6799999999999999,0.405,0.53,8
continuum-ide.csv,0.26,0.32999999999999996,0.28500000000000003,0.41000000000000003,0.265,1
jam-daq.csv,0.34,0.33499999999999996,0.29500000000000004,0.45999999999999996,0.18,4
l2j.csv,0.41500000000000004,0.585,0.675,0.325,0.5800000000000001,6
nodal.csv,0.305,0.28,0.24,0.35,0.22999999999999998,0
projectfactory.csv,0.42000000000000004,0.55,0.53,0.37,0.355,7
roolo.csv,0.37,0.52,0.55,0.29000000000000004,0.535,3
