,recall,precision,pf,pci_20,ifa,wins
anaxagora.csv,0.5900000000000001,0.315,0.52,0.475,4.0,1
array4j.csv,0.52,0.29000000000000004,0.505,0.55,2.5,2
beast-mcmc.csv,0.6799999999999999,0.405,0.53,0.445,3.0,4
continuum-ide.csv,0.28500000000000003,0.41000000000000003,0.265,0.655,2.5,6
jam-daq.csv,0.29500000000000004,0.45999999999999996,0.18,0.725,0.5,8
l2j.csv,0.675,0.325,0.5800000000000001,0.45499999999999996,5.5,0
nodal.csv,0.24,0.35,0.22999999999999998,0.665,3.0,5
projectfactory.csv,0.53,0.37,0.355,0.56,0.0,7
roolo.csv,0.55,0.29000000000000004,0.535,0.58,2.0,3
