,recall,precision,pf,wins
bacula.csv,0.635,0.47,0.39,0
jajuk.csv,0.7749999999999999,0.52,0.385,1
vapor.csv,0.305,0.63,0.045,3
zorannt.csv,0.33999999999999997,0.6100000000000001,0.245,2
