,recall,precision,pf,pci_20,ifa,wins
crux-framework.csv,0.21,0.595,0.10500000000000001,0.93,98.25,4
libtorrent.csv,0.9450000000000001,0.625,0.77,0.4,98.75,2
moviesandbox.csv,0.71,0.7250000000000001,0.405,0.54,98.5,3
sigil.csv,0.815,0.75,0.41000000000000003,0.415,147.5,1
xbg.csv,0.13,0.385,0.245,0.935,142.75,0
xtreemfs.csv,0.875,0.725,0.26,0.45999999999999996,98.75,5
