,recall,precision,pf,wins
bloodycore.csv,0.165,0.5,0.15,5
flylegacy.csv,0.6799999999999999,0.44,0.755,0
ftm.csv,0.56,0.6,0.32499999999999996,9
jcache.csv,0.6950000000000001,0.445,0.5,4
lphant.csv,0.71,0.585,0.455,8
minig.csv,0.6499999999999999,0.465,0.7150000000000001,1
mob-sen-plat.csv,0.83,0.475,0.745,3
raygina.csv,0.395,0.5349999999999999,0.23,7
upp-mirror.csv,0.45,0.55,0.33999999999999997,6
yarp.csv,0.25,0.33999999999999997,0.2,2
