,recall,precision,pf,wins
bloodycore.csv,0.51,0.47500000000000003,0.515,1
flylegacy.csv,0.69,0.41500000000000004,0.495,3
jguard.csv,0.6950000000000001,0.545,0.595,4
m-a-d-n-e-s-s.csv,0.38,0.71,0.20500000000000002,9
mob-sen-plat.csv,0.5800000000000001,0.41500000000000004,0.565,0
raygina.csv,0.305,0.475,0.15,7
st-filteredstatistics.csv,0.51,0.44,0.45,2
upp-mirror.csv,0.5,0.46499999999999997,0.255,6
wishmaster.csv,0.23,0.525,0.21000000000000002,5
yarp.csv,0.16,0.595,0.135,8
