,recall,precision,pf,wins
amateur-scrolls.csv,0.345,0.59,0.14,8
ffigo.csv,0.625,0.41000000000000003,0.41000000000000003,3
foursquared.csv,0.42,0.7250000000000001,0.14500000000000002,9
gebr.csv,0.885,0.385,0.69,1
ildjit.csv,0.065,0.5,0.04,6
jfreereport.csv,0.47,0.32,0.53,0
kml.csv,0.605,0.405,0.345,4
ng4j.csv,0.53,0.43,0.265,5
pcsx2.csv,0.295,0.5700000000000001,0.125,7
wxjs.csv,0.0,0.0,0.0,2
