,recall,precision,pf,pci_20,ifa,wins
jsidplay2.csv,0.575,0.935,0.15000000000000002,0.61,0.5,1
m-m-m.csv,0.7649999999999999,0.8200000000000001,0.575,0.5700000000000001,2.0,0
