,recall,precision,pf,pci_20,ifa,wins
codeblocks.csv,0.745,0.41500000000000004,0.46,0.475,3.5,3
extprosys.csv,0.495,0.4,0.32999999999999996,0.475,7.5,2
fluidium.csv,0.0,0.0,0.005,0.0,104.0,0
haphazard.csv,0.365,0.425,0.22999999999999998,0.73,1.0,4
qcad2.csv,0.33499999999999996,0.55,0.26,0.665,0.0,5
silvertree.csv,0.7749999999999999,0.385,0.675,0.48,1.0,1
