,recall,precision,pf,pci_20,ifa,wins
calcubetimer.csv,0.46499999999999997,0.365,0.265,0.515,98.5,1
chaperon.csv,0.375,0.48,0.32999999999999996,0.795,144.5,3
mule.csv,0.5,0.405,0.11000000000000001,0.75,118.75,5
nunit.csv,0.5,0.44499999999999995,0.395,0.5449999999999999,148.0,2
springside.csv,0.635,0.55,0.33999999999999997,0.47,195.25,4
swtfox.csv,0.645,0.46499999999999997,0.63,0.5800000000000001,294.0,0
