,recall,precision,pf,wins
bulmages.csv,0.175,0.655,0.05,5
codeblocks.csv,0.6799999999999999,0.46499999999999997,0.315,3
dataobjectsdotnet.csv,0.35,0.54,0.265,2
n2cms.csv,0.29500000000000004,0.665,0.16,4
nug.csv,0.45499999999999996,0.5800000000000001,0.4,1
uclmda.csv,0.53,0.35,0.54,0
