,recall,precision,pf,wins
freewrl.csv,0.685,0.715,0.23,0
silvertree.csv,0.7749999999999999,0.7849999999999999,0.25,1
