,recall,precision,pf,wins
geotools.csv,0.135,0.62,0.07,3
l2j.csv,0.73,0.585,0.41500000000000004,2
mule.csv,0.42000000000000004,0.66,0.265,5
springside.csv,0.695,0.615,0.43,4
swtfox.csv,0.395,0.485,0.305,0
twostep.csv,0.77,0.5549999999999999,0.7250000000000001,1
