,recall,precision,pf,pci_20,ifa,wins
alpine.csv,0.9550000000000001,0.42000000000000004,0.95,0.46499999999999997,5.5,0
biodwh.csv,0.235,0.5700000000000001,0.13,0.75,0.5,7
brlcad.csv,0.475,0.485,0.33499999999999996,0.625,3.5,4
critterding.csv,0.705,0.45999999999999996,0.69,0.5549999999999999,4.5,1
jmri.csv,0.56,0.31,0.325,0.61,1.5,3
nabu-library.csv,0.36,0.41,0.315,0.7849999999999999,4.5,2
popeye-chess.csv,0.47000000000000003,0.475,0.28500000000000003,0.545,2.0,5
yarp.csv,0.365,0.45499999999999996,0.31,0.845,2.5,6
