,f1,g,recall,precision,pf,wins
autoopencas.csv,0.4,0.41,0.43500000000000005,0.41500000000000004,0.32999999999999996,0
pcgen.csv,0.575,0.4,0.935,0.42500000000000004,0.87,1
selenium.csv,0.5900000000000001,0.6699999999999999,0.6599999999999999,0.535,0.37,3
tolven.csv,0.58,0.525,0.48,0.625,0.24000000000000002,2
