,recall,precision,pf,wins
alembik.csv,0.16999999999999998,0.635,0.06,6
arsenal-1.csv,0.46499999999999997,0.665,0.38,4
barracudamvc.csv,0.845,0.475,0.875,0
irplus.csv,0.42500000000000004,0.7,0.31,8
lite.csv,0.22999999999999998,0.82,0.08,9
mevenide.csv,0.45999999999999996,0.645,0.28,7
ontopia.csv,0.625,0.45499999999999996,0.63,1
openintents.csv,0.48,0.665,0.38,5
ta3d.csv,0.8300000000000001,0.485,0.765,2
tweetsharp.csv,0.625,0.48,0.52,3
