,recall,precision,pf,wins
cortex-vfx.csv,0.315,0.6200000000000001,0.19,9
empserver.csv,0.67,0.54,0.45,8
enlightenment.csv,0.675,0.505,0.445,7
ffigo.csv,0.485,0.485,0.41500000000000004,5
ildjit.csv,0.2,0.44,0.10500000000000001,6
jfreereport.csv,0.56,0.51,0.635,2
mplayer-ce.csv,0.865,0.5349999999999999,0.895,1
psycle.csv,0.8,0.48,0.71,3
wikipediardware.csv,0.795,0.475,0.69,4
wxjs.csv,0.0,0.0,0.0,0
