,recall,precision,pf,wins
chaosrts.csv,0.97,0.43,0.7949999999999999,0
lazarus-ccr.csv,0.54,0.415,0.39,2
lcfizvtop.csv,0.5,0.45999999999999996,0.245,3
migen.csv,0.31,0.585,0.145,4
mvnforum.csv,0.11499999999999999,0.8049999999999999,0.035,5
plplot.csv,0.6950000000000001,0.45999999999999996,0.63,1
