,recall,precision,pf,wins
dataobjectsdotnet.csv,0.37,0.525,0.07500000000000001,2
miranda-icq.csv,0.44999999999999996,0.605,0.195,3
red5.csv,0.6499999999999999,0.39,0.505,0
thrust.csv,0.31,0.505,0.235,1
