,recall,precision,pf,wins
boost.csv,0.66,0.535,0.425,3
etics.csv,0.495,0.715,0.18,7
genecys.csv,0.705,0.405,0.665,0
kvs.csv,0.35,0.47,0.315,1
mcore3d.csv,0.45999999999999996,0.59,0.22,5
miranda.csv,0.58,0.485,0.47500000000000003,2
ogrehg.csv,0.55,0.655,0.29000000000000004,6
passwordsafe.csv,0.805,0.585,0.48,4
