,recall,precision,pf,wins
fmri-dmt.csv,0.215,0.575,0.14500000000000002,5
google-web-toolkit.csv,0.525,0.29000000000000004,0.23,3
open-data-kit.csv,0.7050000000000001,0.365,0.46,0
qtractor.csv,0.29000000000000004,0.37,0.24,2
quarkplayer.csv,0.07,0.26,0.09,1
zoolib.csv,0.21500000000000002,0.54,0.15000000000000002,4
