,recall,precision,pf,wins
azureus.csv,0.6,0.555,0.30000000000000004,0
matrex.csv,0.705,0.625,0.22499999999999998,1
