,recall,precision,pf,wins
fityk.csv,0.6599999999999999,0.24,0.505,0
hibernate.csv,0.32,0.48,0.20500000000000002,2
lamp.csv,0.07500000000000001,0.7949999999999999,0.01,3
thout.csv,0.33499999999999996,0.5,0.29000000000000004,1
