,recall,precision,pf,wins
atlc.csv,0.725,0.345,0.59,3
pclasses.csv,0.0,0.0,0.0,0
pfaedit.csv,0.28,0.395,0.245,6
theresa.csv,0.0,0.0,0.0,0
thrust.csv,0.5700000000000001,0.42500000000000004,0.41000000000000003,8
tktoolkit.csv,0.9099999999999999,0.44,0.775,5
trinitycore.csv,0.24,0.265,0.12,4
tzod.csv,0.515,0.395,0.32999999999999996,9
yaprm.csv,0.445,0.37,0.275,7
zemljanka.csv,1.0,0.33,0.97,2
