,recall,precision,pf,wins
agilitybook.csv,0.30000000000000004,0.18,0.355,1
apolloplayer.csv,0.255,0.17500000000000002,0.31,2
k3d.csv,0.125,0.435,0.045,6
keyczar.csv,0.625,0.25,0.45999999999999996,4
kowari.csv,0.030000000000000002,0.255,0.03,5
redshell.csv,1.0,0.19,0.99,0
rtb-team.csv,0.405,0.245,0.335,3
