,recall,precision,pf,wins
aubit4gl.csv,0.32499999999999996,0.21999999999999997,0.495,0
bibedt.csv,0.32999999999999996,0.615,0.155,7
customwars.csv,0.225,0.185,0.23,2
impala.csv,0.51,0.33499999999999996,0.49,3
massiv.csv,0.0,0.0,0.0,1
playerstage.csv,0.355,0.385,0.315,5
quarkplusplus.csv,0.37,0.35,0.235,6
xinity.csv,0.33499999999999996,0.15,0.275,4
