,recall,precision,pf,wins
anaxagora.csv,0.225,0.44,0.21500000000000002,5
array4j.csv,0.04,0.19,0.08499999999999999,2
beast-mcmc.csv,0.5449999999999999,0.48,0.22999999999999998,8
continuum-ide.csv,0.175,0.42,0.15,6
jam-daq.csv,0.42000000000000004,0.44999999999999996,0.225,7
l2j.csv,0.66,0.30500000000000005,0.44499999999999995,1
nodal.csv,0.255,0.35,0.24000000000000002,3
projectfactory.csv,0.28,0.28,0.305,0
roolo.csv,0.29,0.365,0.19,4
