,recall,precision,pf,wins
bloodycore.csv,0.535,0.44,0.585,0
flylegacy.csv,0.56,0.525,0.3,6
ftm.csv,0.435,0.605,0.165,8
jcache.csv,0.21000000000000002,0.49,0.22,2
lphant.csv,0.48,0.525,0.305,5
minig.csv,0.55,0.605,0.355,7
mob-sen-plat.csv,0.3,0.45499999999999996,0.28,1
raygina.csv,0.365,0.49,0.32,3
upp-mirror.csv,0.51,0.665,0.16,9
yarp.csv,0.37,0.52,0.25,4
