,recall,precision,pf,pci_20,ifa,wins
agilitybook.csv,0.115,0.105,0.235,0.935,845.75,1
apolloplayer.csv,0.73,0.16,0.51,0.49,559.75,2
k3d.csv,0.14500000000000002,0.185,0.10500000000000001,0.6950000000000001,266.75,5
kowari.csv,0.435,0.215,0.28,0.64,467.0,4
redshell.csv,0.365,0.1,0.41000000000000003,0.635,559.75,0
rtb-team.csv,0.14500000000000002,0.275,0.135,0.87,115.0,6
xreal.csv,0.26,0.11,0.125,0.85,506.25,3
