,f1,g,recall,precision,pf,wins
freewrl.csv,0.6599999999999999,0.595,0.8300000000000001,0.57,0.595,0
silvertree.csv,0.725,0.47000000000000003,0.88,0.635,0.58,1
