,recall,precision,pf,wins
ardour.csv,0.56,0.745,0.275,7
cornerstone.csv,0.25,0.74,0.12,5
frogatto.csv,0.87,0.645,0.7150000000000001,1
novembre.csv,0.43,0.66,0.245,4
ns-3.csv,0.785,0.6599999999999999,0.495,3
open-beos.csv,0.61,0.72,0.30500000000000005,6
planeshift.csv,0.765,0.5700000000000001,0.55,0
sbml.csv,0.765,0.6399999999999999,0.5449999999999999,2
