,recall,precision,pf,wins
botsnscouts.csv,0.665,0.28500000000000003,0.46499999999999997,4
bscwweasel.csv,0.29000000000000004,0.435,0.18,8
cme.csv,0.01,0.1,0.0,2
fido.csv,0.075,0.045,0.02,1
japano.csv,0.685,0.19,0.775,0
joustsim.csv,0.655,0.38,0.505,6
log4net.csv,0.305,0.255,0.175,3
personalaccess.csv,0.5700000000000001,0.385,0.275,9
rcp-company-uibindings.csv,0.5,0.26,0.25,5
unbvision.csv,0.505,0.385,0.30000000000000004,7
