,recall,precision,pf,wins
algebsql.csv,0.21000000000000002,0.355,0.185,4
autoopencas.csv,0.39,0.315,0.42000000000000004,0
gogoego.csv,0.18,0.32999999999999996,0.13,5
jam-daq.csv,0.35,0.54,0.16,9
jhotdraw.csv,0.20500000000000002,0.385,0.12000000000000001,6
pokeglobal.csv,0.755,0.375,0.615,2
robocode.csv,0.405,0.255,0.25,3
springside.csv,0.6100000000000001,0.28500000000000003,0.46499999999999997,1
trinitycore.csv,0.39,0.47000000000000003,0.195,8
uwom-server.csv,0.315,0.44,0.235,7
