,recall,precision,pf,pci_20,ifa,wins
fritzing.csv,0.745,0.46499999999999997,0.48,0.49,98.75,2
jlinalg.csv,0.73,0.44,0.55,0.54,147.0,1
jmule.csv,0.77,0.61,0.365,0.475,138.25,4
knowledge.csv,0.815,0.45999999999999996,0.605,0.41500000000000004,245.0,0
massiv.csv,0.175,0.65,0.015,0.725,92.5,7
ng4j.csv,0.745,0.62,0.315,0.525,146.25,5
playerstage.csv,0.76,0.64,0.345,0.52,147.0,6
superwaba.csv,0.5,0.655,0.21500000000000002,0.44499999999999995,146.75,3
