,recall,precision,pf,wins
beast-mcmc.csv,0.41500000000000004,0.55,0.265,9
codesmith.csv,0.795,0.38,0.655,2
icescrum.csv,0.4,0.54,0.18,11
ingex.csv,0.345,0.4,0.28500000000000003,4
jrefactory.csv,0.435,0.4,0.45999999999999996,1
jsecurity.csv,0.405,0.44,0.365,5
libopenmetaverse.csv,0.93,0.38,0.91,0
lite.csv,0.245,0.56,0.14,10
mobicents.csv,0.43,0.54,0.255,7
opendvr.csv,0.885,0.45,0.9,3
openefm.csv,0.46499999999999997,0.55,0.305,8
sidekar.csv,0.6000000000000001,0.45499999999999996,0.45,6
