,recall,precision,pf,pci_20,ifa,wins
benojt.csv,1.0,0.46499999999999997,0.965,0.35,2.5,0
jahshaka.csv,0.605,0.44999999999999996,0.38,0.495,1.5,3
jam-daq.csv,0.56,0.56,0.18,0.565,2.5,5
jatlas.csv,0.675,0.46499999999999997,0.495,0.41000000000000003,1.0,2
jedit.csv,1.0,0.445,0.94,0.395,1.5,1
open-media-library.csv,0.705,0.505,0.44499999999999995,0.44499999999999995,0.5,4
