,f1,g,recall,precision,pf,wins
doomlegacy.csv,0.44000000000000006,0.655,0.715,0.605,0.4,1
neoengine.csv,0.71,0.665,0.8300000000000001,0.6599999999999999,0.64,2
omseek.csv,0.32999999999999996,0.255,0.21500000000000002,0.75,0.07,0
pcsx2.csv,0.475,0.64,0.635,0.7350000000000001,0.245,3
