,recall,precision,pf,pci_20,ifa,wins
autoopencas.csv,0.33,0.39,0.275,0.88,246.25,1
pcgen.csv,0.85,0.42000000000000004,0.8400000000000001,0.43,430.25,0
selenium.csv,0.66,0.52,0.37,0.38,147.0,2
tolven.csv,0.475,0.645,0.215,0.5800000000000001,245.25,3
