,recall,precision,pf,pci_20,ifa,wins
aztec.csv,0.585,0.41500000000000004,0.20500000000000002,0.76,99.0,5
nsis.csv,0.6699999999999999,0.3,0.685,0.5,244.5,0
papertoolkit.csv,0.44499999999999995,0.435,0.255,0.53,97.5,3
plearn.csv,0.64,0.41500000000000004,0.41000000000000003,0.595,99.0,4
qdvdauthor.csv,0.555,0.365,0.48,0.6,99.0,2
tango-cs.csv,0.875,0.405,0.7949999999999999,0.48,195.0,1
