,recall,precision,pf,wins
dxengine.csv,0.225,0.52,0.11499999999999999,10
freedom-erp.csv,0.0,0.0,0.005,0
javaprofiler.csv,0.705,0.45499999999999996,0.625,3
jmoney.csv,0.165,0.57,0.10500000000000001,11
jsidplay2.csv,0.605,0.51,0.535,6
reaper3d.csv,0.185,0.235,0.06,7
servicestack.csv,0.51,0.495,0.395,8
springside.csv,0.49,0.425,0.49,2
swtfox.csv,0.20500000000000002,0.4,0.325,1
synecdoche.csv,0.32,0.55,0.2,9
tmva.csv,0.535,0.42500000000000004,0.45,5
wsmt.csv,0.165,0.385,0.20500000000000002,4
