,recall,precision,pf,wins
poormans.csv,0.53,0.325,0.36500000000000005,1
tradelink.csv,0.4,0.2,0.42000000000000004,0
