,recall,precision,pf,wins
maidsafe-dht.csv,0.415,0.495,0.11499999999999999,3
n2cms.csv,0.45999999999999996,0.38,0.17,1
nassp.csv,0.18,0.41500000000000004,0.095,2
nug.csv,0.33499999999999996,0.31,0.21500000000000002,0
