,recall,precision,pf,pci_20,ifa,wins
empserver.csv,0.615,0.695,0.45499999999999996,0.485,99.0,7
enlightenment.csv,0.995,0.5900000000000001,0.995,0.405,148.25,5
ffigo.csv,0.14,0.05,0.195,0.5449999999999999,97.25,1
ildjit.csv,0.275,0.53,0.27,0.8,244.0,4
jfreereport.csv,0.09,0.665,0.065,0.775,195.25,6
psycle.csv,0.7350000000000001,0.585,0.5549999999999999,0.42,244.75,3
wikipediardware.csv,0.815,0.565,0.7150000000000001,0.43,247.5,2
wxjs.csv,0.0,0.0,0.005,0.0,45.25,0
