,recall,precision,pf,wins
codepurge.csv,0.345,0.35,0.235,9
ctrlr.csv,0.09,0.235,0.09,1
dvt.csv,0.22499999999999998,0.275,0.20500000000000002,4
flylinkdc.csv,0.31,0.37,0.19,11
free-evolution.csv,0.27,0.385,0.23,10
fw4spl.csv,0.24,0.275,0.22999999999999998,3
ipfire-wall.csv,0.215,0.355,0.185,8
ldview.csv,0.37,0.275,0.28500000000000003,5
nuttx.csv,0.81,0.295,0.8200000000000001,2
uclmda.csv,0.36,0.3,0.16999999999999998,7
vdsf.csv,0.96,0.3,1.0,0
xcf.csv,0.81,0.33999999999999997,0.755,6
