,recall,precision,pf,pci_20,ifa,wins
boost.csv,0.445,0.47000000000000003,0.395,0.5,276.0,3
ffigo.csv,0.35,0.315,0.21500000000000002,0.5700000000000001,182.5,4
ildjit.csv,0.235,0.41000000000000003,0.2,0.915,284.25,7
proftp.csv,0.405,0.535,0.225,0.61,145.25,8
skia.csv,0.535,0.5,0.315,0.47,276.5,6
tencompetence.csv,0.135,0.215,0.345,0.8600000000000001,623.5,0
theresa.csv,0.455,0.41500000000000004,0.255,0.495,231.25,5
wxjs.csv,0.005,0.085,0.02,0.335,95.0,1
xstore.csv,0.655,0.365,0.445,0.49,427.25,2
