,recall,precision,pf,wins
empserver.csv,0.615,0.69,0.46499999999999997,6
enlightenment.csv,1.0,0.575,1.0,1
ffigo.csv,0.135,0.5599999999999999,0.16,3
ildjit.csv,0.195,0.565,0.15500000000000003,5
jfreereport.csv,0.185,0.685,0.11499999999999999,7
psycle.csv,0.735,0.635,0.6,4
wikipediardware.csv,0.8200000000000001,0.5700000000000001,0.81,2
wxjs.csv,0.0,0.0,0.015,0
