,recall,precision,pf,wins
arsenal-1.csv,0.355,0.33999999999999997,0.35,2
aztec.csv,0.355,0.29500000000000004,0.44,0
jbpm.csv,0.060000000000000005,0.28500000000000003,0.06,3
mediate.csv,0.45999999999999996,0.315,0.44999999999999996,1
mycila.csv,0.62,0.445,0.585,6
neodatis-odb.csv,0.38,0.39,0.35,5
nsis.csv,0.73,0.41500000000000004,0.595,4
rodin-b-sharp.csv,0.165,0.33499999999999996,0.095,7
