,f1,g,recall,precision,pf,cdom,bellwether
1,0.47,0.49,0.355,0.46499999999999997,0.56,7.0,mp-rechnungs-und-kundenverwaltung.csv
10,0.545,0.11,0.11,0.33,0.475,1.0,emftriple.csv
13,0.75,0.405,0.35,0.42,0.5,8.0,phonon-vlc-mplayer.csv
26,0.65,0.38,0.315,0.34,0.415,4.0,retromenu.csv
32,0.65,0.29,0.24,0.28,0.41,16.0,sepgsql.csv
50,0.73,0.305,0.29,0.35,0.46,18.0,silvertree.csv
23,0.825,0.5900000000000001,0.585,0.49,0.645,1.0,magicwars.csv
24,0.5,0.455,0.375,0.46,0.51,3.0,personalaccess.csv
25,0.7,0.59,0.48,0.53,0.58,0.0,xmemcached.csv
