,recall,precision,pf,wins
fityk.csv,0.71,0.5650000000000001,0.49,0
k3b.csv,0.5,0.62,0.20500000000000002,1
mp-rechnungs-und-kundenverwaltung.csv,0.16,0.8400000000000001,0.030000000000000002,3
thrust.csv,0.405,0.75,0.13,2
