,recall,precision,pf,wins
adaptagrams.csv,0.295,0.36,0.115,7
aime.csv,0.6950000000000001,0.27,0.525,4
badtrinitycore.csv,0.135,0.285,0.035,5
electric-core.csv,0.43,0.25,0.39,3
geochat.csv,0.20500000000000002,0.20500000000000002,0.16499999999999998,2
mumble.csv,0.265,0.30000000000000004,0.14500000000000002,6
olsrd.csv,0.8,0.25,0.64,1
t-2.csv,0.26,0.235,0.315,0
