,recall,precision,pf,wins
array4j.csv,0.355,0.18,0.30000000000000004,3
bigdata.csv,0.35,0.20500000000000002,0.245,4
calcubetimer.csv,1.0,0.155,0.955,0
jas.csv,0.015,0.25,0.01,5
jbpm.csv,0.11,0.245,0.04,8
jgossipforum.csv,0.0,0.0,0.0,2
joustsim.csv,0.39,0.315,0.2,10
madman.csv,0.0,0.0,0.01,1
mule.csv,0.39,0.22999999999999998,0.21,7
nunit.csv,0.375,0.24,0.215,6
piccolo2d.csv,0.035,0.29000000000000004,0.025,9
sblim.csv,0.025,0.49,0.02,11
