,recall,precision,pf,wins
anaxagora.csv,0.605,0.32,0.44499999999999995,6
array4j.csv,0.66,0.29500000000000004,0.5549999999999999,1
beast-mcmc.csv,0.675,0.385,0.505,7
continuum-ide.csv,0.135,0.26,0.12,4
jam-daq.csv,0.28500000000000003,0.45499999999999996,0.19,8
l2j.csv,0.605,0.305,0.52,2
nodal.csv,0.185,0.305,0.245,3
projectfactory.csv,0.47,0.34,0.45,5
roolo.csv,0.685,0.31,0.6599999999999999,0
