,recall,precision,pf,pci_20,ifa,wins
arsenal-1.csv,0.07500000000000001,0.13,0.18,0.71,5.5,0
aztec.csv,0.355,0.3,0.34500000000000003,0.53,2.5,1
jbpm.csv,0.065,0.33999999999999997,0.06,0.45999999999999996,2.0,2
mediate.csv,0.4,0.295,0.475,0.5700000000000001,1.5,4
mycila.csv,0.75,0.5249999999999999,0.645,0.5249999999999999,1.0,6
neodatis-odb.csv,0.45499999999999996,0.39,0.28500000000000003,0.6599999999999999,1.0,7
nsis.csv,0.79,0.4,0.655,0.55,1.5,5
rodin-b-sharp.csv,0.165,0.265,0.08,0.595,4.0,3
