,recall,precision,pf,wins
crux-framework.csv,0.0,0.0,0.0,0
libtorrent.csv,0.9650000000000001,0.6100000000000001,0.84,1
moviesandbox.csv,0.44,0.89,0.115,4
sigil.csv,0.79,0.815,0.16999999999999998,5
xbg.csv,0.2,0.895,0.055,3
xtreemfs.csv,0.165,0.655,0.09,2
