,recall,precision,pf,wins
ardour.csv,0.41000000000000003,0.745,0.16,6
cornerstone.csv,0.64,0.65,0.52,1
frogatto.csv,0.62,0.6599999999999999,0.42,3
novembre.csv,0.30000000000000004,0.77,0.1,7
ns-3.csv,0.6299999999999999,0.69,0.33999999999999997,5
open-beos.csv,0.525,0.6799999999999999,0.38,4
planeshift.csv,0.8200000000000001,0.595,0.565,0
sbml.csv,0.72,0.625,0.505,2
