,recall,precision,pf,wins
fritzing.csv,0.475,0.625,0.21500000000000002,3
jlinalg.csv,0.91,0.43999999999999995,0.855,1
jmule.csv,0.655,0.675,0.20500000000000002,6
knowledge.csv,0.735,0.435,0.415,2
massiv.csv,0.0,0.0,0.0,0
ng4j.csv,0.5800000000000001,0.7150000000000001,0.15000000000000002,7
playerstage.csv,0.445,0.6699999999999999,0.20500000000000002,4
superwaba.csv,0.5,0.6950000000000001,0.20500000000000002,5
