,recall,precision,pf,pci_20,ifa,wins
alpine.csv,0.975,0.42000000000000004,0.98,0.455,4.0,1
biodwh.csv,0.23,0.52,0.11499999999999999,0.81,0.0,7
brlcad.csv,0.51,0.45999999999999996,0.32999999999999996,0.63,2.0,6
critterding.csv,0.705,0.45499999999999996,0.73,0.5449999999999999,4.5,2
jmri.csv,0.45499999999999996,0.325,0.305,0.595,2.0,3
nabu-library.csv,0.255,0.355,0.255,0.765,4.0,4
popeye-chess.csv,0.4,0.5,0.30000000000000004,0.5,2.0,5
yarp.csv,0.22000000000000003,0.305,0.245,0.825,6.0,0
