,recall,precision,pf,wins
amateur-scrolls.csv,0.255,0.75,0.05,9
fritzing.csv,0.685,0.5,0.245,8
jlinalg.csv,0.845,0.45,0.76,2
knowledge.csv,0.955,0.385,0.925,0
massiv.csv,0.0,0.0,0.0,1
oscarmcmaster.csv,0.215,0.62,0.05500000000000001,6
playerstage.csv,0.44499999999999995,0.5800000000000001,0.16999999999999998,7
quarkplusplus.csv,0.355,0.535,0.15500000000000003,5
rtrt-on-gpu.csv,0.33,0.39,0.315,3
superwaba.csv,0.785,0.515,0.5700000000000001,4
