,recall,precision,pf,wins
aztec.csv,0.365,0.455,0.16,5
nsis.csv,0.615,0.305,0.6599999999999999,0
papertoolkit.csv,0.45,0.435,0.26,3
plearn.csv,0.375,0.445,0.345,2
qdvdauthor.csv,0.55,0.42500000000000004,0.275,4
tango-cs.csv,0.855,0.405,0.7350000000000001,1
