,recall,precision,pf,wins
abbot.csv,0.28,0.29500000000000004,0.26,1
jicarilla.csv,0.015,0.25,0.015,5
optalgtoolkit.csv,0.49,0.5700000000000001,0.315,6
ossim.csv,0.015,0.2,0.0,3
projectts.csv,0.685,0.365,0.45,2
sabbu.csv,0.42,0.325,0.37,0
vxl.csv,0.21,0.45499999999999996,0.27,4
zact.csv,0.08,0.5,0.02,7
