,recall,precision,pf,wins
arcallians.csv,0.765,0.5700000000000001,0.255,5
aztec.csv,0.34,0.66,0.17,4
mplayer-ce.csv,0.75,0.45499999999999996,0.7949999999999999,0
qmmp.csv,0.4,0.5800000000000001,0.12000000000000001,2
synergyspace.csv,0.30000000000000004,0.59,0.18,1
xtreemfs.csv,0.395,0.645,0.22999999999999998,3
