,recall,precision,pf,pci_20,ifa,wins
benojt.csv,1.0,0.46499999999999997,0.965,0.35,98.75,2
jahshaka.csv,0.595,0.45499999999999996,0.395,0.51,238.0,0
jam-daq.csv,0.595,0.56,0.295,0.47,97.5,5
jatlas.csv,0.675,0.45999999999999996,0.515,0.41000000000000003,142.5,1
jedit.csv,0.865,0.49,0.7150000000000001,0.42,98.5,3
open-media-library.csv,0.8200000000000001,0.525,0.525,0.42,142.75,4
