,recall,precision,pf,wins
blogentis.csv,0.655,0.11499999999999999,0.365,8
emulemorph.csv,0.0,0.0,0.05,3
jaxen.csv,0.7050000000000001,0.195,0.79,5
jvcl.csv,0.29000000000000004,0.28,0.155,9
m-m-m.csv,0.865,0.08499999999999999,0.825,1
motu.csv,0.825,0.09,0.825,0
nh3d.csv,1.0,0.14,1.0,2
sarasvati.csv,0.52,0.115,0.345,7
wgs-assembler.csv,0.765,0.09,0.625,4
zabbix.csv,0.38,0.095,0.3,6
