,recall,precision,pf,pci_20,ifa,wins
logicmail.csv,0.9099999999999999,0.7250000000000001,0.54,0.355,98.0,0
mclient-mume.csv,0.54,0.875,0.1,0.69,96.5,1
