,recall,precision,pf,pci_20,ifa,wins
adaptagrams.csv,0.605,0.305,0.255,0.47000000000000003,246.25,2
aime.csv,0.495,0.345,0.43000000000000005,0.47,146.5,5
badtrinitycore.csv,0.43,0.315,0.23500000000000001,0.61,294.0,3
electric-core.csv,0.77,0.32499999999999996,0.61,0.45,389.75,1
geochat.csv,0.37,0.29000000000000004,0.28500000000000003,0.71,197.5,4
olsrd.csv,0.6799999999999999,0.28500000000000003,0.44999999999999996,0.43,391.75,0
