,recall,precision,pf,wins
ambulant.csv,0.8300000000000001,0.32499999999999996,0.5549999999999999,1
mecat.csv,0.5,0.135,0.075,0
