,recall,precision,pf,wins
bionote.csv,0.095,0.825,0.04,11
echongl.csv,0.2,0.63,0.195,4
hazelcast.csv,0.9199999999999999,0.5800000000000001,0.81,2
japano.csv,0.915,0.585,0.905,0
jmol.csv,0.515,0.595,0.32,5
mobicents.csv,0.415,0.6950000000000001,0.29000000000000004,9
nunit.csv,0.44999999999999996,0.74,0.2,10
openefm.csv,0.53,0.63,0.32,7
snakeyaml.csv,0.65,0.67,0.535,6
trackit.csv,0.365,0.625,0.33999999999999997,3
unicase.csv,0.76,0.575,0.69,1
wheat.csv,0.43,0.67,0.33499999999999996,8
