,recall,precision,pf,wins
abbot.csv,0.865,0.315,0.725,0
jicarilla.csv,0.01,0.25,0.015,3
optalgtoolkit.csv,0.435,0.405,0.51,5
ossim.csv,0.385,0.405,0.325,7
projectts.csv,0.565,0.29500000000000004,0.47,1
sabbu.csv,0.41000000000000003,0.29500000000000004,0.29000000000000004,4
vxl.csv,0.485,0.355,0.59,2
zact.csv,0.48,0.32499999999999996,0.29000000000000004,6
