,recall,precision,pf,wins
kmess.csv,0.315,0.585,0.11499999999999999,5
minig.csv,0.695,0.385,0.775,0
ossbuild.csv,0.595,0.405,0.325,2
rezilla.csv,0.505,0.54,0.28500000000000003,4
rocrail.csv,0.605,0.485,0.45999999999999996,3
webdriver.csv,0.58,0.375,0.26,1
