,recall,precision,pf,wins
alpine.csv,0.16999999999999998,0.38,0.09,3
biodwh.csv,0.13,0.54,0.025,7
brlcad.csv,0.81,0.41000000000000003,0.9,0
critterding.csv,0.625,0.4,0.555,2
jmri.csv,0.5,0.32,0.39,1
nabu-library.csv,0.485,0.41000000000000003,0.38,4
popeye-chess.csv,0.36,0.44999999999999996,0.27,6
yarp.csv,0.27,0.42000000000000004,0.195,5
