,recall,precision,pf,pci_20,ifa,wins
ambulant.csv,0.7250000000000001,0.4,0.22999999999999998,0.755,227.25,1
mecat.csv,0.5,0.15,0.06999999999999999,0.45,51.0,0
