,recall,precision,pf,wins
abbot.csv,0.72,0.33999999999999997,0.6,1
haphazard.csv,0.215,0.4,0.155,8
jicarilla.csv,0.22,0.295,0.135,5
ondex.csv,0.325,0.41500000000000004,0.25,6
optalgtoolkit.csv,0.37,0.345,0.315,3
ossim.csv,0.0,0.0,0.0,0
projectts.csv,0.45,0.33999999999999997,0.345,4
sabbu.csv,0.7,0.32999999999999996,0.505,2
vxl.csv,0.165,0.37,0.11499999999999999,7
zact.csv,0.03,0.365,0.01,9
