,recall,precision,pf,wins
anaxagora.csv,0.22999999999999998,0.49,0.165,8
array4j.csv,0.295,0.36,0.23500000000000001,4
beast-mcmc.csv,0.425,0.48,0.28,7
continuum-ide.csv,0.07,0.225,0.13,2
jam-daq.csv,0.3,0.345,0.15000000000000002,6
l2j.csv,0.8049999999999999,0.28,0.585,1
nodal.csv,0.28500000000000003,0.37,0.21500000000000002,5
projectfactory.csv,0.53,0.32499999999999996,0.525,0
roolo.csv,0.2,0.315,0.18,3
