,recall,precision,pf,wins
autoopencas.csv,0.43000000000000005,0.315,0.635,0
columba.csv,0.41,0.79,0.11000000000000001,3
decidr.csv,0.6599999999999999,0.53,0.33999999999999997,1
jajuk.csv,0.63,0.5900000000000001,0.295,2
