,recall,precision,pf,wins
alembik.csv,0.14500000000000002,0.625,0.14,7
arsenal-1.csv,0.125,0.5349999999999999,0.125,4
barracudamvc.csv,0.91,0.45999999999999996,0.9,0
irplus.csv,0.62,0.6499999999999999,0.44,9
lite.csv,0.375,0.62,0.3,6
mevenide.csv,0.21,0.515,0.165,3
ontopia.csv,0.64,0.615,0.42,8
openintents.csv,0.33999999999999997,0.495,0.33,2
ta3d.csv,0.29500000000000004,0.5700000000000001,0.2,5
tweetsharp.csv,0.475,0.49,0.46499999999999997,1
