,recall,precision,pf,wins
firebird.csv,0.565,0.5449999999999999,0.36,7
jmule.csv,0.83,0.49,0.53,5
nosleepsoftware.csv,0.135,0.385,0.18,1
open-ms.csv,0.62,0.49,0.315,6
qgo.csv,0.875,0.46499999999999997,0.69,4
rezilla.csv,0.67,0.41000000000000003,0.535,2
riff-evolve.csv,0.5449999999999999,0.5449999999999999,0.22,9
uwom.csv,0.5349999999999999,0.545,0.25,8
virtuoso.csv,0.96,0.4,0.93,0
yield.csv,0.845,0.445,0.63,3
