,recall,precision,pf,pci_20,ifa,wins
agilitybook.csv,0.56,0.35,0.33999999999999997,0.625,2.0,1
ambulant.csv,0.7749999999999999,0.42,0.505,0.5549999999999999,5.5,0
