,f1,g,recall,precision,pf,wins
agilitybook.csv,0.41000000000000003,0.5800000000000001,0.56,0.35,0.33999999999999997,0
ambulant.csv,0.47,0.615,0.7749999999999999,0.42,0.505,1
