,recall,precision,pf,wins
chaosrts.csv,0.72,0.48,0.325,5
lazarus-ccr.csv,0.7949999999999999,0.385,0.745,0
lcfizvtop.csv,0.63,0.45499999999999996,0.51,2
migen.csv,0.45499999999999996,0.505,0.265,4
mvnforum.csv,0.33499999999999996,0.47,0.385,1
plplot.csv,0.635,0.505,0.48,3
