,f1,g,recall,precision,pf,wins
jrdf.csv,0.33499999999999996,0.455,0.45,0.265,0.22,1
mpqc.csv,0.23,0.355,0.33499999999999996,0.195,0.215,0
