,recall,precision,pf,pci_20,ifa,wins
genoviz.csv,0.12,0.94,0.03,0.88,0.0,5
irrlicht.csv,1.0,0.39,1.0,0.405,0.5,1
qedo.csv,0.15000000000000002,0.23500000000000001,0.33499999999999996,0.925,0.5,3
qse.csv,0.74,0.585,0.72,0.43000000000000005,1.0,0
toped.csv,0.745,0.35,0.6950000000000001,0.525,0.5,2
truevision.csv,0.615,0.7150000000000001,0.28500000000000003,0.52,0.5,4
