,recall,precision,pf,wins
autoopencas.csv,0.395,0.37,0.42000000000000004,0
pcgen.csv,0.43000000000000005,0.48,0.26,1
selenium.csv,0.715,0.51,0.365,2
tolven.csv,0.35000000000000003,0.6000000000000001,0.15,3
