,recall,precision,pf,pci_20,ifa,wins
bacula.csv,0.735,0.475,0.47,0.42,242.25,1
jajuk.csv,0.795,0.515,0.525,0.35,147.5,2
vapor.csv,0.7649999999999999,0.455,0.62,0.45,295.75,0
zorannt.csv,0.5700000000000001,0.505,0.36,0.535,191.0,3
