,recall,precision,pf,wins
acdk.csv,0.535,0.5349999999999999,0.185,5
archive-crawler.csv,0.625,0.46499999999999997,0.315,3
jcae.csv,0.15500000000000003,0.54,0.07,4
openmalaria.csv,0.7849999999999999,0.315,0.545,0
popeye-chess.csv,0.7250000000000001,0.39,0.38,2
rhex.csv,0.3,0.5800000000000001,0.065,7
rocrail.csv,0.325,0.5900000000000001,0.1,6
truevision.csv,0.66,0.38,0.495,1
