,recall,precision,pf,pci_20,ifa,wins
ambulant.csv,0.7,0.33499999999999996,0.675,0.45,1.0,0
ingex.csv,0.555,0.32999999999999996,0.44999999999999996,0.475,0.5,2
jgnash.csv,0.65,0.43,0.41000000000000003,0.41000000000000003,2.0,4
mp-rechnungs-und-kundenverwaltung.csv,0.425,0.475,0.3,0.545,2.0,5
openefm.csv,0.63,0.4,0.33999999999999997,0.49,5.5,3
yarp0.csv,0.62,0.35,0.585,0.485,2.5,1
