,recall,precision,pf,wins
aime.csv,0.79,0.515,0.6799999999999999,1
flylinkdc.csv,0.515,0.44,0.28,4
ltp.csv,0.435,0.395,0.29000000000000004,2
pfaedit.csv,0.665,0.39,0.315,5
powerfolder-.csv,0.12000000000000001,0.38,0.065,3
qtwin.csv,0.0,0.0,0.0,0
