,recall,precision,pf,pci_20,ifa,wins
autoopencas.csv,0.345,0.385,0.31,0.85,4.0,1
pcgen.csv,0.91,0.405,0.925,0.42500000000000004,6.0,0
selenium.csv,0.615,0.55,0.355,0.41000000000000003,1.5,2
tolven.csv,0.45,0.6399999999999999,0.195,0.6000000000000001,0.5,3
