,recall,precision,pf,wins
adobe-source.csv,0.15500000000000003,0.41,0.025,6
aubit4gl.csv,0.41000000000000003,0.22,0.42000000000000004,0
liferea.csv,0.44,0.475,0.23,9
moving-pictures.csv,0.345,0.31,0.22500000000000003,3
opensim4opencog.csv,0.15500000000000003,0.46499999999999997,0.06,8
plearn.csv,0.27,0.295,0.23,2
psrchive.csv,0.11,0.43500000000000005,0.05,5
re2c.csv,0.455,0.45999999999999996,0.25,7
rebecca-aiml.csv,0.3,0.45499999999999996,0.3,4
xfce.csv,0.76,0.3,0.6,1
