,recall,precision,pf,wins
calcubetimer.csv,0.6799999999999999,0.22000000000000003,0.76,0
freedom-erp.csv,0.115,0.30500000000000005,0.055,6
jahshaka.csv,0.395,0.245,0.45,1
jmoney.csv,0.525,0.28,0.375,5
reaper3d.csv,0.625,0.345,0.44999999999999996,7
sblim.csv,0.14,0.29000000000000004,0.255,3
swtfox.csv,0.39,0.22,0.325,2
tart.csv,0.385,0.285,0.315,4
