,recall,precision,pf,wins
alsa.csv,0.495,0.59,0.33,4
arcallians.csv,0.565,0.62,0.235,6
arianne.csv,0.385,0.475,0.395,0
cortex-vfx.csv,0.42000000000000004,0.47,0.37,1
mbse.csv,0.59,0.51,0.56,2
multitude.csv,0.56,0.5700000000000001,0.33,5
phonon-vlc-mplayer.csv,0.56,0.495,0.455,3
qgis.csv,0.535,0.66,0.22999999999999998,7
