,f1,g,recall,precision,pf,cdom,bellwether
70,0.91,0.6000000000000001,0.51,0.46499999999999997,0.46,8.0,logicmail.csv
