,recall,precision,pf,pci_20,ifa,wins
freenet.csv,0.885,0.495,0.8,0.385,1.5,1
javagroups.csv,0.75,0.52,0.6100000000000001,0.39,0.0,5
jrefactory.csv,0.79,0.5349999999999999,0.655,0.455,1.0,4
logicmail.csv,0.925,0.41500000000000004,0.875,0.35,1.5,0
nodal.csv,0.61,0.5349999999999999,0.405,0.43,0.0,7
soar.csv,0.88,0.5449999999999999,0.85,0.38,1.5,2
taverna.csv,0.46499999999999997,0.53,0.43,0.5700000000000001,2.0,3
web-cat.csv,0.835,0.5900000000000001,0.66,0.42500000000000004,1.0,6
