,f1,g,recall,precision,pf,wins
freenet.csv,0.52,0.43,0.885,0.495,0.8,2
javagroups.csv,0.575,0.385,0.75,0.52,0.6100000000000001,3
jrefactory.csv,0.565,0.43999999999999995,0.79,0.5349999999999999,0.655,4
logicmail.csv,0.52,0.28,0.925,0.41500000000000004,0.875,0
nodal.csv,0.54,0.515,0.61,0.5349999999999999,0.405,6
soar.csv,0.645,0.45999999999999996,0.88,0.5449999999999999,0.85,5
taverna.csv,0.44999999999999996,0.45,0.46499999999999997,0.53,0.43,1
web-cat.csv,0.675,0.6000000000000001,0.835,0.5900000000000001,0.66,7
