,recall,precision,pf,pci_20,ifa,wins
brlcad.csv,0.155,0.46499999999999997,0.15,0.72,95.0,5
fceugc.csv,0.54,0.5,0.5,0.55,98.75,3
ftm.csv,0.435,0.6950000000000001,0.28500000000000003,0.555,145.0,6
google-gears.csv,0.745,0.44499999999999995,0.61,0.445,236.25,0
jaolt.csv,0.7,0.53,0.47,0.455,141.0,2
jcache.csv,0.78,0.62,0.43500000000000005,0.46,141.0,4
kmess.csv,0.49,0.6599999999999999,0.26,0.6950000000000001,187.0,7
xmemcached.csv,0.655,0.51,0.715,0.56,146.5,1
