,recall,precision,pf,wins
kmess.csv,0.31,0.5,0.16999999999999998,4
minig.csv,0.6950000000000001,0.4,0.775,0
ossbuild.csv,0.56,0.405,0.30000000000000004,2
rezilla.csv,0.49,0.46499999999999997,0.245,5
rocrail.csv,0.625,0.485,0.53,3
webdriver.csv,0.5549999999999999,0.37,0.275,1
