,recall,precision,pf,pci_20,ifa,wins
lockss.csv,0.585,0.675,0.21500000000000002,0.42,194.75,4
pcgen.csv,0.76,0.5,0.59,0.435,197.0,0
personalaccess.csv,0.65,0.61,0.30000000000000004,0.43,195.75,3
selenium.csv,0.6000000000000001,0.62,0.295,0.415,190.25,2
tolven.csv,0.315,0.655,0.125,0.69,137.25,5
webdriver.csv,0.44000000000000006,0.515,0.22999999999999998,0.64,257.5,1
