,recall,precision,pf,pci_20,ifa,wins
raygina.csv,0.54,0.5249999999999999,0.28,0.49,0.5,0
yarp.csv,0.44000000000000006,0.575,0.20500000000000002,0.8049999999999999,1.0,1
