,recall,precision,pf,pci_20,ifa,wins
emftriple.csv,0.5700000000000001,0.395,0.195,0.955,1.5,1
gpsmid.csv,0.9099999999999999,0.475,0.54,0.455,21.5,0
