,f1,g,recall,precision,pf,wins
emftriple.csv,0.38,0.57,0.5700000000000001,0.395,0.195,0
gpsmid.csv,0.495,0.5599999999999999,0.9099999999999999,0.475,0.54,1
