,recall,precision,pf,pci_20,ifa,wins
geotools.csv,0.69,0.5449999999999999,0.4,0.42,146.25,1
l2j.csv,0.375,0.6399999999999999,0.27,0.61,98.75,4
mule.csv,0.33,0.46,0.275,0.565,98.0,3
springside.csv,0.615,0.605,0.365,0.4,145.75,2
swtfox.csv,0.24,0.6000000000000001,0.22,0.865,98.5,5
twostep.csv,0.7949999999999999,0.55,0.61,0.41000000000000003,148.25,0
