,recall,precision,pf,pci_20,ifa,wins
glelite.csv,0.96,0.915,0.435,0.42500000000000004,0.5,0
jmol.csv,0.715,0.9450000000000001,0.33999999999999997,0.44,0.0,1
