,f1,g,recall,precision,pf,wins
glelite.csv,0.935,0.7,0.96,0.915,0.435,1
jmol.csv,0.815,0.7,0.715,0.9450000000000001,0.33999999999999997,0
