,recall,precision,pf,pci_20,ifa,wins
fontforge.csv,0.755,0.72,0.56,0.41000000000000003,148.5,2
freelords.csv,0.6950000000000001,0.6699999999999999,0.47500000000000003,0.43,321.0,1
jfreereport.csv,0.355,0.605,0.165,0.685,163.75,3
super-tux.csv,0.685,0.595,0.315,0.46499999999999997,456.75,0
