,recall,precision,pf,wins
logicmail.csv,0.9099999999999999,0.7250000000000001,0.54,0
mclient-mume.csv,0.54,0.875,0.1,1
