,f1,g,recall,precision,pf,wins
logicmail.csv,0.7749999999999999,0.42,0.925,0.7050000000000001,0.6,0
mclient-mume.csv,0.6,0.56,0.54,0.825,0.125,1
