,recall,precision,pf,wins
applet2app.csv,0.575,0.425,0.25,9
cities3d.csv,0.305,0.33999999999999997,0.10500000000000001,7
firebird.csv,0.5800000000000001,0.345,0.32,6
hydrogen.csv,1.0,0.38,1.0,1
lphant.csv,0.775,0.33999999999999997,0.63,4
open-ms.csv,0.51,0.44499999999999995,0.33999999999999997,8
qgo.csv,0.83,0.33999999999999997,0.6799999999999999,2
rhex.csv,0.42000000000000004,0.33999999999999997,0.29000000000000004,5
xined.csv,0.0,0.0,0.0,0
yield.csv,0.81,0.325,0.64,3
