,recall,precision,pf,wins
dvt.csv,0.21999999999999997,0.36,0.21500000000000002,4
fulguro.csv,0.535,0.32,0.54,1
fw4spl.csv,0.28500000000000003,0.36,0.24,5
google-web-toolkit.csv,0.62,0.405,0.42500000000000004,6
jstock.csv,0.475,0.54,0.265,9
ldview.csv,0.785,0.445,0.685,3
nuttx.csv,0.26,0.4,0.22,7
utgb.csv,0.195,0.225,0.2,2
vdsf.csv,0.63,0.33999999999999997,0.685,0
xbrlapi.csv,0.28500000000000003,0.435,0.2,8
