,f1,g,recall,precision,pf,wins
agilitybook.csv,0.4,0.56,0.5349999999999999,0.35,0.32,0
ambulant.csv,0.445,0.5800000000000001,0.74,0.395,0.515,1
