,recall,precision,pf,pci_20,ifa,wins
agilitybook.csv,0.5349999999999999,0.35,0.32,0.655,2.0,1
ambulant.csv,0.74,0.395,0.515,0.5349999999999999,4.5,0
