,recall,precision,pf,pci_20,ifa,wins
alembik.csv,0.41000000000000003,0.635,0.25,0.6,103.0,7
anaxagora.csv,0.795,0.435,0.655,0.385,215.75,0
botsnscouts.csv,0.715,0.625,0.44,0.395,288.0,2
emisview.csv,0.48,0.53,0.36,0.575,292.0,1
matrex.csv,0.185,0.56,0.11,0.575,119.25,5
mediaportal.csv,0.175,0.57,0.1,0.8300000000000001,154.5,6
mediate.csv,0.47000000000000003,0.535,0.43,0.5449999999999999,143.5,4
ontopia.csv,0.58,0.475,0.4,0.48,130.5,3
