,recall,precision,pf,wins
jsidplay2.csv,0.49,0.91,0.15000000000000002,1
m-m-m.csv,0.735,0.85,0.44999999999999996,0
