,recall,precision,pf,pci_20,ifa,wins
boost.csv,0.66,0.535,0.425,0.485,98.75,4
etics.csv,0.495,0.715,0.18,0.6,118.75,7
genecys.csv,0.705,0.405,0.665,0.495,196.5,0
kvs.csv,0.35,0.47,0.315,0.54,217.25,2
mcore3d.csv,0.45999999999999996,0.59,0.22,0.54,98.75,5
miranda.csv,0.58,0.485,0.47500000000000003,0.515,246.0,1
ogrehg.csv,0.55,0.655,0.29000000000000004,0.5700000000000001,98.0,6
passwordsafe.csv,0.805,0.585,0.48,0.46499999999999997,196.5,3
