,recall,precision,pf,wins
blogentis.csv,0.355,0.075,0.385,4
emulemorph.csv,0.0,0.0,0.20500000000000002,1
jaxen.csv,0.775,0.19,0.8,5
jvcl.csv,0.16499999999999998,0.20500000000000002,0.04,9
m-m-m.csv,0.785,0.08,0.755,2
motu.csv,0.665,0.07500000000000001,0.5599999999999999,3
nh3d.csv,1.0,0.14,1.0,0
sarasvati.csv,0.4,0.11,0.335,6
wgs-assembler.csv,0.435,0.15,0.27,8
zabbix.csv,0.39,0.10500000000000001,0.31,7
