,recall,precision,pf,pci_20,ifa,wins
dataobjectsdotnet.csv,0.8,0.41000000000000003,0.8,0.41000000000000003,240.5,2
miranda-icq.csv,0.445,0.415,0.515,0.485,338.5,0
red5.csv,0.69,0.32999999999999996,0.5900000000000001,0.44,246.5,1
thrust.csv,0.395,0.43,0.375,0.8200000000000001,178.75,3
