,recall,precision,pf,wins
atomsite.csv,0.7949999999999999,0.46499999999999997,0.7,4
betoffice.csv,0.755,0.41500000000000004,0.835,0
bnetd.csv,0.9099999999999999,0.45499999999999996,0.915,2
graphmak.csv,0.5549999999999999,0.45999999999999996,0.515,3
hazelcast.csv,0.685,0.49,0.485,7
megasquirtavr.csv,0.695,0.48,0.81,1
pdfedit.csv,0.605,0.46499999999999997,0.4,6
stajistics.csv,0.745,0.53,0.395,9
twostep.csv,0.775,0.505,0.61,8
xharbour.csv,0.725,0.485,0.595,5
