,recall,precision,pf,wins
echongl.csv,0.71,0.615,0.5,8
ivatamasks.csv,0.75,0.675,0.7,5
orc.csv,0.42500000000000004,0.45,0.20500000000000002,4
plato.csv,0.97,0.6950000000000001,0.84,3
proftp.csv,0.375,0.655,0.095,10
tycho.csv,0.22,0.6699999999999999,0.335,9
uclmda.csv,0.02,0.48,0.1,2
umber.csv,0.91,0.73,0.815,7
unicase.csv,0.87,0.5800000000000001,0.745,1
vienna-add-in.csv,0.69,0.65,0.595,6
wpdev.csv,1.0,0.67,0.98,0
