,recall,precision,pf,pci_20,ifa,wins
calcubetimer.csv,0.435,0.33,0.24,0.5249999999999999,98.5,3
chaperon.csv,0.37,0.445,0.36,0.765,144.5,0
mule.csv,0.5,0.36,0.235,0.62,139.0,4
nunit.csv,0.45999999999999996,0.455,0.25,0.595,195.5,1
springside.csv,0.5,0.51,0.32,0.455,145.75,2
swtfox.csv,0.245,0.45499999999999996,0.24,0.83,94.5,5
