,recall,precision,pf,pci_20,ifa,wins
abbot.csv,0.855,0.33,0.69,0.44,2.0,2
jicarilla.csv,0.01,0.165,0.035,0.27,25.5,0
optalgtoolkit.csv,0.625,0.51,0.505,0.46499999999999997,1.0,6
ossim.csv,0.345,0.43,0.31,0.59,1.0,5
projectts.csv,0.255,0.295,0.33999999999999997,0.555,4.5,1
sabbu.csv,0.49,0.30500000000000005,0.295,0.56,2.0,4
vxl.csv,0.36,0.28,0.345,0.5700000000000001,0.0,3
zact.csv,0.395,0.32499999999999996,0.265,0.8049999999999999,5.5,7
