,recall,precision,pf,pci_20,ifa,wins
jparsec.csv,0.605,0.525,0.56,0.475,0.5,3
kmess.csv,0.185,0.365,0.13,0.8400000000000001,1.0,0
minig.csv,0.705,0.49,0.77,0.45499999999999996,0.0,2
ossbuild.csv,0.49,0.45499999999999996,0.29,0.71,1.5,1
rezilla.csv,0.245,0.585,0.23500000000000001,0.5449999999999999,0.5,4
webdriver.csv,0.54,0.545,0.28500000000000003,0.52,0.5,5
