,recall,precision,pf,wins
adaptagrams.csv,0.32499999999999996,0.37,0.14,8
aime.csv,0.255,0.49,0.135,9
badtrinitycore.csv,0.33999999999999997,0.33999999999999997,0.385,2
electric-core.csv,0.705,0.31,0.6699999999999999,1
geochat.csv,0.195,0.32,0.095,5
mumble.csv,0.435,0.32499999999999996,0.23,6
olsrd.csv,0.855,0.305,0.6,3
silvertree.csv,0.35,0.37,0.22000000000000003,7
skia.csv,0.375,0.375,0.295,4
t-2.csv,0.41500000000000004,0.27,0.52,0
