,recall,precision,pf,pci_20,ifa,wins
arianne.csv,0.8400000000000001,0.58,0.905,0.425,0.5,1
jlinalg.csv,0.635,0.495,0.45999999999999996,0.545,0.5,4
knowledge.csv,0.755,0.545,0.265,0.46499999999999997,0.5,3
massiv.csv,0.060000000000000005,0.355,0.0,0.43,2.5,0
playerstage.csv,0.735,0.6499999999999999,0.33999999999999997,0.48,0.0,5
ultimairis.csv,0.605,0.58,0.31,0.42,0.5,2
