,recall,precision,pf,wins
iaml.csv,0.725,0.445,0.46,1
jrdf.csv,0.5,0.55,0.355,3
mpqc.csv,0.42500000000000004,0.56,0.41500000000000004,2
tigermud.csv,0.935,0.38,0.7450000000000001,0
