,recall,precision,pf,wins
adaptagrams.csv,0.32,0.41000000000000003,0.14,9
aime.csv,0.3,0.395,0.14,8
badtrinitycore.csv,0.23500000000000001,0.255,0.095,2
electric-core.csv,0.635,0.305,0.6,1
geochat.csv,0.585,0.41500000000000004,0.38,6
mumble.csv,0.28500000000000003,0.395,0.155,7
olsrd.csv,0.79,0.33999999999999997,0.535,3
silvertree.csv,0.24000000000000002,0.37,0.175,4
skia.csv,0.495,0.355,0.27,5
t-2.csv,0.355,0.2,0.535,0
