,recall,precision,pf,wins
atlc.csv,0.71,0.41500000000000004,0.545,6
pclasses.csv,0.12,0.335,0.045,4
pfaedit.csv,0.425,0.52,0.335,8
theresa.csv,0.01,0.375,0.0,5
thrust.csv,0.30500000000000005,0.33999999999999997,0.27,2
tktoolkit.csv,0.14,0.36,0.16,3
trinitycore.csv,0.17500000000000002,0.405,0.055,7
tzod.csv,0.5700000000000001,0.49,0.315,9
yaprm.csv,0.365,0.30000000000000004,0.265,1
zemljanka.csv,1.0,0.315,1.0,0
