,recall,precision,pf,wins
e-bio-flow.csv,0.42000000000000004,0.45999999999999996,0.195,4
exl.csv,0.64,0.30000000000000004,0.475,0
opennms.csv,0.295,0.41000000000000003,0.29000000000000004,2
phet.csv,0.295,0.425,0.32,1
runuomondains.csv,0.51,0.43500000000000005,0.33999999999999997,3
