,recall,precision,pf,wins
ikvm.csv,0.2,0.525,0.11,4
mcmc-jags.csv,0.62,0.5599999999999999,0.405,5
olap-navigator.csv,0.755,0.405,0.275,3
pidgin.csv,0.77,0.42500000000000004,0.44999999999999996,1
salasaga.csv,0.79,0.525,0.865,0
sepgsql.csv,0.005,0.48,0.0,2
