,recall,precision,pf,wins
glelite.csv,0.98,0.9099999999999999,0.455,0
jmol.csv,0.75,0.985,0.21000000000000002,1
