,recall,precision,pf,wins
fm-classic.csv,0.0,0.0,0.0,2
foursquared.csv,0.125,0.11499999999999999,0.11,3
ifmo-game-1.csv,0.04,0.025,0.055,1
micomt.csv,0.665,0.07,0.42000000000000004,0
voms.csv,0.11000000000000001,0.31,0.065,4
