,f1,g,recall,precision,pf,wins
jrdf.csv,0.385,0.49,0.47500000000000003,0.33,0.185,1
mpqc.csv,0.29,0.45,0.42500000000000004,0.22,0.32,0
