,recall,precision,pf,wins
adobe-source.csv,0.185,0.6,0.04,7
aubit4gl.csv,0.565,0.235,0.58,0
liferea.csv,0.35,0.38,0.255,5
moving-pictures.csv,0.495,0.215,0.475,1
opensim4opencog.csv,0.24,0.635,0.045,8
plearn.csv,0.62,0.385,0.435,6
psrchive.csv,0.11,0.8400000000000001,0.015,9
re2c.csv,0.49,0.33999999999999997,0.505,2
rebecca-aiml.csv,0.48,0.44999999999999996,0.41,4
xfce.csv,0.655,0.27,0.5700000000000001,3
