,recall,precision,pf,wins
awemud.csv,0.55,0.5,0.36,5
clamav.csv,0.52,0.495,0.39,3
dvd-create.csv,0.775,0.42000000000000004,0.685,0
gbif-indexingtoolkit.csv,0.08499999999999999,0.56,0.035,8
go.csv,0.685,0.5,0.435,6
kwave.csv,0.5900000000000001,0.42000000000000004,0.38,2
libarchive.csv,0.375,0.47,0.37,1
liferea.csv,0.26,0.62,0.185,9
linux-ntfs.csv,0.33499999999999996,0.515,0.275,4
mpgravity.csv,0.485,0.55,0.38,7
