,recall,precision,pf,pci_20,ifa,wins
aztec.csv,0.365,0.455,0.16,0.78,99.0,5
nsis.csv,0.615,0.305,0.6599999999999999,0.5549999999999999,196.75,0
papertoolkit.csv,0.45,0.435,0.26,0.525,97.5,2
plearn.csv,0.375,0.445,0.345,0.62,99.0,3
qdvdauthor.csv,0.55,0.42500000000000004,0.275,0.655,99.0,4
tango-cs.csv,0.855,0.405,0.7350000000000001,0.45999999999999996,195.0,1
