,recall,precision,pf,wins
lockss.csv,0.135,0.6000000000000001,0.095,1
pcgen.csv,0.225,0.7350000000000001,0.04,4
personalaccess.csv,0.85,0.45999999999999996,0.66,0
selenium.csv,0.7150000000000001,0.61,0.30000000000000004,2
tolven.csv,0.39,0.76,0.16,5
webdriver.csv,0.48,0.7,0.155,3
