,recall,precision,pf,wins
agilitybook.csv,0.345,0.22,0.27,2
apolloplayer.csv,0.29,0.21000000000000002,0.2,3
k3d.csv,0.1,0.32,0.06,6
keyczar.csv,0.385,0.14,0.44,0
kowari.csv,0.015,0.31,0.05500000000000001,5
redshell.csv,1.0,0.20500000000000002,0.955,1
rtb-team.csv,0.49,0.265,0.37,4
