,recall,precision,pf,wins
adobe-source.csv,0.355,0.29500000000000004,0.165,5
aubit4gl.csv,0.245,0.51,0.15000000000000002,9
liferea.csv,0.44999999999999996,0.29500000000000004,0.385,1
moving-pictures.csv,0.28,0.4,0.165,7
opensim4opencog.csv,0.535,0.41000000000000003,0.31,8
plearn.csv,0.59,0.29000000000000004,0.41000000000000003,2
psrchive.csv,0.6799999999999999,0.405,0.455,6
re2c.csv,0.345,0.38,0.38,3
rebecca-aiml.csv,0.815,0.31,0.5449999999999999,4
xfce.csv,0.645,0.275,0.65,0
