,recall,precision,pf,wins
arsenal-1.csv,0.27,0.385,0.135,6
aztec.csv,0.805,0.37,0.755,0
jbpm.csv,0.05,0.295,0.01,2
mediate.csv,0.25,0.33999999999999997,0.195,5
mycila.csv,0.28,0.49,0.185,7
neodatis-odb.csv,0.265,0.33999999999999997,0.21500000000000002,4
nsis.csv,0.69,0.35,0.53,3
rodin-b-sharp.csv,0.18,0.265,0.08499999999999999,1
