,recall,precision,pf,wins
bloodycore.csv,0.12,0.49,0.08,5
flylegacy.csv,0.685,0.49,0.41500000000000004,4
jguard.csv,0.615,0.44,0.56,2
m-a-d-n-e-s-s.csv,0.19,0.625,0.11,9
mob-sen-plat.csv,0.395,0.315,0.4,0
raygina.csv,0.435,0.51,0.28500000000000003,6
st-filteredstatistics.csv,0.81,0.405,0.685,1
upp-mirror.csv,0.45999999999999996,0.51,0.24,7
wishmaster.csv,0.18,0.485,0.18,3
yarp.csv,0.31,0.5900000000000001,0.24,8
