,recall,precision,pf,pci_20,ifa,wins
arcallians.csv,0.735,0.5800000000000001,0.39,0.56,191.75,4
aztec.csv,0.715,0.54,0.195,0.64,247.5,3
mplayer-ce.csv,0.77,0.56,0.6499999999999999,0.5,146.5,2
qmmp.csv,0.74,0.475,0.65,0.45999999999999996,286.0,0
synergyspace.csv,0.15,0.565,0.125,0.945,139.0,5
xtreemfs.csv,0.875,0.5,0.365,0.515,290.75,1
