,f1,g,recall,precision,pf,wins
fritzing.csv,0.59,0.6599999999999999,0.7,0.53,0.305,5
jlinalg.csv,0.52,0.5449999999999999,0.685,0.43,0.64,1
jmule.csv,0.72,0.77,0.815,0.64,0.315,7
knowledge.csv,0.61,0.645,0.8049999999999999,0.48,0.5700000000000001,3
massiv.csv,0.245,0.175,0.14500000000000002,0.7050000000000001,0.015,0
ng4j.csv,0.41000000000000003,0.48,0.43500000000000005,0.7949999999999999,0.09,4
playerstage.csv,0.645,0.69,0.7,0.6399999999999999,0.36,6
superwaba.csv,0.49,0.53,0.495,0.645,0.235,2
