,recall,precision,pf,pci_20,ifa,wins
fritzing.csv,0.7,0.53,0.305,0.455,2.5,2
jlinalg.csv,0.685,0.43,0.64,0.505,1.0,1
jmule.csv,0.815,0.64,0.315,0.45999999999999996,0.5,5
knowledge.csv,0.8049999999999999,0.48,0.5700000000000001,0.41,1.5,0
massiv.csv,0.14500000000000002,0.7050000000000001,0.015,0.745,1.0,6
ng4j.csv,0.43500000000000005,0.7949999999999999,0.09,0.7150000000000001,0.0,7
playerstage.csv,0.7,0.6399999999999999,0.36,0.52,0.5,4
superwaba.csv,0.495,0.645,0.235,0.415,0.0,3
