,recall,precision,pf,wins
ikvm.csv,0.28500000000000003,0.42500000000000004,0.265,1
mcmc-jags.csv,0.41,0.53,0.22999999999999998,5
olap-navigator.csv,0.7250000000000001,0.435,0.455,3
pidgin.csv,0.69,0.325,0.42999999999999994,0
salasaga.csv,0.855,0.54,0.91,2
sepgsql.csv,0.345,0.49,0.265,4
