,recall,precision,pf,wins
amateur-scrolls.csv,0.25,0.655,0.07500000000000001,8
ffigo.csv,0.55,0.395,0.395,5
foursquared.csv,0.04,0.5,0.0,7
gebr.csv,0.9,0.37,0.78,1
ildjit.csv,0.025,0.15000000000000002,0.01,3
jfreereport.csv,0.33999999999999997,0.32999999999999996,0.385,2
kml.csv,0.6799999999999999,0.395,0.49,4
ng4j.csv,0.36,0.6799999999999999,0.1,9
pcsx2.csv,0.6,0.45,0.355,6
wxjs.csv,0.0,0.0,0.0,0
