,f1,g,recall,precision,pf,wins
azureus.csv,0.625,0.6799999999999999,0.6699999999999999,0.59,0.28500000000000003,0
matrex.csv,0.645,0.72,0.715,0.6,0.255,1
