,f1,g,recall,precision,pf,wins
graphmak.csv,0.63,0.53,0.55,0.8049999999999999,0.53,2
jruby.csv,0.5,0.46499999999999997,0.425,0.845,0.26,1
pdfedit.csv,0.565,0.46,0.45999999999999996,0.74,0.4,0
rectracker.csv,0.885,0.42,0.905,0.825,0.865,5
wxlua.csv,0.56,0.535,0.5900000000000001,0.845,0.45999999999999996,4
x4x.csv,0.615,0.44999999999999996,0.78,0.75,0.59,3
