,recall,precision,pf,wins
etherboot.csv,0.35,0.52,0.33,5
fityk.csv,0.6950000000000001,0.53,0.615,3
hatari.csv,0.44,0.35,0.365,2
lmms.csv,0.63,0.445,0.345,10
mecat.csv,0.0,0.0,0.0,1
nullc.csv,0.7649999999999999,0.43999999999999995,0.5449999999999999,4
oscarmcmaster.csv,0.115,0.46,0.095,9
superwaba.csv,0.555,0.59,0.43,8
tycho.csv,0.375,0.515,0.305,6
vienna-add-in.csv,0.63,0.37,0.595,0
voms.csv,0.05,0.435,0.0,11
wsmt.csv,0.10500000000000001,0.5,0.14500000000000002,7
