,f1,g,recall,precision,pf,wins
alleg.csv,0.655,0.6599999999999999,0.735,0.605,0.51,0
silvertree.csv,0.5700000000000001,0.55,0.525,0.72,0.185,1
