,recall,precision,pf,wins
bacula.csv,0.815,0.42000000000000004,0.56,0
jajuk.csv,0.8300000000000001,0.525,0.515,2
vapor.csv,0.88,0.485,0.685,1
zorannt.csv,0.56,0.515,0.22999999999999998,3
