,recall,precision,pf,pci_20,ifa,wins
genecys.csv,0.735,0.69,0.645,0.455,243.25,0
google-caja.csv,0.815,0.8300000000000001,0.41500000000000004,0.345,98.25,3
itext.csv,0.8049999999999999,0.775,0.5,0.335,98.25,2
plee-the-bear.csv,0.61,0.64,0.58,0.41000000000000003,98.25,1
