,recall,precision,pf,pci_20,ifa,wins
boost.csv,0.6950000000000001,0.505,0.44,0.44,242.5,1
etics.csv,0.53,0.645,0.23,0.51,144.75,4
genecys.csv,0.72,0.39,0.735,0.51,145.75,2
kftpgrabber.csv,0.245,0.59,0.11,0.675,96.5,7
kvs.csv,0.355,0.49,0.24,0.64,120.5,3
mcore3d.csv,0.5,0.5700000000000001,0.355,0.44,244.75,0
ogrehg.csv,0.675,0.565,0.31,0.48,98.0,5
projecteqemu.csv,0.55,0.5800000000000001,0.255,0.54,98.0,6
