,recall,precision,pf,wins
iaml.csv,0.32,0.48,0.255,2
jrdf.csv,0.455,0.52,0.265,3
mpqc.csv,0.345,0.35,0.21500000000000002,1
tigermud.csv,0.8500000000000001,0.33999999999999997,0.7,0
