,recall,precision,pf,wins
alembik.csv,0.23500000000000001,0.6799999999999999,0.2,8
arsenal-1.csv,0.275,0.675,0.245,7
barracudamvc.csv,0.9,0.435,0.875,0
irplus.csv,0.595,0.685,0.405,9
lite.csv,0.405,0.54,0.37,5
mevenide.csv,0.15000000000000002,0.56,0.14500000000000002,6
ontopia.csv,0.73,0.495,0.555,3
openintents.csv,0.64,0.5449999999999999,0.6499999999999999,2
ta3d.csv,0.28,0.495,0.23500000000000001,4
tweetsharp.csv,0.515,0.475,0.48,1
