,recall,precision,pf,pci_20,ifa,wins
jrdf.csv,0.47500000000000003,0.33,0.185,0.735,1.5,1
mpqc.csv,0.42500000000000004,0.22,0.32,0.9099999999999999,2.5,0
