,recall,precision,pf,wins
maidsafe-dht.csv,0.5449999999999999,0.35,0.33499999999999996,2
n2cms.csv,0.7050000000000001,0.275,0.515,0
nassp.csv,0.31999999999999995,0.43,0.2,3
nug.csv,0.745,0.32,0.4,1
