,recall,precision,pf,pci_20,ifa,wins
encog-java.csv,0.09,0.41500000000000004,0.035,0.75,125.25,4
fluent-nhibernate.csv,0.29000000000000004,0.345,0.125,0.76,145.25,3
h2database.csv,0.61,0.45499999999999996,0.195,0.65,116.25,5
jaql.csv,0.575,0.385,0.21000000000000002,0.46499999999999997,284.5,2
raven-monitoring.csv,0.385,0.295,0.315,0.66,196.25,1
v8.csv,0.6950000000000001,0.25,0.44,0.5249999999999999,433.25,0
