,recall,precision,pf,wins
arcallians.csv,0.485,0.64,0.30000000000000004,4
aztec.csv,0.445,0.445,0.44,1
mplayer-ce.csv,0.78,0.48,0.775,0
qmmp.csv,0.73,0.585,0.365,3
synergyspace.csv,0.06,0.545,0.05,2
xtreemfs.csv,0.36,0.65,0.10500000000000001,5
