,recall,precision,pf,wins
chaosrts.csv,0.9299999999999999,0.39,0.8500000000000001,0
lazarus-ccr.csv,0.585,0.43999999999999995,0.355,3
lcfizvtop.csv,0.44999999999999996,0.41000000000000003,0.345,1
migen.csv,0.33,0.52,0.175,4
mvnforum.csv,0.115,0.685,0.045000000000000005,5
plplot.csv,0.63,0.475,0.48,2
