,recall,precision,pf,wins
boost.csv,0.635,0.5650000000000001,0.46,3
etics.csv,0.20500000000000002,0.615,0.15000000000000002,6
genecys.csv,0.9299999999999999,0.375,0.855,0
kvs.csv,0.20500000000000002,0.59,0.16999999999999998,4
mcore3d.csv,0.695,0.45999999999999996,0.51,1
miranda.csv,0.595,0.455,0.425,2
ogrehg.csv,0.575,0.73,0.27,7
passwordsafe.csv,0.545,0.6,0.375,5
