,recall,precision,pf,pci_20,ifa,wins
agilitybook.csv,0.26,0.185,0.225,0.855,4.5,4
apolloplayer.csv,0.655,0.305,0.395,0.51,15.0,1
k3d.csv,0.22999999999999998,0.32999999999999996,0.125,0.78,2.0,5
redshell.csv,0.39,0.13,0.45999999999999996,0.69,11.0,0
rtb-team.csv,0.20500000000000002,0.375,0.15000000000000002,0.895,0.0,6
xreal.csv,0.195,0.11,0.125,0.88,6.0,3
xstore.csv,0.52,0.3,0.42500000000000004,0.46499999999999997,3.0,2
