,recall,precision,pf,wins
fityk.csv,0.66,0.5700000000000001,0.35,1
k3b.csv,0.73,0.51,0.58,0
mp-rechnungs-und-kundenverwaltung.csv,0.29000000000000004,0.61,0.115,3
thrust.csv,0.15000000000000002,0.625,0.125,2
