,recall,precision,pf,wins
biodwh.csv,0.315,0.72,0.165,9
delphilhlplib.csv,0.455,0.635,0.24,6
factor.csv,0.08499999999999999,0.705,0.015,7
fceugc.csv,0.28,0.5900000000000001,0.135,5
fltk.csv,0.45999999999999996,0.69,0.11,10
jstock.csv,0.15000000000000002,0.805,0.05,11
lportal.csv,0.405,0.38,0.525,1
natpad.csv,0.425,0.715,0.27,8
ogre.csv,0.99,0.38,0.985,0
phet.csv,0.74,0.425,0.6599999999999999,2
sandiaportals.csv,0.785,0.5,0.655,3
sumatrapdf.csv,0.71,0.525,0.515,4
