,recall,precision,pf,wins
genoviz.csv,0.045,0.915,0.0,5
irrlicht.csv,0.915,0.385,0.8,1
qedo.csv,0.01,0.3,0.0,2
qse.csv,0.535,0.5349999999999999,0.375,3
toped.csv,0.7949999999999999,0.37,0.72,0
truevision.csv,0.8300000000000001,0.715,0.5900000000000001,4
