,f1,g,recall,precision,pf,wins
adaptagrams.csv,0.44999999999999996,0.625,0.605,0.36,0.22999999999999998,5
aime.csv,0.37,0.45499999999999996,0.455,0.405,0.35,2
badtrinitycore.csv,0.305,0.355,0.315,0.29500000000000004,0.155,1
electric-core.csv,0.415,0.61,0.59,0.33,0.42,3
geochat.csv,0.35,0.285,0.505,0.41000000000000003,0.6,0
olsrd.csv,0.38,0.6,0.595,0.31,0.33499999999999996,4
