,recall,precision,pf,pci_20,ifa,wins
adaptagrams.csv,0.605,0.36,0.22999999999999998,0.495,3.0,5
aime.csv,0.455,0.405,0.35,0.61,5.0,4
badtrinitycore.csv,0.315,0.29500000000000004,0.155,0.5700000000000001,3.0,1
electric-core.csv,0.59,0.33,0.42,0.5,9.0,0
geochat.csv,0.505,0.41000000000000003,0.6,0.5449999999999999,2.5,3
olsrd.csv,0.595,0.31,0.33499999999999996,0.44,2.5,2
