,recall,precision,pf,wins
firebird.csv,0.54,0.48000000000000004,0.3,6
jmule.csv,0.7749999999999999,0.43000000000000005,0.575,3
nosleepsoftware.csv,0.09,0.345,0.175,1
open-ms.csv,0.56,0.615,0.27,9
qgo.csv,0.8200000000000001,0.49,0.625,4
rezilla.csv,0.675,0.435,0.575,2
riff-evolve.csv,0.54,0.505,0.21,7
uwom.csv,0.415,0.575,0.25,8
virtuoso.csv,0.945,0.46499999999999997,0.9299999999999999,0
yield.csv,0.805,0.495,0.585,5
