,recall,precision,pf,wins
algebsql.csv,0.45499999999999996,0.375,0.29000000000000004,7
autoopencas.csv,0.45999999999999996,0.305,0.575,0
gogoego.csv,0.46499999999999997,0.435,0.28500000000000003,8
jam-daq.csv,0.32,0.43999999999999995,0.17,9
jhotdraw.csv,0.7,0.345,0.5900000000000001,4
pokeglobal.csv,0.82,0.305,0.65,1
robocode.csv,0.645,0.32999999999999996,0.53,3
springside.csv,0.535,0.33,0.375,6
trinitycore.csv,0.25,0.315,0.295,2
uwom-server.csv,0.29000000000000004,0.335,0.28500000000000003,5
