,recall,precision,pf,wins
buddata-ebxml-registry.csv,0.9299999999999999,0.375,0.9299999999999999,0
lazarus-ccr.csv,0.62,0.41500000000000004,0.565,1
lcfizvtop.csv,0.605,0.42000000000000004,0.505,3
migen.csv,0.41500000000000004,0.4,0.27999999999999997,4
mvnforum.csv,0.27,0.42,0.29000000000000004,2
plplot.csv,0.77,0.475,0.74,5
