,f1,g,recall,precision,pf,wins
bacula.csv,0.525,0.605,0.7,0.42000000000000004,0.44499999999999995,1
jajuk.csv,0.595,0.7150000000000001,0.8049999999999999,0.515,0.49,3
vapor.csv,0.515,0.5700000000000001,0.715,0.44,0.585,0
zorannt.csv,0.5700000000000001,0.595,0.6699999999999999,0.525,0.38,2
