,recall,precision,pf,wins
applet2app.csv,0.42,0.435,0.335,5
cities3d.csv,0.365,0.36,0.2,4
firebird.csv,0.485,0.36,0.35,2
hydrogen.csv,0.345,0.47,0.28,6
lphant.csv,0.675,0.355,0.48,1
open-ms.csv,0.5,0.41000000000000003,0.43,3
qgo.csv,0.525,0.47,0.255,8
rhex.csv,0.225,0.51,0.07500000000000001,9
xined.csv,0.37,0.385,0.11499999999999999,7
yield.csv,0.83,0.345,0.575,0
