,recall,precision,pf,wins
crisscross.csv,0.535,0.53,0.445,5
cubefs.csv,0.615,0.495,0.29500000000000004,8
iaml.csv,0.7050000000000001,0.43,0.565,2
ivataopenportal.csv,0.5549999999999999,0.48,0.49,3
mb-unit.csv,0.855,0.5800000000000001,0.545,6
mvdsv.csv,0.0,0.0,0.0,0
nova.csv,0.445,0.5349999999999999,0.47,4
openwbem.csv,0.63,0.5,0.605,1
xcmetadataservicestoolkit.csv,0.7949999999999999,0.515,0.47,7
