,recall,precision,pf,wins
encog-java.csv,0.045,0.43,0.03,8
h2database.csv,0.2,0.42,0.215,5
hannosset.csv,0.09,0.345,0.045,4
jaql.csv,0.58,0.4,0.265,9
megameknet.csv,0.41500000000000004,0.465,0.375,7
ngl.csv,0.55,0.435,0.395,6
qedo.csv,0.09,0.35,0.065,3
qmmp.csv,0.71,0.33499999999999996,0.58,2
raven-monitoring.csv,0.335,0.265,0.32,0
v8.csv,0.9,0.355,0.8049999999999999,1
