,recall,precision,pf,wins
bacula.csv,0.81,0.8049999999999999,0.19499999999999998,1
jajuk.csv,0.76,0.865,0.2,0
