,recall,precision,pf,wins
boost-sandbox.csv,0.505,0.265,0.54,2
bscwweasel.csv,0.10500000000000001,0.49,0.03,10
capcode.csv,0.07,0.235,0.06,3
emite.csv,0.49,0.35,0.43,4
lamp.csv,0.155,0.38,0.08,8
mecat.csv,0.0,0.0,0.0,1
nodal.csv,0.265,0.41500000000000004,0.155,9
pydev.csv,0.32499999999999996,0.30500000000000005,0.20500000000000002,7
retromenu.csv,0.2,0.55,0.07,11
smbopensoft.csv,0.585,0.31,0.395,5
stuproa-cims.csv,0.935,0.29000000000000004,0.87,0
thout.csv,0.39,0.33999999999999997,0.305,6
