,recall,precision,pf,wins
crisscross.csv,0.165,0.5900000000000001,0.1,8
cubefs.csv,0.43,0.51,0.255,7
iaml.csv,0.63,0.51,0.53,4
ivataopenportal.csv,0.5449999999999999,0.44999999999999996,0.44999999999999996,3
mb-unit.csv,0.695,0.48,0.48,6
mvdsv.csv,0.0,0.0,0.0,0
nova.csv,0.48,0.565,0.43,5
openwbem.csv,0.66,0.53,0.605,2
xcmetadataservicestoolkit.csv,0.8200000000000001,0.45,0.6699999999999999,1
