,recall,precision,pf,pci_20,ifa,wins
logicmail.csv,0.9550000000000001,0.6799999999999999,0.65,0.35,98.0,0
mclient-mume.csv,0.46,0.845,0.08,0.66,90.0,1
