,recall,precision,pf,pci_20,ifa,wins
arcallians.csv,0.585,0.7050000000000001,0.20500000000000002,0.59,148.25,3
jlinalg.csv,0.75,0.5700000000000001,0.52,0.52,236.5,1
qmmp.csv,0.7,0.68,0.29,0.53,143.5,2
yale.csv,0.44499999999999995,0.455,0.33999999999999997,0.625,340.75,0
