,f1,g,recall,precision,pf,wins
ambulant.csv,0.39999999999999997,0.605,0.7,0.375,0.49,1
mecat.csv,0.25,0.49,0.5,0.165,0.060000000000000005,0
