,recall,precision,pf,wins
calcubetimer.csv,0.48,0.46499999999999997,0.29000000000000004,5
chaperon.csv,0.345,0.485,0.22,4
geotools.csv,0.74,0.45,0.59,2
l2j.csv,0.645,0.505,0.495,6
mule.csv,0.485,0.515,0.275,7
nunit.csv,0.41500000000000004,0.475,0.31,3
primefaces.csv,0.7849999999999999,0.375,0.71,0
springside.csv,0.79,0.55,0.5,9
swtfox.csv,0.7,0.49,0.775,1
twostep.csv,0.75,0.545,0.51,8
