,recall,precision,pf,wins
codesmith.csv,0.8200000000000001,0.45999999999999996,0.78,2
geotools.csv,0.14500000000000002,0.375,0.165,3
gephex.csv,0.72,0.49,0.5800000000000001,4
haggle.csv,0.29000000000000004,0.32,0.4,0
java-gnome.csv,0.515,0.525,0.29500000000000004,7
jgnash.csv,0.195,0.515,0.14500000000000002,6
jrdf.csv,0.425,0.5549999999999999,0.275,8
mpqc.csv,0.435,0.595,0.43,5
panda3d.csv,0.125,0.6,0.135,9
tencompetence.csv,0.435,0.32499999999999996,0.41500000000000004,1
