,recall,precision,pf,pci_20,ifa,wins
boost.csv,0.695,0.55,0.375,0.47,2.5,1
etics.csv,0.45999999999999996,0.72,0.14500000000000002,0.605,0.0,7
genecys.csv,0.78,0.38,0.81,0.49,1.0,0
kvs.csv,0.375,0.475,0.29000000000000004,0.62,1.0,4
mcore3d.csv,0.6699999999999999,0.63,0.395,0.45,0.0,6
miranda.csv,0.6499999999999999,0.475,0.505,0.48,0.5,2
ogrehg.csv,0.5900000000000001,0.6499999999999999,0.29500000000000004,0.55,2.0,5
passwordsafe.csv,0.8049999999999999,0.575,0.5700000000000001,0.45,1.0,3
