,recall,precision,pf,wins
aztec.csv,0.585,0.41500000000000004,0.20500000000000002,5
nsis.csv,0.6699999999999999,0.3,0.685,0
papertoolkit.csv,0.44499999999999995,0.435,0.255,4
plearn.csv,0.64,0.41500000000000004,0.41000000000000003,3
qdvdauthor.csv,0.555,0.365,0.48,1
tango-cs.csv,0.875,0.405,0.7949999999999999,2
