,f1,g,recall,precision,pf,wins
poormans.csv,0.375,0.54,0.53,0.3,0.42500000000000004,0
tradelink.csv,0.4,0.61,0.75,0.28,0.5750000000000001,1
