,recall,precision,pf,wins
bacula.csv,0.75,0.46499999999999997,0.43,1
jajuk.csv,0.5800000000000001,0.45499999999999996,0.31,2
vapor.csv,0.30000000000000004,0.65,0.145,3
zorannt.csv,0.5900000000000001,0.5650000000000001,0.55,0
