,recall,precision,pf,wins
crisscross.csv,0.29,0.5349999999999999,0.225,8
cubefs.csv,0.525,0.54,0.42500000000000004,5
iaml.csv,0.58,0.41500000000000004,0.56,1
ivataopenportal.csv,0.51,0.485,0.405,3
mb-unit.csv,0.7050000000000001,0.5800000000000001,0.5449999999999999,7
mvdsv.csv,0.0,0.0,0.0,0
nova.csv,0.365,0.53,0.31999999999999995,6
openwbem.csv,0.6799999999999999,0.515,0.625,2
xcmetadataservicestoolkit.csv,0.56,0.52,0.435,4
