,recall,precision,pf,pci_20,ifa,wins
amanda.csv,0.64,0.475,0.49,0.5,247.25,5
empyrean.csv,0.0,0.0,0.0,0.0,0.0,0
impala.csv,0.515,0.275,0.4,0.8,282.5,3
multitude.csv,0.87,0.435,0.755,0.435,288.5,2
nutz.csv,0.665,0.435,0.665,0.5800000000000001,337.25,1
pi-qmc.csv,0.5800000000000001,0.53,0.475,0.49,291.0,4
