,recall,precision,pf,wins
fido.csv,0.035,0.21,0.035,3
fityk.csv,0.7050000000000001,0.33,0.43,5
freenet.csv,0.77,0.335,0.6799999999999999,4
geogebra.csv,0.51,0.5800000000000001,0.26,9
hibernate.csv,0.63,0.42000000000000004,0.305,8
itext.csv,0.905,0.275,0.81,0
k3b.csv,0.795,0.27,0.6950000000000001,2
lamp.csv,0.635,0.415,0.445,7
megameknet.csv,0.7050000000000001,0.385,0.45499999999999996,6
thout.csv,0.885,0.365,0.915,1
