,recall,precision,pf,wins
avisynth2.csv,0.005,0.165,0.0,2
coot.csv,0.55,0.33,0.45,1
haggle.csv,0.53,0.365,0.435,3
ibatisdb.csv,0.215,0.49,0.14500000000000002,9
jas.csv,0.185,0.44,0.12,8
mesa3d.csv,0.315,0.39,0.30500000000000005,5
ngl.csv,0.5,0.31999999999999995,0.355,4
pustefix.csv,0.26,0.325,0.325,0
scenemonitor.csv,0.645,0.415,0.49,6
wsmt.csv,0.23500000000000001,0.28,0.14,7
