,recall,precision,pf,pci_20,ifa,wins
bacula.csv,0.7,0.42000000000000004,0.44499999999999995,0.45499999999999996,2.0,1
jajuk.csv,0.8049999999999999,0.515,0.49,0.345,0.0,3
vapor.csv,0.715,0.44,0.585,0.485,5.5,0
zorannt.csv,0.6699999999999999,0.525,0.38,0.44999999999999996,2.5,2
