,recall,precision,pf,pci_20,ifa,wins
bwapi.csv,0.9299999999999999,0.575,0.925,0.42500000000000004,98.5,0
cities3d.csv,0.155,0.69,0.135,0.7350000000000001,95.5,7
img-browse-sort.csv,0.645,0.66,0.345,0.49,98.5,5
levent.csv,0.765,0.6950000000000001,0.5800000000000001,0.485,99.0,6
pnotepad.csv,0.895,0.64,0.6950000000000001,0.385,99.0,3
selenium.csv,0.5,0.68,0.305,0.415,144.75,1
somap.csv,0.855,0.6100000000000001,0.785,0.395,98.5,2
xemeiah.csv,0.75,0.6499999999999999,0.5549999999999999,0.44,98.75,4
