,recall,precision,pf,wins
etherboot.csv,0.505,0.545,0.475,4
fityk.csv,0.44999999999999996,0.46499999999999997,0.435,3
hatari.csv,0.585,0.585,0.4,9
lmms.csv,0.58,0.53,0.38,7
mecat.csv,0.0,0.0,0.0,0
nullc.csv,0.885,0.39,0.785,1
oscarmcmaster.csv,0.265,0.5900000000000001,0.105,10
superwaba.csv,0.58,0.685,0.38,11
tycho.csv,0.555,0.55,0.4,6
vienna-add-in.csv,0.97,0.5,0.92,2
voms.csv,0.135,0.525,0.08499999999999999,8
wsmt.csv,0.20500000000000002,0.375,0.1,5
