,recall,precision,pf,pci_20,ifa,wins
multitude.csv,0.72,0.6499999999999999,0.43499999999999994,0.425,1.0,0
ngl.csv,0.7050000000000001,0.595,0.42000000000000004,0.45,0.0,1
qmmp.csv,0.6,0.6599999999999999,0.355,0.55,0.0,3
quarkplusplus.csv,0.78,0.61,0.545,0.45499999999999996,0.0,2
