,recall,precision,pf,wins
bacula.csv,0.63,0.43999999999999995,0.385,1
jajuk.csv,0.7250000000000001,0.5449999999999999,0.35,2
vapor.csv,0.365,0.73,0.11,3
zorannt.csv,0.635,0.555,0.545,0
