,recall,precision,pf,pci_20,ifa,wins
foursquared.csv,0.055,0.29,0.05,0.485,31.5,1
repositorium.csv,0.195,0.25,0.32,0.685,3.0,3
simplewebservices.csv,0.6950000000000001,0.275,0.5349999999999999,0.46499999999999997,2.0,2
xbg.csv,0.195,0.16,0.22000000000000003,0.7050000000000001,36.5,0
