,recall,precision,pf,pci_20,ifa,wins
arsenal-1.csv,0.355,0.33999999999999997,0.35,0.575,160.5,3
aztec.csv,0.355,0.29500000000000004,0.44,0.515,234.25,0
jbpm.csv,0.060000000000000005,0.28500000000000003,0.06,0.45999999999999996,80.25,2
mediate.csv,0.45999999999999996,0.315,0.44999999999999996,0.555,187.5,1
mycila.csv,0.62,0.445,0.585,0.525,190.5,5
neodatis-odb.csv,0.38,0.39,0.35,0.7150000000000001,184.0,7
nsis.csv,0.73,0.41500000000000004,0.595,0.57,186.25,6
rodin-b-sharp.csv,0.165,0.33499999999999996,0.095,0.56,145.5,4
