,recall,precision,pf,pci_20,ifa,wins
jsidplay2.csv,0.49,0.91,0.15000000000000002,0.605,94.25,1
m-m-m.csv,0.735,0.85,0.44999999999999996,0.605,97.5,0
