,recall,precision,pf,wins
graphmak.csv,0.5349999999999999,0.78,0.48,2
jruby.csv,0.46,0.8049999999999999,0.33499999999999996,4
pdfedit.csv,0.45999999999999996,0.74,0.4,0
rectracker.csv,0.905,0.8300000000000001,0.785,3
wxlua.csv,0.48,0.815,0.375,5
x4x.csv,0.72,0.745,0.585,1
