,recall,precision,pf,pci_20,ifa,wins
codeblocks.csv,0.7150000000000001,0.425,0.46,0.495,98.75,4
extprosys.csv,0.445,0.385,0.28500000000000003,0.515,98.75,3
fluidium.csv,0.0,0.0,0.005,0.285,49.25,0
haphazard.csv,0.215,0.42000000000000004,0.255,0.885,178.75,2
qcad2.csv,0.195,0.37,0.14500000000000002,0.83,107.25,5
silvertree.csv,0.7749999999999999,0.39,0.6699999999999999,0.48,195.0,1
