,recall,precision,pf,wins
aztec.csv,0.05,0.545,0.095,4
nsis.csv,0.91,0.30500000000000005,0.725,0
papertoolkit.csv,0.03,0.46499999999999997,0.02,3
plearn.csv,0.645,0.5549999999999999,0.56,2
qdvdauthor.csv,0.575,0.35,0.49,1
tango-cs.csv,0.47000000000000003,0.52,0.255,5
