,f1,g,recall,precision,pf,cdom,bellwether
1,0.8,0.48,0.44,0.44,0.5,6.0,springside.csv
9,0.825,0.34,0.305,0.315,0.495,1.0,atunes.csv
12,0.585,0.425,0.355,0.37,0.455,9.0,amanda.csv
26,0.54,0.28500000000000003,0.29,0.385,0.5549999999999999,3.0,opentibia.csv
31,0.78,0.48,0.4,0.36,0.48,18.0,olap-navigator.csv
51,0.915,0.38,0.33,0.325,0.43,17.0,ivataopenportal.csv
23,0.81,0.6799999999999999,0.575,0.575,0.735,1.0,magicwars.csv
24,0.64,0.5449999999999999,0.51,0.49,0.51,2.0,esmf.csv
25,0.74,0.645,0.55,0.55,0.55,0.0,xmemcached.csv
