,recall,precision,pf,wins
biodwh.csv,0.605,0.7050000000000001,0.34,10
delphilhlplib.csv,0.345,0.585,0.125,9
factor.csv,0.0,0.0,0.0,1
fceugc.csv,0.4,0.56,0.32999999999999996,6
fltk.csv,0.38,0.59,0.155,8
jstock.csv,0.36,0.7949999999999999,0.135,11
lportal.csv,0.365,0.41000000000000003,0.4,3
natpad.csv,0.59,0.66,0.38,7
ogre.csv,1.0,0.375,1.0,0
phet.csv,0.33,0.355,0.47,2
sandiaportals.csv,0.7,0.44,0.52,5
sumatrapdf.csv,0.5549999999999999,0.505,0.5700000000000001,4
