,recall,precision,pf,wins
amateur-scrolls.csv,0.165,0.64,0.055,9
ffigo.csv,0.81,0.46,0.5349999999999999,3
foursquared.csv,0.3,0.5700000000000001,0.12,8
gebr.csv,0.89,0.35,0.64,2
ildjit.csv,0.055,0.585,0.04,7
jfreereport.csv,0.48,0.30500000000000005,0.675,0
kml.csv,0.645,0.42,0.405,4
ng4j.csv,0.56,0.56,0.37,5
pcsx2.csv,0.525,0.445,0.245,6
wxjs.csv,0.0,0.0,0.0,1
