,f1,g,recall,precision,pf,cdom,bellwether
1,0.7,0.605,0.57,0.5,0.57,6.0,apertium.csv
9,0.85,0.305,0.29500000000000004,0.355,0.46499999999999997,1.0,atunes.csv
12,0.6,0.395,0.34,0.44,0.53,8.0,wow-qrsk.csv
25,0.635,0.56,0.325,0.41,0.49,3.0,jmri.csv
30,0.73,0.45999999999999996,0.33,0.38,0.46499999999999997,17.0,sepgsql.csv
49,0.66,0.375,0.32,0.41,0.52,19.0,silvertree.csv
22,0.81,0.585,0.585,0.475,0.69,1.0,magicwars.csv
23,0.6100000000000001,0.46499999999999997,0.425,0.44,0.505,3.0,turbotrader-bos.csv
24,0.74,0.675,0.61,0.61,0.61,0.0,xmemcached.csv
