,recall,precision,pf,pci_20,ifa,wins
aztec.csv,0.42000000000000004,0.42,0.175,0.855,4.0,4
nsis.csv,0.64,0.305,0.6699999999999999,0.525,4.5,0
papertoolkit.csv,0.42000000000000004,0.41000000000000003,0.255,0.52,0.5,3
plearn.csv,0.46499999999999997,0.45999999999999996,0.35,0.585,1.0,5
qdvdauthor.csv,0.635,0.38,0.495,0.5900000000000001,2.0,2
tango-cs.csv,0.33,0.455,0.46499999999999997,0.505,0.5,1
