,f1,g,recall,precision,pf,wins
aztec.csv,0.29,0.455,0.42000000000000004,0.42,0.175,2
nsis.csv,0.405,0.47,0.64,0.305,0.6699999999999999,1
papertoolkit.csv,0.385,0.44999999999999996,0.42000000000000004,0.41000000000000003,0.255,3
plearn.csv,0.48,0.485,0.46499999999999997,0.45999999999999996,0.35,5
qdvdauthor.csv,0.46499999999999997,0.545,0.635,0.38,0.495,4
tango-cs.csv,0.38,0.355,0.33,0.455,0.46499999999999997,0
