,recall,precision,pf,wins
calcubetimer.csv,0.7250000000000001,0.375,0.72,0
chaperon.csv,0.135,0.555,0.07500000000000001,4
mule.csv,0.255,0.495,0.13,2
nunit.csv,0.42500000000000004,0.585,0.22,5
springside.csv,0.725,0.54,0.51,3
swtfox.csv,0.19,0.485,0.12,1
