,recall,precision,pf,wins
dspace-gsoc.csv,0.405,0.47500000000000003,0.11,7
electric-core.csv,0.615,0.375,0.485,1
jahshakafx.csv,0.38,0.73,0.1,9
jython.csv,0.56,0.47,0.33999999999999997,3
kftpgrabber.csv,0.305,0.46499999999999997,0.22,2
mvnforum.csv,0.28,0.315,0.33999999999999997,0
openmalaria.csv,0.63,0.44999999999999996,0.345,4
plplot.csv,0.76,0.54,0.43,5
popeye-chess.csv,0.6,0.565,0.305,6
zxing.csv,0.57,0.5549999999999999,0.22,8
