,recall,precision,pf,wins
calcubetimer.csv,0.91,0.405,0.755,0
chaperon.csv,0.10500000000000001,0.5449999999999999,0.05,7
geotools.csv,0.24,0.6950000000000001,0.07500000000000001,9
l2j.csv,0.725,0.46499999999999997,0.505,4
mule.csv,0.41500000000000004,0.485,0.24,5
nunit.csv,0.41000000000000003,0.64,0.18,8
primefaces.csv,0.8300000000000001,0.46499999999999997,0.74,2
springside.csv,0.735,0.56,0.675,3
swtfox.csv,0.33999999999999997,0.445,0.48,1
twostep.csv,0.55,0.575,0.45,6
