,recall,precision,pf,pci_20,ifa,wins
fritzing.csv,0.69,0.595,0.305,0.475,98.5,5
jlinalg.csv,0.81,0.45,0.595,0.47,147.0,1
jmule.csv,0.825,0.63,0.33999999999999997,0.47,138.25,4
knowledge.csv,0.77,0.485,0.535,0.415,245.0,0
massiv.csv,0.14500000000000002,0.7250000000000001,0.015,0.7350000000000001,92.5,6
ng4j.csv,0.43000000000000005,0.74,0.13,0.735,97.5,7
playerstage.csv,0.685,0.53,0.29,0.525,98.5,3
superwaba.csv,0.71,0.585,0.4,0.385,195.5,2
