,f1,g,recall,precision,pf,wins
bloodycore.csv,0.39,0.5,0.47000000000000003,0.385,0.22499999999999998,1
raygina.csv,0.41500000000000004,0.58,0.595,0.36,0.46,0
