,recall,precision,pf,wins
freewrl.csv,0.8300000000000001,0.57,0.61,0
silvertree.csv,0.8200000000000001,0.605,0.595,1
