,recall,precision,pf,pci_20,ifa,wins
cleartk.csv,0.755,0.44999999999999996,0.605,0.46,196.25,2
forester-atv.csv,0.21,0.565,0.22000000000000003,0.785,98.5,7
google-collections.csv,1.0,0.44,0.995,0.385,196.75,0
jsecurity.csv,0.335,0.555,0.2,0.685,98.5,6
opensim4opencog.csv,0.605,0.53,0.315,0.415,197.0,4
paintown.csv,0.945,0.44,0.985,0.425,196.75,1
smbopensoft.csv,0.625,0.43000000000000005,0.6,0.49,98.75,5
thout.csv,0.765,0.43,0.605,0.44499999999999995,147.5,3
