,recall,precision,pf,wins
e-bio-flow.csv,0.16499999999999998,0.26,0.08499999999999999,1
exl.csv,0.725,0.29000000000000004,0.765,0
opennms.csv,0.185,0.675,0.055,4
phet.csv,0.5700000000000001,0.495,0.56,3
runuomondains.csv,0.265,0.32,0.13,2
