,recall,precision,pf,pci_20,ifa,wins
agilitybook.csv,0.15000000000000002,0.18,0.245,0.92,523.75,4
apolloplayer.csv,0.73,0.165,0.43999999999999995,0.49,544.5,1
k3d.csv,0.225,0.15500000000000003,0.125,0.7749999999999999,345.75,5
kowari.csv,0.51,0.175,0.32,0.585,478.5,2
redshell.csv,0.31,0.08,0.37,0.7050000000000001,470.0,0
rtb-team.csv,0.16,0.24,0.115,0.885,196.5,6
xreal.csv,0.26,0.11,0.13,0.84,513.5,3
