,recall,precision,pf,wins
alpine.csv,0.14500000000000002,0.675,0.025,5
autat.csv,0.375,0.515,0.12000000000000001,3
critterding.csv,0.485,0.41000000000000003,0.455,0
fmri-dmt.csv,0.12,0.605,0.04,4
open-data-kit.csv,0.6699999999999999,0.32999999999999996,0.45499999999999996,1
reactos-mirror.csv,0.7849999999999999,0.38,0.54,2
