,recall,precision,pf,pci_20,ifa,wins
benojt.csv,0.995,0.24,0.955,0.395,99.0,0
chrysalis.csv,0.81,0.41500000000000004,0.505,0.415,98.75,3
jahshaka.csv,0.6,0.38,0.39,0.525,98.75,4
jatlas.csv,0.655,0.4,0.395,0.51,98.5,5
jedit.csv,0.875,0.265,0.76,0.415,98.75,1
open-media-library.csv,0.66,0.36,0.46499999999999997,0.5700000000000001,191.75,2
snakeyaml.csv,0.515,0.49,0.16,0.5549999999999999,98.75,7
xamj.csv,0.65,0.395,0.315,0.5,98.75,6
