,recall,precision,pf,wins
avisynth2.csv,0.0,0.0,0.0,2
coot.csv,0.35,0.44,0.26,8
haggle.csv,0.675,0.52,0.31000000000000005,9
ibatisdb.csv,0.14500000000000002,0.28,0.1,5
jas.csv,0.0,0.0,0.01,1
mesa3d.csv,0.165,0.42000000000000004,0.15000000000000002,7
ngl.csv,0.595,0.405,0.43,6
pustefix.csv,0.055,0.30500000000000005,0.12000000000000001,4
scenemonitor.csv,0.7,0.4,0.625,3
wsmt.csv,0.235,0.22,0.355,0
