,recall,precision,pf,pci_20,ifa,wins
freenet.csv,0.94,0.475,0.88,0.375,145.5,2
javagroups.csv,0.5,0.5900000000000001,0.325,0.45499999999999996,194.0,5
jrefactory.csv,0.78,0.495,0.655,0.415,265.5,0
logicmail.csv,0.915,0.45999999999999996,0.95,0.365,145.5,1
nodal.csv,0.5549999999999999,0.51,0.34,0.45499999999999996,192.5,3
soar.csv,0.845,0.575,0.785,0.395,194.0,4
taverna.csv,0.355,0.505,0.255,0.76,146.75,6
web-cat.csv,0.865,0.5900000000000001,0.645,0.4,99.0,7
