,recall,precision,pf,wins
applet2app.csv,0.81,0.325,0.755,1
cities3d.csv,0.53,0.32999999999999996,0.575,0
firebird.csv,0.63,0.31,0.395,5
hydrogen.csv,0.375,0.48,0.14500000000000002,8
lphant.csv,0.675,0.32499999999999996,0.535,3
open-ms.csv,0.41,0.38,0.435,4
qgo.csv,0.525,0.395,0.24,7
rhex.csv,0.22,0.55,0.065,9
xined.csv,0.37,0.405,0.155,6
yield.csv,0.825,0.31,0.675,2
