,recall,precision,pf,pci_20,ifa,wins
bacula.csv,0.755,0.625,0.61,0.42500000000000004,247.5,0
jajuk.csv,0.8049999999999999,0.76,0.405,0.33999999999999997,99.0,1
