,recall,precision,pf,pci_20,ifa,wins
maidsafe-dht.csv,0.535,0.385,0.345,0.54,310.75,1
n2cms.csv,0.6950000000000001,0.25,0.58,0.38,327.75,0
nassp.csv,0.355,0.36,0.28,0.6200000000000001,183.5,3
nug.csv,0.63,0.32,0.335,0.665,281.5,2
