,recall,precision,pf,wins
array4j.csv,0.6699999999999999,0.135,0.71,0
bigdata.csv,0.44,0.22,0.27,5
calcubetimer.csv,0.435,0.22999999999999998,0.41000000000000003,4
jas.csv,0.365,0.295,0.33,7
jbpm.csv,0.055,0.115,0.035,2
jgossipforum.csv,0.39,0.305,0.215,10
joustsim.csv,0.73,0.22,0.345,9
madman.csv,0.255,0.16,0.44,1
mule.csv,0.525,0.22999999999999998,0.32499999999999996,6
nunit.csv,0.375,0.2,0.345,3
piccolo2d.csv,0.45999999999999996,0.32499999999999996,0.245,11
sblim.csv,0.355,0.26,0.185,8
