,recall,precision,pf,wins
adaptagrams.csv,0.595,0.33999999999999997,0.225,7
aime.csv,0.22000000000000003,0.335,0.22999999999999998,6
badtrinitycore.csv,0.385,0.26,0.185,5
electric-core.csv,0.635,0.30500000000000005,0.53,2
geochat.csv,0.515,0.29500000000000004,0.485,0
mumble.csv,0.72,0.28500000000000003,0.435,4
olsrd.csv,0.635,0.295,0.45,3
t-2.csv,0.615,0.28,0.45999999999999996,1
