,recall,precision,pf,wins
maidsafe-dht.csv,0.20500000000000002,0.665,0.03,3
n2cms.csv,0.6950000000000001,0.21000000000000002,0.545,0
nassp.csv,0.275,0.36,0.16,1
nug.csv,0.645,0.385,0.265,2
