,recall,precision,pf,wins
genecys.csv,0.975,0.655,0.885,0
google-caja.csv,0.865,0.795,0.44500000000000006,2
itext.csv,0.33999999999999997,0.86,0.165,3
plee-the-bear.csv,0.74,0.75,0.855,1
