,recall,precision,pf,wins
blogentis.csv,0.69,0.08499999999999999,0.65,3
emulemorph.csv,0.0,0.0,0.14500000000000002,2
jaxen.csv,0.03,0.175,0.035,6
jvcl.csv,0.0,0.0,0.015,4
m-m-m.csv,1.0,0.085,0.905,0
motu.csv,0.375,0.13,0.28,5
nh3d.csv,0.345,0.175,0.20500000000000002,7
sarasvati.csv,0.035,0.375,0.01,9
wgs-assembler.csv,0.49,0.14,0.22999999999999998,8
zabbix.csv,0.815,0.09,0.77,1
