,recall,precision,pf,pci_20,ifa,wins
bzbyte.csv,0.38,0.07500000000000001,0.18000000000000002,0.41000000000000003,97.0,1
columba.csv,0.62,0.515,0.39,0.4,243.5,2
emftriple.csv,0.13,0.385,0.15000000000000002,0.9299999999999999,339.25,4
fluent-nhibernate.csv,0.42500000000000004,0.52,0.25,0.56,145.25,5
gpsmid.csv,0.78,0.395,0.5,0.425,148.25,3
xamj.csv,0.765,0.42999999999999994,0.645,0.42500000000000004,493.0,0
