,recall,precision,pf,pci_20,ifa,wins
jparsec.csv,0.6299999999999999,0.47,0.605,0.475,235.75,0
kmess.csv,0.305,0.32999999999999996,0.245,0.76,184.5,1
minig.csv,0.695,0.51,0.78,0.44,147.5,2
ossbuild.csv,0.485,0.515,0.265,0.74,96.25,5
rezilla.csv,0.245,0.535,0.15000000000000002,0.765,142.75,4
webdriver.csv,0.5700000000000001,0.395,0.3,0.505,143.0,3
