,recall,precision,pf,pci_20,ifa,wins
benojt.csv,0.995,0.24,0.97,0.395,4.0,0
chrysalis.csv,0.765,0.45,0.315,0.445,1.5,6
jahshaka.csv,0.5349999999999999,0.395,0.29500000000000004,0.535,2.5,3
jatlas.csv,0.63,0.395,0.395,0.51,2.0,4
jedit.csv,0.94,0.245,0.8799999999999999,0.42,2.5,1
open-media-library.csv,0.62,0.4,0.345,0.5800000000000001,4.0,2
snakeyaml.csv,0.485,0.465,0.16,0.61,0.0,7
xamj.csv,0.63,0.38,0.245,0.525,1.5,5
