,recall,precision,pf,wins
echongl.csv,0.33999999999999997,0.65,0.265,7
ivatamasks.csv,0.77,0.61,0.74,2
orc.csv,0.35000000000000003,0.59,0.44,1
plato.csv,0.6399999999999999,0.565,0.765,0
proftp.csv,0.385,0.77,0.22,10
tycho.csv,0.565,0.72,0.52,8
uclmda.csv,0.035,0.54,0.07,3
umber.csv,0.305,0.78,0.22999999999999998,9
unicase.csv,0.865,0.6699999999999999,0.655,6
vienna-add-in.csv,0.8300000000000001,0.6950000000000001,0.835,5
wpdev.csv,1.0,0.675,1.0,4
