,recall,precision,pf,wins
adobe-source.csv,0.22999999999999998,0.46499999999999997,0.055,6
atlc.csv,0.88,0.315,0.765,2
ipfilter.csv,0.77,0.31,0.785,1
jmol.csv,0.62,0.32,0.36,5
pfaedit.csv,0.46499999999999997,0.525,0.14500000000000002,8
rockbox.csv,0.405,0.405,0.34,4
snakeyaml.csv,0.435,0.35,0.655,0
theresa.csv,0.015,0.54,0.0,7
trinitycore.csv,0.33499999999999996,0.15500000000000003,0.215,3
wxcode.csv,0.11,0.665,0.005,9
