,recall,precision,pf,pci_20,ifa,wins
boost.csv,0.685,0.5549999999999999,0.4,0.46499999999999997,1.5,0
etics.csv,0.505,0.6950000000000001,0.16999999999999998,0.5549999999999999,0.5,7
genecys.csv,0.79,0.41000000000000003,0.8200000000000001,0.51,0.5,4
kvs.csv,0.38,0.44999999999999996,0.31,0.5900000000000001,1.5,1
mcore3d.csv,0.48,0.6000000000000001,0.275,0.46499999999999997,1.0,3
miranda.csv,0.645,0.47,0.53,0.5,1.0,2
ogrehg.csv,0.62,0.655,0.29500000000000004,0.56,1.5,6
passwordsafe.csv,0.77,0.565,0.47,0.51,1.0,5
