,recall,precision,pf,wins
ikvm.csv,0.41500000000000004,0.35000000000000003,0.495,0
mcmc-jags.csv,0.6,0.615,0.295,5
olap-navigator.csv,0.8200000000000001,0.45999999999999996,0.525,4
pidgin.csv,0.65,0.35,0.485,1
salasaga.csv,0.855,0.5700000000000001,0.765,2
sepgsql.csv,0.17,0.45999999999999996,0.19,3
