,f1,g,recall,precision,pf,wins
freewrl.csv,0.635,0.6599999999999999,0.69,0.59,0.42000000000000004,1
silvertree.csv,0.695,0.455,0.88,0.585,0.635,0
