,recall,precision,pf,pci_20,ifa,wins
freewrl.csv,0.69,0.59,0.42000000000000004,0.43,2.5,1
silvertree.csv,0.88,0.585,0.635,0.42500000000000004,2.5,0
