,recall,precision,pf,wins
bloodycore.csv,0.605,0.455,0.705,0
flylegacy.csv,0.54,0.445,0.385,3
ftm.csv,0.35,0.545,0.225,7
jcache.csv,0.335,0.5,0.295,4
lphant.csv,0.75,0.44999999999999996,0.5700000000000001,2
minig.csv,0.765,0.5549999999999999,0.71,6
mob-sen-plat.csv,0.345,0.475,0.385,1
raygina.csv,0.355,0.56,0.22499999999999998,8
upp-mirror.csv,0.265,0.605,0.1,9
yarp.csv,0.25,0.47500000000000003,0.155,5
