,recall,precision,pf,pci_20,ifa,wins
alpine.csv,0.97,0.42000000000000004,0.995,0.46,295.0,0
biodwh.csv,0.42,0.51,0.225,0.675,227.25,6
brlcad.csv,0.45499999999999996,0.45999999999999996,0.31,0.63,266.5,3
critterding.csv,0.73,0.45499999999999996,0.72,0.5449999999999999,265.75,2
jmri.csv,0.5549999999999999,0.32,0.335,0.5800000000000001,292.5,1
nabu-library.csv,0.28500000000000003,0.37,0.275,0.76,203.75,5
popeye-chess.csv,0.41,0.49,0.30500000000000005,0.53,240.75,4
yarp.csv,0.425,0.46499999999999997,0.31,0.84,188.25,7
