,recall,precision,pf,wins
dxengine.csv,0.61,0.43,0.49,3
freedom-erp.csv,0.055,0.53,0.0,10
javaprofiler.csv,0.605,0.39,0.56,0
jmoney.csv,0.315,0.5900000000000001,0.185,11
jsidplay2.csv,0.755,0.49,0.5700000000000001,5
reaper3d.csv,0.5549999999999999,0.485,0.335,7
servicestack.csv,0.02,0.41500000000000004,0.025,4
springside.csv,0.605,0.4,0.52,1
swtfox.csv,0.39,0.52,0.395,6
synecdoche.csv,0.62,0.51,0.41500000000000004,8
tmva.csv,0.685,0.475,0.63,2
wsmt.csv,0.155,0.5,0.09,9
