,recall,precision,pf,wins
applet2app.csv,0.65,0.315,0.6699999999999999,0
firebird.csv,0.7,0.42500000000000004,0.575,1
fmri-dmt.csv,0.045,0.42500000000000004,0.03,4
htmlunit.csv,0.19,0.5,0.11,7
monetdb.csv,0.45,0.45,0.32,5
ontomorphtab.csv,0.565,0.44,0.435,2
smarttag.csv,0.46,0.44999999999999996,0.28500000000000003,6
taokgame.csv,0.33499999999999996,0.515,0.15,8
webdriver.csv,0.505,0.335,0.265,3
xbplayer.csv,0.31,0.685,0.10500000000000001,9
