,recall,precision,pf,wins
multitude.csv,0.73,0.605,0.43,1
ngl.csv,0.495,0.515,0.405,0
qmmp.csv,0.5800000000000001,0.625,0.29500000000000004,3
quarkplusplus.csv,0.56,0.62,0.365,2
