,recall,precision,pf,pci_20,ifa,wins
genoviz.csv,0.12,0.925,0.02,0.87,96.5,5
irrlicht.csv,1.0,0.39,1.0,0.405,99.0,0
qedo.csv,0.115,0.26,0.195,0.845,98.75,3
qse.csv,0.5449999999999999,0.65,0.33,0.45499999999999996,99.0,2
toped.csv,0.71,0.345,0.61,0.5700000000000001,98.25,1
truevision.csv,0.59,0.72,0.425,0.515,98.0,4
