,f1,g,recall,precision,pf,cdom,bellwether
1,0.27,0.6,0.35,0.48,0.61,6.0,haggle.csv
9,0.85,0.35000000000000003,0.30000000000000004,0.31000000000000005,0.445,1.0,atunes.csv
12,0.5,0.45,0.38,0.395,0.5,8.0,openmeetings.csv
25,0.30000000000000004,0.5249999999999999,0.29000000000000004,0.385,0.45,3.0,retromenu.csv
30,0.84,0.44,0.31,0.31,0.45,17.0,pidgin.csv
49,0.6799999999999999,0.385,0.29,0.28,0.4,19.0,jaolt.csv
22,0.8200000000000001,0.5800000000000001,0.485,0.485,0.66,1.0,magicwars.csv
23,0.72,0.515,0.43,0.43,0.46499999999999997,3.0,esmf.csv
24,0.7,0.6599999999999999,0.62,0.62,0.62,0.0,xmemcached.csv
