,recall,precision,pf,wins
atlc.csv,0.695,0.33999999999999997,0.6,2
miranda-icq.csv,0.31999999999999995,0.345,0.21000000000000002,3
pclasses.csv,0.075,0.365,0.04,6
pfaedit.csv,0.26,0.495,0.13,10
rockbox.csv,0.31,0.365,0.16,8
theresa.csv,0.005,0.125,0.0,0
thrust.csv,0.275,0.395,0.22000000000000003,7
tktoolkit.csv,0.855,0.365,0.855,1
trinitycore.csv,0.195,0.375,0.14500000000000002,5
tzod.csv,0.505,0.38,0.29000000000000004,9
yaprm.csv,0.595,0.375,0.41500000000000004,4
