,f1,g,recall,precision,pf,cdom,bellwether
69,0.54,0.5700000000000001,0.46499999999999997,0.49,0.505,7.0,amanda.csv
