,recall,precision,pf,wins
bacula.csv,0.73,0.42000000000000004,0.435,0
jajuk.csv,0.65,0.52,0.345,1
vapor.csv,0.31,0.7050000000000001,0.07,3
zorannt.csv,0.28,0.515,0.125,2
