,recall,precision,pf,wins
firebird.csv,0.535,0.45,0.345,4
jmule.csv,0.5,0.5,0.355,6
nosleepsoftware.csv,0.28500000000000003,0.44999999999999996,0.135,5
open-ms.csv,0.54,0.41000000000000003,0.43,0
qgo.csv,0.29000000000000004,0.53,0.09,9
rezilla.csv,0.885,0.44,0.835,1
riff-evolve.csv,0.63,0.41000000000000003,0.41500000000000004,2
uwom.csv,0.41000000000000003,0.525,0.305,7
virtuoso.csv,0.775,0.485,0.425,8
yield.csv,0.815,0.45,0.64,3
