,recall,precision,pf,wins
iaml.csv,0.505,0.495,0.33999999999999997,2
jrdf.csv,0.24,0.5,0.15000000000000002,3
mpqc.csv,0.45499999999999996,0.42999999999999994,0.305,1
tigermud.csv,0.565,0.345,0.45499999999999996,0
