,recall,precision,pf,wins
amanda.csv,0.595,0.48,0.525,1
empyrean.csv,0.5800000000000001,0.415,0.43,2
impala.csv,0.5800000000000001,0.45999999999999996,0.615,0
multitude.csv,0.645,0.49,0.35,4
nutz.csv,0.595,0.65,0.365,5
pi-qmc.csv,0.395,0.615,0.29500000000000004,3
