,recall,precision,pf,wins
applet2app.csv,0.6499999999999999,0.295,0.6799999999999999,0
firebird.csv,0.7050000000000001,0.42000000000000004,0.495,4
fmri-dmt.csv,0.06,0.325,0.03,2
htmlunit.csv,0.565,0.385,0.44,3
monetdb.csv,0.52,0.46499999999999997,0.26,7
ontomorphtab.csv,0.725,0.38,0.565,1
smarttag.csv,0.565,0.5,0.325,8
taokgame.csv,0.2,0.53,0.09,9
webdriver.csv,0.525,0.48,0.315,5
xbplayer.csv,0.305,0.495,0.18,6
