,recall,precision,pf,wins
brlcad.csv,0.18,0.5249999999999999,0.155,3
fceugc.csv,0.405,0.54,0.4,2
ftm.csv,0.32999999999999996,0.7749999999999999,0.12000000000000001,7
google-gears.csv,0.85,0.47,0.685,1
jaolt.csv,0.615,0.635,0.32499999999999996,5
jcache.csv,0.81,0.55,0.495,4
kmess.csv,0.30000000000000004,0.735,0.14,6
xmemcached.csv,0.66,0.495,0.755,0
