,recall,precision,pf,pci_20,ifa,wins
fm-classic.csv,0.205,0.28,0.12,0.79,96.5,4
foursquared.csv,0.055,0.07,0.1,0.845,136.25,2
ifmo-game-1.csv,0.105,0.035,0.16999999999999998,0.8400000000000001,322.0,1
micomt.csv,0.855,0.1,0.855,0.435,316.0,0
voms.csv,0.735,0.245,0.28,0.605,236.75,3
