,f1,g,recall,precision,pf,wins
bacula.csv,0.675,0.65,0.7250000000000001,0.655,0.51,0
jajuk.csv,0.79,0.7150000000000001,0.8300000000000001,0.75,0.44499999999999995,1
