,recall,precision,pf,pci_20,ifa,wins
adonthell.csv,0.72,0.6200000000000001,0.65,0.43,98.75,5
decidr.csv,0.725,0.6200000000000001,0.53,0.41,145.5,3
exist.csv,0.8300000000000001,0.595,0.6950000000000001,0.405,145.5,2
ivatamasks.csv,0.8200000000000001,0.605,0.5900000000000001,0.395,98.75,4
libopenmetaverse.csv,0.72,0.555,0.87,0.445,145.5,0
mule.csv,0.575,0.53,0.385,0.54,192.5,1
runuomondains.csv,0.45999999999999996,0.64,0.245,0.485,98.75,6
