,recall,precision,pf,wins
adaptagrams.csv,0.255,0.375,0.06,3
aime.csv,0.785,0.49,0.43,4
badtrinitycore.csv,0.14,0.535,0.05500000000000001,5
electric-core.csv,0.63,0.485,0.435,2
geochat.csv,0.595,0.39,0.635,1
olsrd.csv,0.92,0.22999999999999998,0.71,0
