,recall,precision,pf,pci_20,ifa,wins
alsa.csv,0.655,0.6299999999999999,0.38,0.495,0.0,5
arcallians.csv,0.645,0.55,0.355,0.6,0.0,4
arianne.csv,0.95,0.505,0.9299999999999999,0.45,0.0,2
cortex-vfx.csv,0.485,0.635,0.19,0.615,1.0,7
mbse.csv,0.71,0.49,0.745,0.45999999999999996,0.5,1
multitude.csv,0.8200000000000001,0.5800000000000001,0.6399999999999999,0.405,1.5,3
phonon-vlc-mplayer.csv,0.6599999999999999,0.645,0.33499999999999996,0.535,0.5,6
qgis.csv,0.44999999999999996,0.52,0.27,0.53,8.0,0
