,recall,precision,pf,wins
amateur-scrolls.csv,0.48,0.6399999999999999,0.20500000000000002,8
fritzing.csv,0.545,0.66,0.225,9
jlinalg.csv,0.5449999999999999,0.47,0.345,4
knowledge.csv,0.77,0.5,0.56,3
massiv.csv,0.06,0.105,0.0,1
multitude.csv,0.8200000000000001,0.445,0.645,2
playerstage.csv,0.575,0.55,0.275,5
quarkplusplus.csv,0.635,0.525,0.265,7
rtrt-on-gpu.csv,0.335,0.42000000000000004,0.425,0
superwaba.csv,0.6,0.59,0.31999999999999995,6
