,recall,precision,pf,wins
alembik.csv,0.105,0.75,0.05,9
arsenal-1.csv,0.285,0.67,0.345,6
barracudamvc.csv,0.93,0.44499999999999995,0.93,0
irplus.csv,0.32499999999999996,0.52,0.245,5
lite.csv,0.17,0.71,0.08,8
mevenide.csv,0.32,0.645,0.275,7
ontopia.csv,0.9,0.44499999999999995,0.885,1
openintents.csv,0.635,0.535,0.495,4
ta3d.csv,0.87,0.47,0.8500000000000001,2
tweetsharp.csv,0.74,0.5,0.5800000000000001,3
