,recall,precision,pf,wins
adobe-source.csv,0.15500000000000003,0.495,0.065,8
aubit4gl.csv,0.42,0.215,0.44999999999999996,0
liferea.csv,0.335,0.405,0.195,7
moving-pictures.csv,0.65,0.30500000000000005,0.625,2
opensim4opencog.csv,0.24,0.5700000000000001,0.14,9
plearn.csv,0.3,0.325,0.24,3
psrchive.csv,0.225,0.375,0.095,6
re2c.csv,0.155,0.42000000000000004,0.13,5
rebecca-aiml.csv,0.385,0.355,0.265,4
xfce.csv,0.795,0.265,0.75,1
