,f1,g,recall,precision,pf,wins
arcallians.csv,0.575,0.645,0.675,0.6799999999999999,0.365,2
jlinalg.csv,0.645,0.625,0.69,0.585,0.545,1
qmmp.csv,0.6699999999999999,0.655,0.7050000000000001,0.64,0.29,3
yale.csv,0.37,0.42500000000000004,0.405,0.46499999999999997,0.35,0
