,recall,precision,pf,pci_20,ifa,wins
adonthell.csv,0.6499999999999999,0.6100000000000001,0.5800000000000001,0.445,144.5,2
decidr.csv,0.8400000000000001,0.6,0.725,0.39,145.5,3
exist.csv,0.76,0.5900000000000001,0.715,0.395,145.5,1
ivatamasks.csv,0.895,0.62,0.76,0.36,145.5,4
libopenmetaverse.csv,0.715,0.555,0.865,0.44,98.75,0
mule.csv,0.635,0.615,0.42,0.55,190.5,5
runuomondains.csv,0.675,0.665,0.34,0.525,98.75,6
