,recall,precision,pf,wins
benojt.csv,1.0,0.24,1.0,0
chrysalis.csv,0.46499999999999997,0.46499999999999997,0.21500000000000002,7
jahshaka.csv,0.28,0.45499999999999996,0.095,6
jatlas.csv,0.0,0.0,0.0,1
jedit.csv,0.7150000000000001,0.30500000000000005,0.52,3
open-media-library.csv,0.645,0.32999999999999996,0.34,5
snakeyaml.csv,0.595,0.46499999999999997,0.5800000000000001,4
xamj.csv,0.825,0.31,0.8400000000000001,2
