,recall,precision,pf,pci_20,ifa,wins
acegisecurity.csv,0.56,0.455,0.365,0.555,285.5,2
emite.csv,0.265,0.27,0.255,0.8500000000000001,190.0,3
irrlicht.csv,1.0,0.315,1.0,0.38,241.5,0
migen.csv,0.55,0.5349999999999999,0.245,0.59,97.0,7
motu.csv,0.73,0.435,0.515,0.47,197.0,4
openxava.csv,0.38,0.365,0.32,0.53,193.25,1
truevision.csv,0.6,0.495,0.28,0.47,194.75,5
zoolib.csv,0.46,0.45999999999999996,0.235,0.62,97.0,6
