,recall,precision,pf,pci_20,ifa,wins
benojt.csv,1.0,0.46499999999999997,0.965,0.35,2.5,0
jahshaka.csv,0.5549999999999999,0.45999999999999996,0.32,0.545,1.5,3
jam-daq.csv,0.395,0.545,0.14,0.5800000000000001,1.0,5
jatlas.csv,0.7150000000000001,0.44999999999999996,0.55,0.405,0.5,1
jedit.csv,0.785,0.48,0.765,0.41500000000000004,0.5,2
open-media-library.csv,0.78,0.51,0.505,0.45499999999999996,0.0,4
