,recall,precision,pf,wins
alleg.csv,0.5349999999999999,0.44,0.395,4
chaosrts.csv,0.665,0.5549999999999999,0.41500000000000004,9
lazarus-ccr.csv,0.81,0.48,0.72,2
linuxsh.csv,0.285,0.46499999999999997,0.22000000000000003,5
migen.csv,0.53,0.48,0.24,7
moviesandbox.csv,0.5,0.49,0.33,6
sauerbraten.csv,0.88,0.515,0.855,3
scite-ru.csv,0.9299999999999999,0.47,0.795,0
vrjuggler.csv,0.245,0.43,0.225,1
xuggle.csv,0.7050000000000001,0.52,0.46499999999999997,8
