,recall,precision,pf,pci_20,ifa,wins
columba.csv,0.71,0.335,0.455,0.42000000000000004,11.5,0
emftriple.csv,0.195,0.38,0.20500000000000002,0.955,3.5,2
fluent-nhibernate.csv,0.5549999999999999,0.44500000000000006,0.255,0.5449999999999999,2.0,3
gpsmid.csv,0.8400000000000001,0.315,0.37,0.48,4.0,1
