,recall,precision,pf,wins
fontforge.csv,0.21,0.795,0.17,3
freelords.csv,0.85,0.6699999999999999,0.63,0
jfreereport.csv,0.28,0.78,0.29000000000000004,2
super-tux.csv,0.8400000000000001,0.63,0.485,1
