,recall,precision,pf,wins
e-bio-flow.csv,0.25,0.615,0.11499999999999999,3
exl.csv,0.6100000000000001,0.33499999999999996,0.485,1
opennms.csv,0.11,0.74,0.105,4
phet.csv,0.295,0.365,0.33999999999999997,0
runuomondains.csv,0.07,0.275,0.03,2
