,recall,precision,pf,pci_20,ifa,wins
boost.csv,0.46499999999999997,0.44500000000000006,0.425,0.53,416.25,2
ffigo.csv,0.475,0.31,0.245,0.57,287.0,5
ildjit.csv,0.245,0.43,0.18,0.855,276.75,7
proftp.csv,0.37,0.45,0.13,0.7849999999999999,192.75,8
skia.csv,0.665,0.44,0.365,0.45999999999999996,327.25,4
tencompetence.csv,0.17,0.215,0.325,0.815,608.75,0
theresa.csv,0.44499999999999995,0.4,0.255,0.45499999999999996,193.5,6
wxjs.csv,0.005,0.06,0.025,0.615,95.0,3
xstore.csv,0.7,0.375,0.45499999999999996,0.455,427.25,1
