,recall,precision,pf,wins
calcubetimer.csv,1.0,0.2,0.985,0
freedom-erp.csv,0.0,0.0,0.0,3
jahshaka.csv,0.485,0.38,0.185,6
jmoney.csv,0.19,0.22,0.095,5
reaper3d.csv,0.385,0.26,0.415,4
sblim.csv,0.035,0.71,0.0,7
swtfox.csv,0.11499999999999999,0.15500000000000003,0.22499999999999998,2
tart.csv,0.0,0.0,0.015,1
