,recall,precision,pf,wins
adaptagrams.csv,0.365,0.42000000000000004,0.09,4
aime.csv,0.51,0.29,0.315,2
badtrinitycore.csv,0.315,0.61,0.09,5
electric-core.csv,0.575,0.475,0.505,3
geochat.csv,0.53,0.40499999999999997,0.455,1
olsrd.csv,0.805,0.245,0.635,0
