,recall,precision,pf,pci_20,ifa,wins
agilitybook.csv,0.17,0.19,0.195,0.865,6.5,4
apolloplayer.csv,0.8049999999999999,0.14500000000000002,0.63,0.44999999999999996,15.0,0
k3d.csv,0.125,0.12000000000000001,0.11,0.6799999999999999,9.5,1
kowari.csv,0.655,0.195,0.3,0.615,4.5,5
redshell.csv,0.39,0.11,0.41500000000000004,0.635,2.0,2
rtb-team.csv,0.19999999999999998,0.335,0.16999999999999998,0.835,0.0,6
xreal.csv,0.255,0.11,0.125,0.85,6.0,3
