,recall,precision,pf,pci_20,ifa,wins
alpine.csv,0.9650000000000001,0.42000000000000004,0.98,0.46499999999999997,293.75,1
biodwh.csv,0.36,0.5549999999999999,0.17,0.685,169.0,7
brlcad.csv,0.405,0.45499999999999996,0.29,0.655,196.25,5
critterding.csv,0.79,0.42000000000000004,0.78,0.5,317.5,0
jmri.csv,0.485,0.33499999999999996,0.355,0.5549999999999999,191.75,2
nabu-library.csv,0.48000000000000004,0.43,0.34,0.7050000000000001,319.25,3
popeye-chess.csv,0.395,0.505,0.26,0.535,239.0,4
yarp.csv,0.44,0.475,0.355,0.7350000000000001,192.0,6
