,recall,precision,pf,pci_20,ifa,wins
fm-classic.csv,0.22999999999999998,0.28,0.12,0.795,3.0,4
foursquared.csv,0.055,0.125,0.125,0.825,36.5,2
ifmo-game-1.csv,0.085,0.03,0.17,0.7949999999999999,40.5,0
micomt.csv,0.7749999999999999,0.095,0.8400000000000001,0.44,7.0,1
voms.csv,0.8200000000000001,0.295,0.32,0.54,1.5,3
