,recall,precision,pf,wins
freewrl.csv,0.54,0.78,0.05,1
silvertree.csv,0.85,0.7749999999999999,0.28500000000000003,0
