,recall,precision,pf,pci_20,ifa,wins
bochs.csv,0.73,0.495,0.595,0.44,485.5,1
encog-java.csv,0.14,0.435,0.08,0.81,89.0,4
h2database.csv,0.415,0.5549999999999999,0.165,0.75,116.25,5
jaql.csv,0.505,0.565,0.235,0.48,287.25,3
raven-monitoring.csv,0.415,0.315,0.3,0.595,193.0,2
v8.csv,0.6699999999999999,0.345,0.55,0.55,434.5,0
