,recall,precision,pf,wins
chipster.csv,0.565,0.435,0.385,4
fontforge.csv,0.555,0.38,0.45499999999999996,0
hatari.csv,0.6950000000000001,0.43,0.33999999999999997,5
jcl.csv,0.05,0.5,0.025,8
ltp.csv,0.42500000000000004,0.41500000000000004,0.35,3
net-snmp.csv,0.56,0.415,0.435,2
opde.csv,0.785,0.41500000000000004,0.5700000000000001,1
powerfolder-.csv,0.24,0.49,0.095,7
quantlib.csv,0.44,0.45999999999999996,0.21000000000000002,6
