,recall,precision,pf,wins
arsenal-1.csv,0.085,0.14,0.195,0
aztec.csv,0.32999999999999996,0.29,0.34,2
jbpm.csv,0.065,0.32,0.07500000000000001,6
mediate.csv,0.495,0.325,0.445,3
mycila.csv,0.495,0.42000000000000004,0.5349999999999999,4
neodatis-odb.csv,0.24000000000000002,0.44500000000000006,0.185,7
nsis.csv,0.73,0.41000000000000003,0.6000000000000001,5
rodin-b-sharp.csv,0.09999999999999999,0.115,0.06999999999999999,1
