,recall,precision,pf,wins
echongl.csv,0.69,0.605,0.505,6
ivatamasks.csv,0.8899999999999999,0.69,0.92,3
orc.csv,0.385,0.6699999999999999,0.22499999999999998,10
plato.csv,0.995,0.6799999999999999,0.965,2
proftp.csv,0.285,0.645,0.135,8
tycho.csv,0.36,0.73,0.37,9
uclmda.csv,0.05,0.485,0.1,0
umber.csv,0.89,0.735,0.77,7
unicase.csv,0.825,0.605,0.675,4
vienna-add-in.csv,0.5900000000000001,0.645,0.585,5
wpdev.csv,1.0,0.67,0.985,1
