,f1,g,recall,precision,pf,cdom,bellwether
2,0.7,0.41,0.34,0.42,0.5,19.0,qtractor.csv
23,0.8,0.39,0.375,0.43,0.53,6.0,x-ray-mule.csv
31,0.55,0.51,0.29000000000000004,0.46499999999999997,0.545,3.0,novembre.csv
36,0.245,0.39,0.275,0.32,0.41,11.0,fm-classic.csv
49,0.6,0.29,0.26,0.37,0.5,13.0,cities3d.csv
1,0.73,0.415,0.25,0.4,0.55,0.0,atunes.csv
