,recall,precision,pf,wins
abbot.csv,0.59,0.325,0.515,0
jicarilla.csv,0.0,0.0,0.0,2
optalgtoolkit.csv,0.69,0.38,0.5800000000000001,1
ossim.csv,0.0,0.0,0.0,2
projectts.csv,0.81,0.345,0.585,4
sabbu.csv,0.28500000000000003,0.33999999999999997,0.275,5
vxl.csv,0.305,0.61,0.185,7
zact.csv,0.060000000000000005,0.46499999999999997,0.04,6
