,recall,precision,pf,wins
adonthell.csv,0.52,0.6499999999999999,0.41000000000000003,5
chaperon.csv,0.04,0.3,0.0,0
forester-atv.csv,0.005,0.485,0.0,4
gephex.csv,0.425,0.7050000000000001,0.23500000000000001,7
pokenetonline.csv,0.75,0.56,0.655,2
primefaces.csv,0.69,0.5900000000000001,0.6399999999999999,3
rcp-company-uibindings.csv,1.0,0.5900000000000001,0.98,1
yarp0.csv,0.575,0.635,0.33999999999999997,6
