,recall,precision,pf,wins
dynalloy.csv,0.44999999999999996,0.47,0.31,10
jaolt.csv,0.705,0.51,0.5449999999999999,7
jcl.csv,0.14,0.28500000000000003,0.10500000000000001,6
kmess.csv,0.5349999999999999,0.36,0.445,3
ossbuild.csv,0.325,0.44,0.28,9
qgo.csv,0.38,0.355,0.255,8
quark.csv,0.0,0.0,0.0,0
rezilla.csv,0.815,0.44,0.675,1
rhex.csv,0.355,0.6499999999999999,0.125,11
toped.csv,0.775,0.385,0.54,5
truevision.csv,0.655,0.445,0.585,2
wxstudio.csv,0.595,0.41500000000000004,0.485,4
