,recall,precision,pf,wins
acdk.csv,0.41000000000000003,0.46499999999999997,0.15,4
archive-crawler.csv,0.56,0.49,0.29500000000000004,3
jcae.csv,0.135,0.585,0.045000000000000005,6
openmalaria.csv,0.79,0.33499999999999996,0.56,0
popeye-chess.csv,0.76,0.38,0.48,1
rhex.csv,0.435,0.47,0.105,5
rocrail.csv,0.215,0.61,0.025,7
truevision.csv,0.8300000000000001,0.335,0.375,2
