,recall,precision,pf,pci_20,ifa,wins
maidsafe-dht.csv,0.53,0.33499999999999996,0.33999999999999997,0.53,5.5,1
n2cms.csv,0.71,0.275,0.535,0.37,3.0,0
nassp.csv,0.31999999999999995,0.4,0.22,0.63,4.5,3
nug.csv,0.6699999999999999,0.325,0.415,0.625,6.0,2
