,f1,g,recall,precision,pf,wins
fityk.csv,0.37,0.56,0.64,0.285,0.42000000000000004,1
hibernate.csv,0.44,0.36,0.5,0.42000000000000004,0.27,2
lamp.csv,0.42,0.575,0.57,0.405,0.31,3
thout.csv,0.48,0.45,0.7450000000000001,0.365,0.77,0
