,recall,precision,pf,pci_20,ifa,wins
fityk.csv,0.64,0.285,0.42000000000000004,0.525,2.0,1
hibernate.csv,0.5,0.42000000000000004,0.27,0.5800000000000001,1.5,3
lamp.csv,0.57,0.405,0.31,0.56,6.0,2
thout.csv,0.7450000000000001,0.365,0.77,0.49,6.5,0
