,recall,precision,pf,wins
applet2app.csv,0.795,0.405,0.835,0
autowikibrowser.csv,0.635,0.535,0.30500000000000005,9
cities3d.csv,0.45499999999999996,0.365,0.36,1
firebird.csv,0.62,0.47,0.355,6
hydrogen.csv,0.335,0.6799999999999999,0.11499999999999999,11
lphant.csv,0.745,0.48,0.485,5
qgo.csv,0.475,0.505,0.18,7
quickfast.csv,0.51,0.435,0.31,4
rhex.csv,0.26,0.565,0.075,8
rocrail.csv,0.38,0.565,0.095,10
xined.csv,0.425,0.405,0.23500000000000001,2
yield.csv,0.875,0.425,0.63,3
