,recall,precision,pf,wins
bacula.csv,0.72,0.495,0.37,1
jajuk.csv,0.6950000000000001,0.455,0.495,0
vapor.csv,0.085,0.6950000000000001,0.04,3
zorannt.csv,0.7350000000000001,0.62,0.465,2
