,recall,precision,pf,pci_20,ifa,wins
boost.csv,0.445,0.475,0.365,0.56,3.5,4
ffigo.csv,0.36,0.36,0.185,0.7350000000000001,3.0,7
ildjit.csv,0.17,0.385,0.195,0.89,1.5,8
proftp.csv,0.36,0.39,0.185,0.675,3.0,6
skia.csv,0.66,0.515,0.375,0.52,4.5,5
tencompetence.csv,0.15500000000000003,0.2,0.33499999999999996,0.8300000000000001,4.0,1
theresa.csv,0.46499999999999997,0.41500000000000004,0.26,0.44999999999999996,3.0,3
wxjs.csv,0.005,0.1,0.02,0.32,30.0,0
xstore.csv,0.66,0.38,0.445,0.475,2.5,2
