,recall,precision,pf,pci_20,ifa,wins
arcallians.csv,0.725,0.69,0.44999999999999996,0.585,148.5,2
jlinalg.csv,0.7350000000000001,0.6000000000000001,0.46,0.525,189.25,1
qmmp.csv,0.71,0.66,0.285,0.495,99.0,3
yale.csv,0.42500000000000004,0.465,0.32,0.675,389.5,0
