,f1,g,recall,precision,pf,wins
ambulant.csv,0.39499999999999996,0.575,0.865,0.35000000000000003,0.56,1
mecat.csv,0.215,0.485,0.5,0.135,0.075,0
