,recall,precision,pf,wins
forester-atv.csv,0.09,0.71,0.03,6
geotools.csv,0.185,0.7,0.09,5
google-collections.csv,1.0,0.5249999999999999,1.0,0
l2j.csv,0.605,0.53,0.44499999999999995,1
mediate.csv,0.41000000000000003,0.62,0.375,4
projectfactory.csv,0.5449999999999999,0.705,0.32,7
st-filteredstatistics.csv,0.7150000000000001,0.55,0.485,2
thedata.csv,0.435,0.61,0.44,3
