,recall,precision,pf,wins
fido.csv,0.0,0.0,0.0,1
fityk.csv,0.7050000000000001,0.325,0.46499999999999997,2
freenet.csv,0.63,0.405,0.415,4
geogebra.csv,0.3,0.51,0.09,8
hibernate.csv,0.33999999999999997,0.56,0.18,7
itext.csv,0.45499999999999996,0.505,0.22,5
k3b.csv,0.735,0.405,0.31,6
lamp.csv,0.14500000000000002,0.7350000000000001,0.015,9
megameknet.csv,0.525,0.48000000000000004,0.4,3
thout.csv,0.5349999999999999,0.41500000000000004,0.5800000000000001,0
