,recall,precision,pf,wins
atomsite.csv,0.71,0.515,0.705,4
betoffice.csv,0.45,0.495,0.315,5
bnetd.csv,0.8,0.48,0.495,6
graphmak.csv,0.14500000000000002,0.61,0.09,9
hazelcast.csv,0.885,0.44999999999999996,0.655,3
megasquirtavr.csv,1.0,0.5,1.0,1
pdfedit.csv,0.395,0.425,0.31,2
stajistics.csv,0.505,0.55,0.29,8
twostep.csv,0.45999999999999996,0.49,0.255,7
xharbour.csv,0.795,0.405,0.775,0
