,recall,precision,pf,wins
benojt.csv,1.0,0.46499999999999997,0.965,1
jahshaka.csv,0.5800000000000001,0.45999999999999996,0.385,2
jam-daq.csv,0.53,0.5349999999999999,0.19,5
jatlas.csv,0.6950000000000001,0.48,0.485,3
jedit.csv,0.915,0.45999999999999996,0.975,0
open-media-library.csv,0.72,0.52,0.455,4
