,f1,g,recall,precision,pf,wins
emftriple.csv,0.385,0.56,0.56,0.42,0.16,0
gpsmid.csv,0.47,0.635,0.72,0.46499999999999997,0.47000000000000003,1
