,recall,precision,pf,pci_20,ifa,wins
emftriple.csv,0.56,0.42,0.16,0.9450000000000001,1.0,1
gpsmid.csv,0.72,0.46499999999999997,0.47000000000000003,0.44,21.5,0
