,recall,precision,pf,pci_20,ifa,wins
alembik.csv,0.33999999999999997,0.645,0.16,0.8049999999999999,97.0,7
anaxagora.csv,0.77,0.48,0.655,0.375,192.0,0
botsnscouts.csv,0.715,0.625,0.44,0.395,288.0,2
emisview.csv,0.485,0.535,0.31,0.66,240.0,3
matrex.csv,0.185,0.56,0.11499999999999999,0.575,119.25,5
mediaportal.csv,0.22499999999999998,0.62,0.11,0.845,92.5,6
mediate.csv,0.44999999999999996,0.5349999999999999,0.405,0.595,143.5,4
ontopia.csv,0.49,0.485,0.395,0.545,146.5,1
