,recall,precision,pf,wins
fityk.csv,0.675,0.5349999999999999,0.485,0
k3b.csv,0.5700000000000001,0.5700000000000001,0.215,2
mp-rechnungs-und-kundenverwaltung.csv,0.35,0.5700000000000001,0.27,1
thrust.csv,0.32999999999999996,0.605,0.16999999999999998,3
