,recall,precision,pf,wins
bzbyte.csv,0.38,0.07500000000000001,0.18000000000000002,1
columba.csv,0.62,0.515,0.39,4
emftriple.csv,0.13,0.385,0.15000000000000002,3
fluent-nhibernate.csv,0.42500000000000004,0.52,0.25,5
gpsmid.csv,0.78,0.395,0.5,2
xamj.csv,0.765,0.42999999999999994,0.645,0
