,recall,precision,pf,wins
abbot.csv,0.36,0.49,0.27,7
crisscross.csv,0.32,0.6100000000000001,0.16999999999999998,10
gabel.csv,0.085,0.875,0.01,11
jguard.csv,0.8300000000000001,0.46,0.615,6
jitterbit.csv,0.3,0.455,0.29000000000000004,4
mycila.csv,0.24,0.425,0.185,5
nova.csv,0.54,0.565,0.375,9
ontomorphtab.csv,0.75,0.425,0.395,8
tmva.csv,0.6950000000000001,0.335,0.555,1
vienna-add-in.csv,0.54,0.42000000000000004,0.475,2
vrjuggler.csv,0.2,0.425,0.19,3
wpdev.csv,1.0,0.31,1.0,0
