,recall,precision,pf,wins
bloodycore.csv,0.2,0.32499999999999996,0.24,1
flylegacy.csv,0.775,0.41000000000000003,0.73,0
jguard.csv,0.71,0.465,0.595,4
m-a-d-n-e-s-s.csv,0.385,0.565,0.21500000000000002,9
mob-sen-plat.csv,0.5800000000000001,0.45,0.515,2
raygina.csv,0.27,0.515,0.21000000000000002,7
st-filteredstatistics.csv,0.495,0.435,0.395,5
upp-mirror.csv,0.42000000000000004,0.475,0.20500000000000002,8
wishmaster.csv,0.44999999999999996,0.475,0.33,6
yarp.csv,0.22,0.41000000000000003,0.23,3
