,recall,precision,pf,wins
benojt.csv,1.0,0.46499999999999997,0.99,0
chrysalis.csv,0.71,0.48,0.26,8
jahshaka.csv,0.585,0.45999999999999996,0.41500000000000004,3
jam-daq.csv,0.31,0.5900000000000001,0.1,9
jatlas.csv,0.5,0.435,0.24,4
jedit.csv,0.735,0.485,0.56,5
mscore.csv,0.725,0.475,0.61,1
open-media-library.csv,0.675,0.505,0.355,7
panda3d.csv,0.6,0.525,0.395,6
wheat.csv,0.655,0.42000000000000004,0.355,2
