,recall,precision,pf,pci_20,ifa,wins
crisscross.csv,0.8,0.46499999999999997,0.89,0.46499999999999997,146.5,4
cubefs.csv,0.63,0.45,0.5,0.505,192.5,2
iaml.csv,0.52,0.515,0.36,0.56,195.5,5
ivataopenportal.csv,0.825,0.48000000000000004,0.805,0.42,195.5,1
mb-unit.csv,0.78,0.435,0.73,0.435,145.0,3
mvdsv.csv,0.06,0.515,0.05,0.87,98.5,8
nova.csv,0.55,0.54,0.4,0.52,194.0,6
openwbem.csv,0.5449999999999999,0.53,0.30500000000000005,0.53,107.0,7
xcmetadataservicestoolkit.csv,0.72,0.42,0.815,0.45499999999999996,146.0,0
