,recall,precision,pf,pci_20,ifa,wins
bloodycore.csv,0.47000000000000003,0.385,0.22499999999999998,0.84,5.5,1
raygina.csv,0.595,0.36,0.46,0.44499999999999995,0.0,0
