,recall,precision,pf,wins
array4j.csv,0.165,0.215,0.15000000000000002,3
bigdata.csv,0.595,0.15500000000000003,0.405,1
calcubetimer.csv,0.835,0.20500000000000002,0.63,0
jas.csv,0.29000000000000004,0.37,0.14,9
jbpm.csv,0.135,0.25,0.08,5
jgossipforum.csv,0.04,0.65,0.005,11
joustsim.csv,0.355,0.24,0.16499999999999998,6
madman.csv,0.095,0.345,0.04,7
mule.csv,0.43,0.30500000000000005,0.175,8
nunit.csv,0.38,0.225,0.26,4
piccolo2d.csv,0.14,0.125,0.08,2
sblim.csv,0.105,0.505,0.035,10
