,recall,precision,pf,pci_20,ifa,wins
fmri-dmt.csv,0.6799999999999999,0.35,0.655,0.65,3.0,2
google-web-toolkit.csv,0.51,0.395,0.28500000000000003,0.5449999999999999,2.0,5
open-data-kit.csv,0.8200000000000001,0.345,0.61,0.475,4.0,0
qtractor.csv,0.605,0.375,0.37,0.46,4.0,1
quarkplayer.csv,0.27,0.34,0.26,0.875,2.0,3
zoolib.csv,0.48,0.425,0.19,0.6799999999999999,4.5,4
