,recall,precision,pf,pci_20,ifa,wins
benojt.csv,1.0,0.47,0.955,0.35,98.75,1
jahshaka.csv,0.6699999999999999,0.495,0.475,0.43,98.5,4
jam-daq.csv,0.52,0.615,0.145,0.635,98.5,5
jatlas.csv,0.675,0.44999999999999996,0.505,0.41000000000000003,190.25,0
jedit.csv,0.9550000000000001,0.47,0.8600000000000001,0.39,98.5,3
open-media-library.csv,0.73,0.515,0.545,0.45999999999999996,142.75,2
