,recall,precision,pf,wins
fm-classic.csv,0.0,0.0,0.0,2
foursquared.csv,0.11000000000000001,0.24000000000000002,0.045,4
ifmo-game-1.csv,0.06,0.045,0.08499999999999999,0
micomt.csv,0.55,0.09,0.27,1
voms.csv,0.13,0.13,0.09,3
