,recall,precision,pf,pci_20,ifa,wins
freewrl.csv,0.8300000000000001,0.57,0.5900000000000001,0.385,194.5,0
silvertree.csv,0.8400000000000001,0.62,0.6,0.45499999999999996,195.25,1
