,recall,precision,pf,wins
boost.csv,0.72,0.52,0.425,2
etics.csv,0.43,0.63,0.155,6
genecys.csv,0.915,0.38,0.86,0
kftpgrabber.csv,0.485,0.56,0.28,3
kvs.csv,0.46499999999999997,0.55,0.24,4
mcore3d.csv,0.6699999999999999,0.475,0.41500000000000004,1
ogrehg.csv,0.59,0.65,0.365,5
projecteqemu.csv,0.33,0.6950000000000001,0.1,7
