,recall,precision,pf,wins
dvt.csv,0.44999999999999996,0.38,0.445,1
fulguro.csv,0.05,0.41500000000000004,0.03,6
fw4spl.csv,0.28500000000000003,0.42000000000000004,0.26,5
google-web-toolkit.csv,0.405,0.46,0.33999999999999997,8
jstock.csv,0.29,0.625,0.135,9
ldview.csv,0.26,0.42000000000000004,0.16999999999999998,7
nuttx.csv,0.69,0.38,0.585,4
utgb.csv,0.39,0.36,0.33999999999999997,3
vdsf.csv,0.925,0.435,0.96,0
xbrlapi.csv,0.54,0.355,0.44999999999999996,2
