,recall,precision,pf,pci_20,ifa,wins
agilitybook.csv,0.14500000000000002,0.215,0.18,0.895,4.5,4
apolloplayer.csv,0.555,0.255,0.495,0.46499999999999997,4.5,2
k3d.csv,0.225,0.28,0.135,0.73,2.0,5
keyczar.csv,0.05,0.055,0.10500000000000001,0.45999999999999996,45.0,0
kowari.csv,0.5349999999999999,0.24,0.51,0.52,4.0,3
redshell.csv,0.31,0.18,0.475,0.6,2.0,1
rtb-team.csv,0.08499999999999999,0.355,0.10500000000000001,0.83,1.5,6
