,recall,precision,pf,pci_20,ifa,wins
encog-java.csv,0.1,0.29500000000000004,0.045,0.885,109.75,5
fluent-nhibernate.csv,0.365,0.33999999999999997,0.175,0.73,145.25,4
h2database.csv,0.655,0.36,0.26,0.595,165.0,3
jaql.csv,0.53,0.37,0.20500000000000002,0.5800000000000001,287.25,2
raven-monitoring.csv,0.5,0.29000000000000004,0.38,0.565,193.5,1
v8.csv,0.6599999999999999,0.26,0.385,0.5449999999999999,481.5,0
