,recall,precision,pf,wins
ardour.csv,0.5800000000000001,0.715,0.3,7
cornerstone.csv,0.295,0.725,0.155,4
frogatto.csv,0.7849999999999999,0.645,0.6499999999999999,2
novembre.csv,0.44999999999999996,0.73,0.25,6
ns-3.csv,0.8049999999999999,0.625,0.74,1
open-beos.csv,0.61,0.6799999999999999,0.28500000000000003,5
planeshift.csv,0.83,0.55,0.675,0
sbml.csv,0.74,0.645,0.53,3
