,recall,precision,pf,wins
bloodycore.csv,0.48,0.46499999999999997,0.565,0
flylegacy.csv,0.755,0.395,0.62,1
jguard.csv,0.7050000000000001,0.495,0.675,3
m-a-d-n-e-s-s.csv,0.42,0.575,0.23,9
mob-sen-plat.csv,0.44,0.43,0.415,2
raygina.csv,0.38,0.5449999999999999,0.31,6
st-filteredstatistics.csv,0.6,0.445,0.455,4
upp-mirror.csv,0.565,0.47,0.33999999999999997,7
wishmaster.csv,0.425,0.6000000000000001,0.44,5
yarp.csv,0.4,0.62,0.29500000000000004,8
