,recall,precision,pf,wins
amanda.csv,0.64,0.47,0.44,4
empyrean.csv,0.0,0.0,0.0,0
impala.csv,0.59,0.385,0.5549999999999999,2
multitude.csv,0.875,0.46499999999999997,0.7849999999999999,3
nutz.csv,0.625,0.435,0.63,1
pi-qmc.csv,0.615,0.5549999999999999,0.435,5
