,recall,precision,pf,wins
amateur-scrolls.csv,0.26,0.665,0.06,7
fritzing.csv,0.535,0.6599999999999999,0.20500000000000002,9
jlinalg.csv,0.775,0.46499999999999997,0.65,2
knowledge.csv,0.955,0.41000000000000003,0.9299999999999999,1
massiv.csv,0.0,0.0,0.0,0
multitude.csv,0.615,0.5900000000000001,0.235,6
playerstage.csv,0.47500000000000003,0.595,0.27,5
quarkplusplus.csv,0.49,0.65,0.16999999999999998,8
rtrt-on-gpu.csv,0.325,0.49,0.21000000000000002,3
superwaba.csv,0.665,0.56,0.43,4
