,recall,precision,pf,wins
bacula.csv,0.56,0.395,0.35,0
jajuk.csv,0.73,0.545,0.395,2
vapor.csv,0.30500000000000005,0.74,0.12,3
zorannt.csv,0.29500000000000004,0.61,0.305,1
