,recall,precision,pf,pci_20,ifa,wins
columba.csv,0.66,0.375,0.36,0.435,2.5,1
emftriple.csv,0.14500000000000002,0.39,0.15000000000000002,0.935,5.5,2
fluent-nhibernate.csv,0.56,0.44999999999999996,0.25,0.5349999999999999,1.5,3
gpsmid.csv,0.7849999999999999,0.31,0.395,0.445,3.0,0
