,f1,g,recall,precision,pf,wins
lockss.csv,0.5800000000000001,0.6,0.585,0.665,0.29000000000000004,4
pcgen.csv,0.565,0.35,0.77,0.495,0.5750000000000001,0
personalaccess.csv,0.56,0.6799999999999999,0.7849999999999999,0.535,0.44,3
selenium.csv,0.66,0.6799999999999999,0.675,0.615,0.29000000000000004,5
tolven.csv,0.545,0.49,0.44499999999999995,0.6950000000000001,0.16,2
webdriver.csv,0.495,0.475,0.435,0.54,0.26,1
