,recall,precision,pf,wins
agilitybook.csv,0.41000000000000003,0.17,0.225,3
apolloplayer.csv,0.26,0.10500000000000001,0.18,2
k3d.csv,0.185,0.5,0.08499999999999999,5
keyczar.csv,0.75,0.21500000000000002,0.5800000000000001,0
kowari.csv,0.135,0.555,0.035,6
redshell.csv,0.895,0.21500000000000002,0.63,1
rtb-team.csv,0.515,0.26,0.29,4
