,recall,precision,pf,pci_20,ifa,wins
benojt.csv,1.0,0.46499999999999997,0.965,0.35,2.5,0
jahshaka.csv,0.5549999999999999,0.43,0.415,0.5349999999999999,3.0,1
jam-daq.csv,0.435,0.5549999999999999,0.14,0.62,1.0,5
jatlas.csv,0.63,0.47,0.47,0.42500000000000004,1.0,2
jedit.csv,0.9550000000000001,0.48,0.8899999999999999,0.415,1.0,3
open-media-library.csv,0.8,0.52,0.525,0.44,0.5,4
