,recall,precision,pf,wins
adonthell.csv,0.505,0.5700000000000001,0.435,1
decidr.csv,0.6499999999999999,0.6100000000000001,0.485,4
exist.csv,0.24000000000000002,0.7050000000000001,0.21000000000000002,6
ivatamasks.csv,0.645,0.5700000000000001,0.575,0
libopenmetaverse.csv,0.5900000000000001,0.595,0.495,2
mule.csv,0.47,0.6,0.22999999999999998,5
runuomondains.csv,0.09,0.575,0.135,3
