,recall,precision,pf,pci_20,ifa,wins
ifmo-game-1.csv,0.43,0.115,0.17,0.745,38.0,0
voms.csv,0.73,0.25,0.29000000000000004,0.6599999999999999,1.0,1
