,recall,precision,pf,wins
cortex-vfx.csv,0.41000000000000003,0.5900000000000001,0.22999999999999998,8
empserver.csv,0.63,0.585,0.52,6
enlightenment.csv,1.0,0.485,1.0,1
ffigo.csv,0.29000000000000004,0.31,0.195,4
ildjit.csv,0.31,0.5349999999999999,0.235,7
jfreereport.csv,0.135,0.645,0.08499999999999999,9
mplayer-ce.csv,0.69,0.53,0.515,5
psycle.csv,0.64,0.52,0.6499999999999999,3
wikipediardware.csv,0.735,0.49,0.7050000000000001,2
wxjs.csv,0.0,0.0,0.0,0
