,recall,precision,pf,wins
freenet.csv,0.6799999999999999,0.41000000000000003,0.535,2
javagroups.csv,0.15,0.645,0.09,7
jrefactory.csv,0.56,0.51,0.44999999999999996,4
logicmail.csv,0.68,0.385,0.55,1
nodal.csv,0.42,0.545,0.23,5
soar.csv,0.7050000000000001,0.45499999999999996,0.71,0
taverna.csv,0.16999999999999998,0.45,0.175,3
web-cat.csv,0.515,0.62,0.345,6
