,recall,precision,pf,wins
maidsafe-dht.csv,0.345,0.535,0.12,3
n2cms.csv,0.32999999999999996,0.33999999999999997,0.15500000000000003,1
nassp.csv,0.33499999999999996,0.44999999999999996,0.135,2
nug.csv,0.51,0.33999999999999997,0.36,0
