,recall,precision,pf,wins
doomlegacy.csv,0.6699999999999999,0.58,0.45499999999999996,0
neoengine.csv,0.48,0.815,0.22,3
omseek.csv,0.195,0.6950000000000001,0.08499999999999999,2
pcsx2.csv,0.605,0.675,0.29,1
