,recall,precision,pf,wins
adobe-source.csv,0.43,0.38,0.175,7
ibatisdb.csv,0.31,0.275,0.29500000000000004,3
jmol.csv,0.8600000000000001,0.22499999999999998,0.87,0
liferea.csv,0.44999999999999996,0.27,0.375,4
log4net.csv,0.28500000000000003,0.455,0.175,9
pclasses.csv,0.2,0.325,0.2,5
psrchive.csv,0.6000000000000001,0.35,0.21,8
re2c.csv,0.495,0.25,0.41000000000000003,2
tycho.csv,0.30000000000000004,0.31,0.195,6
xfce.csv,0.6699999999999999,0.22999999999999998,0.515,1
