,recall,precision,pf,wins
fm-classic.csv,0.22999999999999998,0.245,0.14,3
foursquared.csv,0.095,0.185,0.13,2
ifmo-game-1.csv,0.20500000000000002,0.07,0.20500000000000002,1
micomt.csv,0.815,0.105,0.75,0
voms.csv,0.745,0.26,0.30000000000000004,4
