,recall,precision,pf,wins
fceugc.csv,0.315,0.75,0.115,9
flexpay.csv,0.535,0.36,0.5700000000000001,1
jstock.csv,0.225,0.5349999999999999,0.15500000000000003,5
keyczar.csv,0.535,0.32999999999999996,0.46,2
modellus.csv,0.315,0.5,0.135,7
open-data-kit.csv,0.48,0.435,0.29000000000000004,4
phet.csv,0.635,0.32,0.835,0
qtractor.csv,0.36,0.615,0.14,8
sumatrapdf.csv,0.53,0.51,0.395,6
synergyspace.csv,0.105,0.41000000000000003,0.07500000000000001,3
