,f1,g,recall,precision,pf,wins
autoopencas.csv,0.355,0.35,0.39,0.395,0.33999999999999997,0
pcgen.csv,0.59,0.265,1.0,0.42500000000000004,0.9299999999999999,1
selenium.csv,0.5549999999999999,0.665,0.735,0.47,0.45999999999999996,2
tolven.csv,0.585,0.555,0.52,0.62,0.2,3
