,recall,precision,pf,wins
adaptagrams.csv,0.29000000000000004,0.345,0.12,7
aime.csv,0.54,0.31,0.45999999999999996,3
badtrinitycore.csv,0.125,0.37,0.07,6
electric-core.csv,0.435,0.305,0.38,4
geochat.csv,0.5800000000000001,0.29500000000000004,0.59,0
mumble.csv,0.255,0.465,0.17,8
olsrd.csv,0.76,0.27,0.61,1
silvertree.csv,0.33,0.37,0.2,5
skia.csv,0.32499999999999996,0.485,0.11499999999999999,9
t-2.csv,0.33499999999999996,0.29500000000000004,0.345,2
