,recall,precision,pf,wins
alsa.csv,0.745,0.575,0.55,4
arcallians.csv,0.535,0.58,0.275,5
arianne.csv,0.95,0.505,0.9299999999999999,1
cortex-vfx.csv,0.45,0.645,0.175,6
mbse.csv,0.5800000000000001,0.47,0.56,0
multitude.csv,0.8200000000000001,0.575,0.685,3
phonon-vlc-mplayer.csv,0.5,0.66,0.225,7
qgis.csv,0.48,0.49,0.3,2
