,recall,precision,pf,wins
chipster.csv,0.35,0.39,0.4,1
fontforge.csv,0.745,0.43,0.4,7
hatari.csv,0.52,0.37,0.415,3
jcl.csv,0.185,0.37,0.17,5
ltp.csv,0.10500000000000001,0.46499999999999997,0.04,8
net-snmp.csv,0.52,0.425,0.39,4
opde.csv,0.45999999999999996,0.385,0.485,0
powerfolder-.csv,0.035,0.17,0.0,2
quantlib.csv,0.54,0.405,0.345,6
