,f1,g,recall,precision,pf,wins
atomsite.csv,0.595,0.595,0.735,0.495,0.5700000000000001,5
bullet.csv,0.5249999999999999,0.495,0.79,0.38,0.685,3
openintents.csv,0.505,0.46499999999999997,0.6699999999999999,0.43000000000000005,0.8200000000000001,1
pokenetonline.csv,0.54,0.475,0.8400000000000001,0.375,0.815,2
tktoolkit.csv,0.52,0.575,0.875,0.37,0.7,4
zealos.csv,0.22,0.19,0.16,0.4,0.16,0
