,recall,precision,pf,wins
codeblocks.csv,0.875,0.445,0.62,4
emulemorph.csv,0.06,0.635,0.055,11
fulguro.csv,0.10500000000000001,0.33,0.08,3
fw4spl.csv,0.5,0.585,0.505,6
gnome-jabber.csv,0.81,0.45499999999999996,0.73,1
ipfilter.csv,0.86,0.48,0.78,2
ipfire-wall.csv,0.235,0.54,0.155,8
libmesh.csv,0.35,0.555,0.32499999999999996,7
rockbox.csv,0.33,0.5349999999999999,0.355,5
soar.csv,0.67,0.45999999999999996,0.665,0
tencompetence.csv,0.325,0.55,0.18,9
xbrlapi.csv,0.535,0.6200000000000001,0.35,10
