,f1,g,recall,precision,pf,wins
columba.csv,0.39999999999999997,0.665,0.7250000000000001,0.325,0.43,2
emftriple.csv,0.24,0.20500000000000002,0.17,0.375,0.19,0
fluent-nhibernate.csv,0.475,0.54,0.505,0.47,0.19,3
gpsmid.csv,0.395,0.7050000000000001,0.7150000000000001,0.28,0.43000000000000005,1
