,recall,precision,pf,wins
adonthell.csv,0.6,0.6200000000000001,0.41000000000000003,6
chaperon.csv,0.13,0.5349999999999999,0.13,2
forester-atv.csv,0.07500000000000001,0.475,0.05,1
gephex.csv,0.435,0.605,0.4,4
pokenetonline.csv,0.46499999999999997,0.61,0.33999999999999997,5
primefaces.csv,0.725,0.585,0.6950000000000001,3
rcp-company-uibindings.csv,0.9099999999999999,0.545,0.9299999999999999,0
yarp0.csv,0.495,0.6499999999999999,0.425,7
