,recall,precision,pf,wins
alleg.csv,0.41,0.43,0.41500000000000004,0
chaosrts.csv,0.995,0.515,0.99,2
lazarus-ccr.csv,0.28,0.525,0.14,5
linuxsh.csv,0.27,0.54,0.155,6
migen.csv,0.43000000000000005,0.62,0.175,9
moviesandbox.csv,0.235,0.5,0.15500000000000003,4
sauerbraten.csv,0.41000000000000003,0.55,0.23,7
scite-ru.csv,0.5650000000000001,0.575,0.225,8
vrjuggler.csv,0.255,0.395,0.19,1
xuggle.csv,0.33999999999999997,0.49,0.28500000000000003,3
