,recall,precision,pf,pci_20,ifa,wins
agilitybook.csv,0.505,0.345,0.32,0.65,754.25,1
ambulant.csv,0.74,0.425,0.49000000000000005,0.5449999999999999,2015.25,0
