,recall,precision,pf,pci_20,ifa,wins
chipster.csv,0.275,0.115,0.18000000000000002,0.385,97.0,1
fontforge.csv,0.9450000000000001,0.395,0.99,0.365,246.0,0
hatari.csv,0.73,0.425,0.69,0.41,148.5,3
jcl.csv,0.675,0.46499999999999997,0.49,0.47,195.0,6
ltp.csv,0.69,0.415,0.595,0.5,196.5,5
net-snmp.csv,0.59,0.345,0.52,0.46499999999999997,99.0,7
opde.csv,0.78,0.435,0.6200000000000001,0.45999999999999996,198.0,4
powerfolder-.csv,0.42000000000000004,0.42,0.275,0.515,98.5,8
quantlib.csv,0.475,0.265,0.33,0.395,96.25,2
