,recall,precision,pf,wins
fityk.csv,0.475,0.265,0.29000000000000004,0
hibernate.csv,0.44,0.49,0.275,2
lamp.csv,0.235,0.615,0.08499999999999999,3
thout.csv,0.8300000000000001,0.465,0.815,1
