,recall,precision,pf,wins
encog-java.csv,0.05,0.305,0.01,5
h2database.csv,0.28500000000000003,0.42500000000000004,0.21,8
hannosset.csv,0.03,0.405,0.02,7
jaql.csv,0.545,0.32499999999999996,0.41000000000000003,4
megameknet.csv,0.375,0.54,0.305,9
ngl.csv,0.53,0.41500000000000004,0.39,6
qedo.csv,0.08,0.31,0.08,3
qmmp.csv,0.7749999999999999,0.33,0.635,2
raven-monitoring.csv,0.175,0.195,0.275,0
v8.csv,0.97,0.305,0.98,1
