,recall,precision,pf,wins
bigdata.csv,0.45,0.5449999999999999,0.245,8
e-bio-flow.csv,0.655,0.61,0.405,11
freedom-erp.csv,0.22,0.585,0.165,10
jbasic.csv,0.845,0.49,0.72,2
jgossipforum.csv,0.42500000000000004,0.55,0.235,9
joustsim.csv,0.715,0.48,0.43,5
jsidplay2.csv,0.745,0.455,0.685,1
madman.csv,0.21500000000000002,0.52,0.195,6
mule.csv,0.375,0.525,0.29500000000000004,7
nunit.csv,0.43,0.47,0.39,4
power-architect.csv,0.635,0.365,0.615,0
reaper3d.csv,0.44,0.455,0.41000000000000003,3
