,recall,precision,pf,wins
ifmo-game-1.csv,0.5,0.5,0.085,0
voms.csv,0.5700000000000001,0.505,0.060000000000000005,1
