,recall,precision,pf,wins
benojt.csv,1.0,0.45,1.0,0
jahshaka.csv,0.5349999999999999,0.53,0.4,2
jam-daq.csv,0.44,0.5900000000000001,0.11499999999999999,5
jatlas.csv,0.23,0.62,0.075,4
jedit.csv,0.62,0.53,0.275,3
open-media-library.csv,0.525,0.495,0.44,1
