,recall,precision,pf,wins
ikvm.csv,0.32,0.61,0.355,3
libtorrent.csv,0.93,0.52,0.785,1
mcmc-jags.csv,0.8049999999999999,0.6799999999999999,0.6499999999999999,6
nebuladevice.csv,0.105,0.7150000000000001,0.05,8
olap-navigator.csv,0.855,0.53,0.595,2
pidgin.csv,0.6799999999999999,0.565,0.47,4
salasaga.csv,0.77,0.5700000000000001,0.92,0
sepgsql.csv,0.195,0.565,0.12000000000000001,5
xstore.csv,0.535,0.6699999999999999,0.43,7
xtreemfs.csv,0.5,0.77,0.255,9
