,recall,precision,pf,wins
alembik.csv,0.16999999999999998,0.64,0.105,5
arsenal-1.csv,0.305,0.41500000000000004,0.175,3
barracudamvc.csv,0.865,0.41500000000000004,0.865,0
mevenide.csv,0.27,0.46,0.215,4
mumble.csv,0.5449999999999999,0.39,0.355,2
openintents.csv,0.645,0.44499999999999995,0.6799999999999999,1
