,recall,precision,pf,wins
amateur-scrolls.csv,0.51,0.59,0.20500000000000002,8
fritzing.csv,0.705,0.58,0.3,9
jlinalg.csv,0.64,0.48,0.515,4
knowledge.csv,0.78,0.475,0.615,3
massiv.csv,0.06,0.1,0.0,0
multitude.csv,0.805,0.46499999999999997,0.64,2
playerstage.csv,0.55,0.515,0.29500000000000004,5
quarkplusplus.csv,0.63,0.54,0.36,6
rtrt-on-gpu.csv,0.6699999999999999,0.475,0.605,1
superwaba.csv,0.20500000000000002,0.5800000000000001,0.13,7
