,recall,precision,pf,wins
jparsec.csv,0.8999999999999999,0.46499999999999997,0.8,1
kmess.csv,0.6,0.45999999999999996,0.415,2
minig.csv,0.66,0.63,0.42,4
ossbuild.csv,0.41500000000000004,0.7,0.17,5
rezilla.csv,0.795,0.455,0.6950000000000001,0
webdriver.csv,0.51,0.445,0.31000000000000005,3
