,recall,precision,pf,wins
bacnet.csv,0.605,0.315,0.42000000000000004,3
gamestone.csv,0.165,0.31,0.14500000000000002,5
gbif-providertoolkit.csv,0.475,0.39,0.435,4
heekscad.csv,0.645,0.435,0.325,7
igarden.csv,0.4,0.45499999999999996,0.175,9
levent.csv,0.36,0.44999999999999996,0.17,8
lportal.csv,0.07500000000000001,0.53,0.07,10
openmsx.csv,0.36,0.32,0.33,2
owlapi.csv,0.625,0.355,0.61,1
pnotepad.csv,0.87,0.325,0.745,0
quark.csv,0.155,0.67,0.035,11
xcsoar.csv,0.6000000000000001,0.385,0.345,6
