,recall,precision,pf,wins
all-plasm.csv,0.505,0.485,0.32,4
blue-c.csv,0.61,0.5449999999999999,0.39,5
cities3d.csv,0.52,0.395,0.625,1
dynalloy.csv,0.94,0.46499999999999997,0.9199999999999999,2
firebird.csv,0.62,0.555,0.33499999999999996,6
hydrogen.csv,0.5,0.585,0.135,10
nosleepsoftware.csv,0.055,0.15,0.10500000000000001,0
openmalaria.csv,0.715,0.585,0.42,7
popeye-chess.csv,0.6,0.63,0.325,9
qgo.csv,0.32,0.675,0.08499999999999999,11
xmoto.csv,0.56,0.52,0.25,8
yield.csv,0.805,0.495,0.645,3
