,f1,g,recall,precision,pf,wins
crux-framework.csv,0.36,0.31999999999999995,0.28,0.5700000000000001,0.185,1
libtorrent.csv,0.75,0.685,0.81,0.64,0.5700000000000001,3
moviesandbox.csv,0.61,0.645,0.685,0.71,0.475,2
sigil.csv,0.685,0.72,0.815,0.75,0.315,4
xbg.csv,0.22,0.185,0.15500000000000003,0.41000000000000003,0.24000000000000002,0
xtreemfs.csv,0.69,0.7,0.865,0.735,0.265,5
