,recall,precision,pf,wins
aubit4gl.csv,0.095,0.25,0.12,4
bibedt.csv,0.58,0.43,0.41000000000000003,7
customwars.csv,0.45499999999999996,0.33499999999999996,0.41500000000000004,5
impala.csv,0.215,0.245,0.255,2
massiv.csv,0.02,0.05,0.015,1
playerstage.csv,0.45999999999999996,0.385,0.32999999999999996,6
quarkplusplus.csv,0.53,0.315,0.485,3
xinity.csv,0.55,0.26,0.545,0
