,recall,precision,pf,wins
fmri-dmt.csv,0.6799999999999999,0.385,0.665,2
google-web-toolkit.csv,0.455,0.42500000000000004,0.26,4
open-data-kit.csv,0.745,0.33499999999999996,0.7250000000000001,1
qtractor.csv,0.62,0.38,0.395,3
quarkplayer.csv,0.20500000000000002,0.14500000000000002,0.265,0
zoolib.csv,0.48,0.41,0.22999999999999998,5
