,recall,precision,pf,wins
dvt.csv,0.29,0.385,0.29000000000000004,4
fulguro.csv,0.485,0.29500000000000004,0.54,0
fw4spl.csv,0.375,0.33999999999999997,0.32999999999999996,2
google-web-toolkit.csv,0.42500000000000004,0.355,0.35,3
jstock.csv,0.475,0.49,0.275,9
ldview.csv,0.685,0.43,0.505,7
nuttx.csv,0.35,0.435,0.22,8
utgb.csv,0.26,0.375,0.2,5
vdsf.csv,0.69,0.35,0.74,1
xbrlapi.csv,0.33999999999999997,0.45,0.26,6
