,recall,precision,pf,wins
array4j.csv,0.235,0.32999999999999996,0.10500000000000001,7
bigdata.csv,0.42500000000000004,0.275,0.26,6
calcubetimer.csv,0.9,0.185,0.7,0
jas.csv,0.055,0.5,0.02,11
jbpm.csv,0.16999999999999998,0.25,0.15000000000000002,4
jgossipforum.csv,0.0,0.0,0.0,1
joustsim.csv,0.315,0.36,0.13,8
madman.csv,0.19,0.45,0.05,10
mule.csv,0.3,0.24,0.2,5
nunit.csv,0.26,0.18,0.195,2
piccolo2d.csv,0.060000000000000005,0.15000000000000002,0.025,3
sblim.csv,0.01,0.43,0.01,9
