,recall,precision,pf,wins
jparsec.csv,0.605,0.44999999999999996,0.52,1
kmess.csv,0.52,0.45999999999999996,0.395,2
minig.csv,0.625,0.53,0.33,4
ossbuild.csv,0.455,0.675,0.155,5
rezilla.csv,0.8200000000000001,0.435,0.79,0
webdriver.csv,0.505,0.46499999999999997,0.245,3
