,recall,precision,pf,pci_20,ifa,wins
fmri-dmt.csv,0.6799999999999999,0.385,0.665,0.65,144.75,3
google-web-toolkit.csv,0.455,0.42500000000000004,0.26,0.5800000000000001,331.75,2
open-data-kit.csv,0.745,0.33499999999999996,0.7250000000000001,0.48,194.0,1
qtractor.csv,0.62,0.38,0.395,0.45499999999999996,144.5,4
quarkplayer.csv,0.20500000000000002,0.14500000000000002,0.265,0.965,267.75,0
zoolib.csv,0.48,0.41,0.22999999999999998,0.615,98.75,5
