,f1,g,recall,precision,pf,wins
adonthell.csv,0.5449999999999999,0.48,0.475,0.625,0.425,5
chaperon.csv,0.395,0.365,0.33,0.5,0.355,0
forester-atv.csv,0.335,0.325,0.305,0.6100000000000001,0.195,1
gephex.csv,0.655,0.515,0.64,0.615,0.6399999999999999,7
pokenetonline.csv,0.735,0.31,0.92,0.595,0.9099999999999999,4
primefaces.csv,0.74,0.24,0.9099999999999999,0.595,0.875,3
rcp-company-uibindings.csv,0.48000000000000004,0.53,0.52,0.5549999999999999,0.365,6
yarp0.csv,0.475,0.43,0.445,0.5349999999999999,0.495,2
