,f1,g,recall,precision,pf,wins
thrust.csv,0.33499999999999996,0.43500000000000005,0.435,0.295,0.315,0
trinitycore.csv,0.42,0.59,0.6,0.325,0.42500000000000004,1
