,recall,precision,pf,pci_20,ifa,wins
aime.csv,0.305,0.27,0.21999999999999997,0.7250000000000001,297.5,4
flylinkdc.csv,0.77,0.46499999999999997,0.43,0.46499999999999997,285.0,2
ltp.csv,0.6399999999999999,0.30000000000000004,0.5449999999999999,0.55,658.5,0
pfaedit.csv,0.6950000000000001,0.445,0.30000000000000004,0.45999999999999996,234.5,3
powerfolder-.csv,0.605,0.535,0.255,0.515,186.25,5
qtwin.csv,0.035,0.015,0.03,0.605,98.25,1
