,recall,precision,pf,pci_20,ifa,wins
empserver.csv,0.615,0.69,0.46499999999999997,0.495,99.0,6
enlightenment.csv,1.0,0.575,1.0,0.415,148.5,2
ffigo.csv,0.135,0.5599999999999999,0.16,0.565,97.25,5
ildjit.csv,0.195,0.565,0.15500000000000003,0.885,193.5,4
jfreereport.csv,0.185,0.685,0.11499999999999999,0.845,139.5,7
psycle.csv,0.735,0.635,0.6,0.435,146.5,3
wikipediardware.csv,0.8200000000000001,0.5700000000000001,0.81,0.405,247.5,1
wxjs.csv,0.0,0.0,0.015,0.0,41.25,0
