,recall,precision,pf,pci_20,ifa,wins
glelite.csv,0.955,0.915,0.415,0.42500000000000004,98.75,0
jmol.csv,0.845,0.935,0.38,0.45999999999999996,98.75,1
