,recall,precision,pf,pci_20,ifa,wins
emftriple.csv,0.59,0.41000000000000003,0.215,0.96,2.0,1
gpsmid.csv,0.72,0.44999999999999996,0.415,0.39,10.5,0
