,recall,precision,pf,wins
abbot.csv,0.685,0.365,0.645,1
jicarilla.csv,0.08499999999999999,0.43,0.060000000000000005,7
optalgtoolkit.csv,0.665,0.405,0.63,3
ossim.csv,0.0,0.0,0.0,0
projectts.csv,0.72,0.4,0.575,5
sabbu.csv,0.475,0.255,0.405,2
vxl.csv,0.655,0.465,0.545,6
zact.csv,0.015,0.19,0.03,4
