,recall,precision,pf,wins
alpine.csv,0.815,0.31,0.81,1
autat.csv,0.41500000000000004,0.505,0.16999999999999998,5
critterding.csv,0.835,0.32,0.9,0
fmri-dmt.csv,0.495,0.375,0.5449999999999999,2
open-data-kit.csv,0.735,0.32,0.6000000000000001,3
reactos-mirror.csv,0.675,0.45000000000000007,0.41500000000000004,4
