,recall,precision,pf,wins
adaptagrams.csv,0.5700000000000001,0.35,0.215,2
aime.csv,0.37,0.56,0.16999999999999998,5
badtrinitycore.csv,0.26,0.53,0.08,4
electric-core.csv,0.64,0.34,0.63,0
geochat.csv,0.38,0.485,0.22,3
olsrd.csv,0.8999999999999999,0.275,0.565,1
