,recall,precision,pf,wins
calcubetimer.csv,0.96,0.32,0.8200000000000001,0
chaperon.csv,0.065,0.875,0.01,5
mule.csv,0.26,0.44,0.09,4
nunit.csv,0.485,0.45,0.46499999999999997,2
springside.csv,0.655,0.485,0.585,3
swtfox.csv,0.26,0.48,0.45999999999999996,1
