,recall,precision,pf,pci_20,ifa,wins
columba.csv,0.6950000000000001,0.37,0.395,0.42,243.5,1
emftriple.csv,0.20500000000000002,0.405,0.195,0.95,373.25,2
fluent-nhibernate.csv,0.585,0.43500000000000005,0.265,0.55,242.0,3
gpsmid.csv,0.625,0.32,0.28500000000000003,0.44,556.5,0
