,recall,precision,pf,wins
thrust.csv,0.5549999999999999,0.6000000000000001,0.14,1
trinitycore.csv,0.445,0.5,0.0,0
