,recall,precision,pf,wins
boost.csv,0.675,0.395,0.5900000000000001,2
ffigo.csv,0.645,0.315,0.44,4
ildjit.csv,0.025,0.29500000000000004,0.025,5
proftp.csv,0.235,0.43999999999999995,0.15000000000000002,6
skia.csv,0.32999999999999996,0.52,0.16,8
tencompetence.csv,0.215,0.42500000000000004,0.09,7
theresa.csv,0.0,0.0,0.0,0
wxjs.csv,0.0,0.0,0.0,0
xstore.csv,0.55,0.32,0.4,3
