,recall,precision,pf,wins
bloodycore.csv,0.15500000000000003,0.485,0.14,3
flylegacy.csv,0.595,0.44,0.515,2
ftm.csv,0.33499999999999996,0.63,0.175,9
jcache.csv,0.605,0.45499999999999996,0.43999999999999995,5
lphant.csv,0.715,0.5900000000000001,0.495,8
minig.csv,0.72,0.47000000000000003,0.8200000000000001,0
mob-sen-plat.csv,0.72,0.49,0.6,4
raygina.csv,0.405,0.5249999999999999,0.25,6
upp-mirror.csv,0.43999999999999995,0.525,0.26,7
yarp.csv,0.19,0.36,0.11,1
