,recall,precision,pf,wins
bdbbasic.csv,0.185,0.5700000000000001,0.095,5
critterding.csv,0.73,0.5,0.49,3
enlightenment.csv,0.885,0.5700000000000001,0.8200000000000001,1
exordium.csv,0.485,0.63,0.075,8
google-caja.csv,0.71,0.515,0.37,4
itext.csv,0.8049999999999999,0.51,0.615,2
lockss.csv,0.5549999999999999,0.7150000000000001,0.22,9
modplug.csv,0.8,0.48,0.6499999999999999,0
reactos-mirror.csv,0.73,0.615,0.45499999999999996,7
yafdotnet.csv,0.515,0.5800000000000001,0.265,6
