,recall,precision,pf,wins
agilitybook.csv,0.39,0.08,0.28500000000000003,2
apolloplayer.csv,0.44999999999999996,0.08499999999999999,0.28500000000000003,3
k3d.csv,0.18,0.175,0.08499999999999999,5
kowari.csv,0.185,0.445,0.05,6
redshell.csv,1.0,0.14500000000000002,0.955,0
rtb-team.csv,0.61,0.175,0.405,4
xreal.csv,0.0,0.0,0.005,1
