,recall,precision,pf,wins
adobe-source.csv,0.20500000000000002,0.625,0.08,9
aubit4gl.csv,0.47,0.195,0.405,1
liferea.csv,0.31999999999999995,0.385,0.22,6
moving-pictures.csv,0.5349999999999999,0.33999999999999997,0.42,3
opensim4opencog.csv,0.13,0.6000000000000001,0.045,8
plearn.csv,0.55,0.37,0.42000000000000004,4
psrchive.csv,0.095,0.41500000000000004,0.05,7
re2c.csv,0.5449999999999999,0.37,0.48,2
rebecca-aiml.csv,0.375,0.445,0.32999999999999996,5
xfce.csv,0.73,0.255,0.635,0
