,recall,precision,pf,pci_20,ifa,wins
bacula.csv,0.66,0.46,0.41,0.5700000000000001,4.0,0
jajuk.csv,0.815,0.52,0.5700000000000001,0.355,1.0,1
vapor.csv,0.455,0.565,0.22500000000000003,0.5700000000000001,2.0,3
zorannt.csv,0.55,0.5549999999999999,0.265,0.485,1.0,2
