,recall,precision,pf,pci_20,ifa,wins
e-bio-flow.csv,0.35,0.45499999999999996,0.065,0.5,1.0,4
exl.csv,0.625,0.30500000000000005,0.605,0.455,1.0,1
opennms.csv,0.07500000000000001,0.29,0.125,0.8500000000000001,5.5,0
phet.csv,0.37,0.355,0.37,0.885,1.5,3
runuomondains.csv,0.59,0.41500000000000004,0.46,0.505,0.5,2
