,recall,precision,pf,wins
brlcad.csv,0.88,0.54,0.9450000000000001,0
fceugc.csv,0.33499999999999996,0.6599999999999999,0.22,5
ftm.csv,0.75,0.66,0.505,6
google-gears.csv,0.6699999999999999,0.585,0.46499999999999997,3
jaolt.csv,0.725,0.565,0.48000000000000004,2
jcache.csv,0.595,0.59,0.375,4
kmess.csv,0.39,0.56,0.15000000000000002,1
xmemcached.csv,0.445,0.715,0.215,7
