,recall,precision,pf,wins
alpine.csv,0.16999999999999998,0.585,0.065,6
biodwh.csv,0.25,0.755,0.065,7
brlcad.csv,0.505,0.405,0.5549999999999999,0
critterding.csv,0.58,0.39,0.515,1
jmri.csv,0.7,0.405,0.46,5
nabu-library.csv,0.825,0.44,0.715,2
popeye-chess.csv,0.6,0.43,0.49,3
yarp.csv,0.33999999999999997,0.42500000000000004,0.31000000000000005,4
