,recall,precision,pf,pci_20,ifa,wins
dataobjectsdotnet.csv,0.645,0.42,0.49,0.52,1.5,2
miranda-icq.csv,0.435,0.41500000000000004,0.39,0.49,1.5,1
red5.csv,0.705,0.32999999999999996,0.535,0.44999999999999996,0.5,0
thrust.csv,0.48,0.42000000000000004,0.445,0.76,1.0,3
