,recall,precision,pf,wins
codesmith.csv,0.71,0.44499999999999995,0.69,1
geotools.csv,0.245,0.555,0.09,9
gephex.csv,0.755,0.495,0.58,2
haggle.csv,0.5249999999999999,0.46499999999999997,0.28,5
java-gnome.csv,0.46499999999999997,0.56,0.27,8
jgnash.csv,0.275,0.505,0.185,4
jrdf.csv,0.27999999999999997,0.5449999999999999,0.16999999999999998,6
mpqc.csv,0.435,0.5900000000000001,0.49,3
panda3d.csv,0.18,0.6,0.14500000000000002,7
tencompetence.csv,0.44999999999999996,0.33999999999999997,0.38,0
