,recall,precision,pf,wins
multitude.csv,0.62,0.6,0.36,0
ngl.csv,0.615,0.625,0.29000000000000004,1
qmmp.csv,0.5800000000000001,0.64,0.26,2
quarkplusplus.csv,0.37,0.705,0.16999999999999998,3
