,recall,precision,pf,wins
etherboot.csv,0.6799999999999999,0.44,0.5549999999999999,2
fityk.csv,0.625,0.45999999999999996,0.56,1
hatari.csv,0.69,0.63,0.61,9
lmms.csv,0.47,0.515,0.385,4
mecat.csv,0.10500000000000001,0.47,0.03,5
nullc.csv,0.635,0.42500000000000004,0.42500000000000004,3
oscarmcmaster.csv,0.605,0.565,0.515,7
superwaba.csv,0.52,0.605,0.32,10
tycho.csv,0.43,0.665,0.215,11
vienna-add-in.csv,0.69,0.395,0.675,0
voms.csv,0.5549999999999999,0.505,0.35,8
wsmt.csv,0.235,0.485,0.12,6
