,recall,precision,pf,wins
alpine.csv,0.105,0.46,0.060000000000000005,6
biodwh.csv,0.08499999999999999,0.16999999999999998,0.02,0
brlcad.csv,0.8200000000000001,0.45,0.85,2
critterding.csv,0.36,0.45499999999999996,0.26,5
jmri.csv,0.78,0.415,0.7250000000000001,3
nabu-library.csv,0.685,0.395,0.5900000000000001,4
popeye-chess.csv,0.65,0.475,0.425,7
yarp.csv,0.28500000000000003,0.33,0.26,1
