,recall,precision,pf,pci_20,ifa,wins
lockss.csv,0.59,0.63,0.2,0.44999999999999996,186.0,4
pcgen.csv,0.825,0.495,0.6849999999999999,0.425,246.0,0
personalaccess.csv,0.7150000000000001,0.5700000000000001,0.38,0.375,245.25,1
selenium.csv,0.625,0.61,0.315,0.375,195.75,3
tolven.csv,0.46499999999999997,0.645,0.18,0.55,191.75,5
webdriver.csv,0.5,0.53,0.24000000000000002,0.5700000000000001,240.75,2
