,f1,g,recall,precision,pf,wins
e-bio-flow.csv,0.41500000000000004,0.395,0.35,0.45499999999999996,0.065,3
exl.csv,0.41000000000000003,0.565,0.625,0.30500000000000005,0.605,2
opennms.csv,0.11,0.09,0.07500000000000001,0.29,0.125,0
phet.csv,0.33999999999999997,0.16,0.37,0.355,0.37,1
runuomondains.csv,0.48,0.545,0.59,0.41500000000000004,0.46,4
