,recall,precision,pf,wins
fritzing.csv,0.69,0.595,0.305,4
jlinalg.csv,0.81,0.45,0.595,0
jmule.csv,0.825,0.63,0.33999999999999997,5
knowledge.csv,0.77,0.485,0.535,1
massiv.csv,0.14500000000000002,0.7250000000000001,0.015,6
ng4j.csv,0.43000000000000005,0.74,0.13,7
playerstage.csv,0.685,0.53,0.29,3
superwaba.csv,0.71,0.585,0.4,2
