,recall,precision,pf,wins
calcubetimer.csv,0.735,0.37,0.5549999999999999,0
chaperon.csv,0.195,0.54,0.095,4
mule.csv,0.29500000000000004,0.39,0.135,2
nunit.csv,0.29000000000000004,0.63,0.09,5
springside.csv,0.69,0.54,0.48,3
swtfox.csv,0.42000000000000004,0.46499999999999997,0.32,1
