,recall,precision,pf,wins
agilitybook.csv,0.41500000000000004,0.15000000000000002,0.49,2
apolloplayer.csv,0.265,0.14,0.225,5
k3d.csv,0.10500000000000001,0.25,0.02,6
kowari.csv,0.015,0.03,0.01,1
redshell.csv,1.0,0.14,0.9199999999999999,0
rtb-team.csv,0.51,0.15000000000000002,0.445,4
xreal.csv,0.03,0.09,0.0,3
