,recall,precision,pf,pci_20,ifa,wins
abbot.csv,0.865,0.315,0.725,0.425,286.5,1
jicarilla.csv,0.01,0.25,0.015,0.0,19.5,0
optalgtoolkit.csv,0.435,0.405,0.51,0.61,301.25,5
ossim.csv,0.385,0.405,0.325,0.595,188.5,7
projectts.csv,0.565,0.29500000000000004,0.47,0.5349999999999999,238.25,2
sabbu.csv,0.41000000000000003,0.29500000000000004,0.29000000000000004,0.595,182.0,3
vxl.csv,0.485,0.355,0.59,0.595,194.25,4
zact.csv,0.48,0.32499999999999996,0.29000000000000004,0.73,203.5,6
