,recall,precision,pf,wins
agilitybook.csv,0.165,0.315,0.095,4
apolloplayer.csv,0.435,0.185,0.25,1
k3d.csv,0.20500000000000002,0.645,0.08,6
keyczar.csv,0.265,0.22999999999999998,0.2,2
kowari.csv,0.305,0.41000000000000003,0.07,5
redshell.csv,0.93,0.20500000000000002,0.59,0
rtb-team.csv,0.54,0.275,0.315,3
