,recall,precision,pf,wins
ikvm.csv,0.43,0.595,0.33999999999999997,4
libtorrent.csv,0.96,0.495,0.835,0
mcmc-jags.csv,0.635,0.6599999999999999,0.54,5
nebuladevice.csv,0.21,0.7050000000000001,0.07,9
olap-navigator.csv,0.7749999999999999,0.5449999999999999,0.485,3
pidgin.csv,0.76,0.525,0.61,2
salasaga.csv,0.845,0.6000000000000001,0.86,1
sepgsql.csv,0.07,0.645,0.04,8
xstore.csv,0.6799999999999999,0.625,0.39,6
xtreemfs.csv,0.54,0.61,0.265,7
