,recall,precision,pf,wins
benojt.csv,1.0,0.455,0.99,0
jahshaka.csv,0.41000000000000003,0.53,0.32,4
jam-daq.csv,0.49,0.455,0.24000000000000002,2
jatlas.csv,0.09,0.43,0.075,1
jedit.csv,0.69,0.535,0.38,5
open-media-library.csv,0.765,0.505,0.5,3
