,recall,precision,pf,wins
jparsec.csv,0.6299999999999999,0.47,0.605,2
kmess.csv,0.305,0.32999999999999996,0.245,0
minig.csv,0.695,0.51,0.78,1
ossbuild.csv,0.485,0.515,0.265,5
rezilla.csv,0.245,0.535,0.15000000000000002,4
webdriver.csv,0.5700000000000001,0.395,0.3,3
