,recall,precision,pf,pci_20,ifa,wins
jrdf.csv,0.45,0.305,0.16999999999999998,0.7250000000000001,178.25,1
mpqc.csv,0.275,0.13,0.195,0.905,348.5,0
