,recall,precision,pf,pci_20,ifa,wins
freenet.csv,0.885,0.485,0.86,0.385,145.5,2
javagroups.csv,0.535,0.5349999999999999,0.35,0.45499999999999996,194.75,3
jrefactory.csv,0.815,0.52,0.625,0.435,166.5,4
logicmail.csv,0.99,0.485,0.9299999999999999,0.355,145.5,1
nodal.csv,0.405,0.53,0.255,0.585,188.5,5
soar.csv,0.915,0.53,0.9,0.365,194.0,0
taverna.csv,0.48,0.515,0.26,0.675,192.5,6
web-cat.csv,0.755,0.5700000000000001,0.56,0.405,99.0,7
