,recall,precision,pf,wins
calcubetimer.csv,0.75,0.4,0.64,0
chaperon.csv,0.245,0.5700000000000001,0.13,4
mule.csv,0.25,0.42000000000000004,0.10500000000000001,2
nunit.csv,0.55,0.625,0.25,5
springside.csv,0.6950000000000001,0.545,0.505,3
swtfox.csv,0.39,0.45999999999999996,0.38,1
