,recall,precision,pf,wins
fm-classic.csv,0.0,0.0,0.0,1
foursquared.csv,0.125,0.115,0.045,3
ifmo-game-1.csv,0.19,0.07,0.065,2
micomt.csv,0.59,0.07,0.29500000000000004,0
voms.csv,0.23500000000000001,0.355,0.12,4
