,recall,precision,pf,wins
alembik.csv,0.21,0.615,0.10500000000000001,6
anaxagora.csv,0.52,0.56,0.32499999999999996,5
botsnscouts.csv,0.5349999999999999,0.54,0.365,4
emisview.csv,0.12,0.635,0.05500000000000001,7
matrex.csv,0.30500000000000005,0.42500000000000004,0.18,2
mediaportal.csv,0.71,0.425,0.785,0
mediate.csv,0.565,0.485,0.52,1
ontopia.csv,0.84,0.5,0.7,3
