,recall,precision,pf,pci_20,ifa,wins
columba.csv,0.73,0.325,0.475,0.41000000000000003,243.5,1
emftriple.csv,0.16,0.37,0.16,0.965,384.5,2
fluent-nhibernate.csv,0.5700000000000001,0.455,0.225,0.5700000000000001,242.0,3
gpsmid.csv,0.8200000000000001,0.28,0.47,0.46499999999999997,247.25,0
