,recall,precision,pf,pci_20,ifa,wins
arianne.csv,0.8400000000000001,0.58,0.905,0.425,148.5,3
jlinalg.csv,0.605,0.42,0.54,0.48,246.25,0
knowledge.csv,0.755,0.555,0.255,0.475,99.0,5
massiv.csv,0.065,0.345,0.0,0.43,62.0,1
playerstage.csv,0.6,0.675,0.30000000000000004,0.505,197.5,4
ultimairis.csv,0.655,0.605,0.535,0.425,197.0,2
