,recall,precision,pf,wins
adobe-source.csv,0.185,0.5,0.04,8
ibatisdb.csv,0.335,0.19,0.24,4
jmol.csv,0.5700000000000001,0.215,0.475,1
liferea.csv,0.365,0.375,0.165,7
log4net.csv,0.0,0.0,0.0,3
pclasses.csv,0.0,0.0,0.02,2
psrchive.csv,0.30500000000000005,0.525,0.10500000000000001,9
re2c.csv,0.56,0.37,0.35,6
tycho.csv,0.475,0.28500000000000003,0.305,5
xfce.csv,0.7,0.2,0.54,0
