,recall,precision,pf,pci_20,ifa,wins
dataobjectsdotnet.csv,0.6799999999999999,0.43499999999999994,0.6000000000000001,0.435,1.0,1
miranda-icq.csv,0.39,0.4,0.39,0.495,1.0,0
red5.csv,0.725,0.33499999999999996,0.625,0.405,0.5,2
thrust.csv,0.44999999999999996,0.485,0.355,0.8400000000000001,1.0,3
