,recall,precision,pf,wins
dynalloy.csv,0.905,0.435,0.7949999999999999,5
jaolt.csv,0.505,0.42500000000000004,0.27,9
jcl.csv,0.08,0.35,0.04,3
kmess.csv,0.565,0.375,0.455,2
ossbuild.csv,0.41,0.54,0.21000000000000002,11
qgo.csv,0.65,0.435,0.485,7
quark.csv,0.060000000000000005,0.43,0.03,8
rezilla.csv,0.895,0.405,0.9,0
rhex.csv,0.5,0.45999999999999996,0.35,10
toped.csv,0.91,0.4,0.81,1
truevision.csv,0.675,0.4,0.485,6
wxstudio.csv,0.31000000000000005,0.4,0.325,4
