,recall,precision,pf,pci_20,ifa,wins
adonthell.csv,0.46499999999999997,0.595,0.435,0.51,98.75,3
chaperon.csv,0.3,0.565,0.29500000000000004,0.81,97.5,7
forester-atv.csv,0.155,0.6299999999999999,0.07500000000000001,0.49,98.5,6
gephex.csv,0.705,0.6100000000000001,0.72,0.48,99.0,2
pokenetonline.csv,0.915,0.605,0.8049999999999999,0.4,98.5,4
primefaces.csv,0.925,0.595,0.9,0.38,98.75,1
rcp-company-uibindings.csv,0.565,0.56,0.385,0.44,98.5,0
yarp0.csv,0.45,0.56,0.505,0.645,98.0,5
