,f1,g,recall,precision,pf,wins
acegisecurity.csv,0.525,0.645,0.66,0.46499999999999997,0.385,5
ppcboot.csv,0.5449999999999999,0.345,0.98,0.38,0.905,2
simplewebservices.csv,0.5,0.355,0.9299999999999999,0.365,0.885,1
uwom.csv,0.5,0.5549999999999999,0.605,0.45499999999999996,0.29500000000000004,4
wow-qrsk.csv,0.445,0.455,0.41500000000000004,0.5549999999999999,0.16999999999999998,3
wxstudio.csv,0.2,0.275,0.365,0.33,0.565,0
