,recall,precision,pf,wins
bacnet.csv,0.5700000000000001,0.39,0.42000000000000004,3
gamestone.csv,0.12000000000000001,0.385,0.09,4
gbif-providertoolkit.csv,0.12,0.6,0.08499999999999999,8
heekscad.csv,0.765,0.37,0.515,2
igarden.csv,0.195,0.595,0.05500000000000001,9
levent.csv,0.745,0.38,0.53,1
owlapi.csv,0.185,0.43999999999999995,0.14500000000000002,6
pnotepad.csv,0.865,0.355,0.575,0
quark.csv,0.115,0.485,0.04,7
xcsoar.csv,0.485,0.42000000000000004,0.305,5
