,recall,precision,pf,pci_20,ifa,wins
adaptagrams.csv,0.595,0.33999999999999997,0.225,0.53,246.25,7
aime.csv,0.22000000000000003,0.335,0.22999999999999998,0.5349999999999999,183.25,6
badtrinitycore.csv,0.385,0.26,0.185,0.545,246.25,3
electric-core.csv,0.635,0.30500000000000005,0.53,0.47,486.25,0
geochat.csv,0.515,0.29500000000000004,0.485,0.6,197.5,5
mumble.csv,0.72,0.28500000000000003,0.435,0.48,196.75,4
olsrd.csv,0.635,0.295,0.45,0.41000000000000003,390.75,1
t-2.csv,0.615,0.28,0.45999999999999996,0.445,275.5,2
