,recall,precision,pf,wins
atlc.csv,0.825,0.36,0.625,2
pclasses.csv,0.05500000000000001,0.4,0.04,6
pfaedit.csv,0.6200000000000001,0.485,0.45999999999999996,7
theresa.csv,0.0,0.0,0.0,0
thrust.csv,0.4,0.39,0.31,4
tktoolkit.csv,0.265,0.395,0.25,3
trinitycore.csv,0.31,0.44,0.14,9
tzod.csv,0.47,0.51,0.35,8
yaprm.csv,0.39,0.36,0.22,5
zemljanka.csv,1.0,0.32499999999999996,0.98,1
