,recall,precision,pf,wins
benojt.csv,1.0,0.46499999999999997,0.99,1
chrysalis.csv,0.665,0.48,0.255,5
jahshaka.csv,0.5549999999999999,0.395,0.39,0
jam-daq.csv,0.32,0.575,0.10500000000000001,9
jatlas.csv,0.545,0.44499999999999995,0.31,4
jedit.csv,0.82,0.49,0.75,3
mscore.csv,0.665,0.55,0.475,7
open-media-library.csv,0.63,0.515,0.32999999999999996,6
panda3d.csv,0.585,0.53,0.335,8
wheat.csv,0.5349999999999999,0.395,0.35,2
