,recall,precision,pf,wins
alembik.csv,0.21000000000000002,0.6950000000000001,0.155,7
arsenal-1.csv,0.1,0.5349999999999999,0.065,5
barracudamvc.csv,0.94,0.46,0.95,0
irplus.csv,0.43,0.7050000000000001,0.305,8
lite.csv,0.13,0.72,0.05,9
mumble.csv,0.30000000000000004,0.6599999999999999,0.21500000000000002,6
ontopia.csv,0.96,0.46,0.87,2
openintents.csv,0.52,0.575,0.49,4
ta3d.csv,0.81,0.445,0.755,1
tweetsharp.csv,0.665,0.54,0.525,3
