,recall,precision,pf,wins
freenet.csv,0.66,0.35,0.52,0
javagroups.csv,0.265,0.575,0.255,6
jrefactory.csv,0.5800000000000001,0.45999999999999996,0.44500000000000006,3
logicmail.csv,0.76,0.47500000000000003,0.59,2
nodal.csv,0.53,0.55,0.29,7
soar.csv,0.675,0.48000000000000004,0.575,1
taverna.csv,0.14500000000000002,0.41500000000000004,0.215,4
web-cat.csv,0.395,0.565,0.365,5
