,recall,precision,pf,wins
encog-java.csv,0.13,0.595,0.034999999999999996,5
fluent-nhibernate.csv,0.14500000000000002,0.495,0.055,4
h2database.csv,0.22,0.33499999999999996,0.13,2
jaql.csv,0.58,0.375,0.22,3
raven-monitoring.csv,0.39,0.245,0.56,0
v8.csv,0.9450000000000001,0.26,0.915,1
