,recall,precision,pf,wins
jnode.csv,0.6499999999999999,0.16499999999999998,0.245,0
openmeetings.csv,0.8,0.265,0.245,1
