,recall,precision,pf,pci_20,ifa,wins
brlcad.csv,0.18,0.5249999999999999,0.155,0.73,98.0,5
fceugc.csv,0.405,0.54,0.4,0.665,98.75,4
ftm.csv,0.32999999999999996,0.7749999999999999,0.12000000000000001,0.575,141.0,6
google-gears.csv,0.85,0.47,0.685,0.44,192.0,0
jaolt.csv,0.615,0.635,0.32499999999999996,0.43,140.0,3
jcache.csv,0.81,0.55,0.495,0.46499999999999997,180.5,1
kmess.csv,0.30000000000000004,0.735,0.14,0.71,99.0,7
xmemcached.csv,0.66,0.495,0.755,0.5549999999999999,98.25,2
