,recall,precision,pf,wins
e-bio-flow.csv,0.095,0.2,0.04,1
exl.csv,0.525,0.33999999999999997,0.365,2
opennms.csv,0.265,0.655,0.095,4
phet.csv,0.37,0.43000000000000005,0.485,0
runuomondains.csv,0.21500000000000002,0.53,0.11,3
