,f1,g,recall,precision,pf,wins
freewrl.csv,0.655,0.585,0.8300000000000001,0.5599999999999999,0.62,0
silvertree.csv,0.725,0.47000000000000003,0.88,0.635,0.58,1
