,recall,precision,pf,wins
acegisecurity.csv,0.46499999999999997,0.445,0.22,4
ppcboot.csv,0.58,0.335,0.405,1
simplewebservices.csv,0.325,0.33,0.33499999999999996,0
uwom.csv,0.7849999999999999,0.505,0.395,3
wow-qrsk.csv,0.675,0.43000000000000005,0.21999999999999997,5
wxstudio.csv,0.425,0.35,0.265,2
