,recall,precision,pf,wins
dataobjectsdotnet.csv,0.265,0.575,0.13,1
miranda-icq.csv,0.465,0.575,0.16499999999999998,2
red5.csv,0.49,0.71,0.17,3
thrust.csv,0.535,0.52,0.45999999999999996,0
