,recall,precision,pf,wins
abbot.csv,0.5549999999999999,0.33499999999999996,0.525,2
jicarilla.csv,0.01,0.125,0.055,1
optalgtoolkit.csv,0.685,0.495,0.675,3
ossim.csv,0.0,0.0,0.0,0
projectts.csv,0.6699999999999999,0.33999999999999997,0.53,5
sabbu.csv,0.31,0.32,0.28500000000000003,4
vxl.csv,0.305,0.55,0.195,7
zact.csv,0.015,0.335,0.005,6
