,recall,precision,pf,wins
aime.csv,0.305,0.27,0.21999999999999997,2
flylinkdc.csv,0.77,0.46499999999999997,0.43,3
ltp.csv,0.6399999999999999,0.30000000000000004,0.5449999999999999,0
pfaedit.csv,0.6950000000000001,0.445,0.30000000000000004,4
powerfolder-.csv,0.605,0.535,0.255,5
qtwin.csv,0.035,0.015,0.03,1
