,recall,precision,pf,wins
acegisecurity.csv,0.615,0.385,0.41500000000000004,4
emite.csv,0.54,0.385,0.30500000000000005,6
irrlicht.csv,0.895,0.38,0.8,0
migen.csv,0.55,0.41000000000000003,0.395,5
motu.csv,0.27,0.385,0.2,3
openxava.csv,0.55,0.435,0.525,2
truevision.csv,0.925,0.35,0.685,1
zoolib.csv,0.2,0.66,0.07,7
