,f1,g,recall,precision,pf,cdom,bellwether
1,0.47,0.45,0.29500000000000004,0.42,0.505,6.0,sblim.csv
9,0.87,0.44,0.29000000000000004,0.355,0.445,1.0,atunes.csv
12,0.77,0.35,0.3,0.41,0.515,9.0,phonon-vlc-mplayer.csv
26,0.47,0.39,0.29,0.335,0.49,3.0,nodal.csv
31,0.74,0.43,0.33,0.43,0.5,18.0,jstock.csv
51,0.745,0.29,0.27,0.39,0.5,17.0,silvertree.csv
23,0.8300000000000001,0.6000000000000001,0.48,0.48,0.66,1.0,magicwars.csv
24,0.67,0.52,0.43,0.46499999999999997,0.5,2.0,esmf.csv
25,0.78,0.6799999999999999,0.58,0.58,0.58,0.0,xmemcached.csv
