,recall,precision,pf,wins
dvt.csv,0.315,0.37,0.32,1
fulguro.csv,0.16999999999999998,0.525,0.10500000000000001,9
fw4spl.csv,0.265,0.44999999999999996,0.225,7
google-web-toolkit.csv,0.42500000000000004,0.4,0.365,4
jstock.csv,0.04,0.5,0.04,8
ldview.csv,0.325,0.41500000000000004,0.25,5
nuttx.csv,0.505,0.415,0.36,6
utgb.csv,0.12,0.375,0.13,2
vdsf.csv,0.64,0.41500000000000004,0.72,0
xbrlapi.csv,0.5,0.385,0.44,3
