,recall,precision,pf,wins
thrust.csv,0.565,0.61,0.11499999999999999,0
trinitycore.csv,0.545,0.695,0.049999999999999996,1
