,recall,precision,pf,pci_20,ifa,wins
genoviz.csv,0.11499999999999999,0.9450000000000001,0.02,0.815,96.5,5
irrlicht.csv,1.0,0.39,1.0,0.405,99.0,1
qedo.csv,0.16499999999999998,0.26,0.245,0.9,117.5,0
qse.csv,0.665,0.63,0.67,0.46,98.25,3
toped.csv,0.755,0.365,0.645,0.51,98.25,2
truevision.csv,0.575,0.7250000000000001,0.31,0.545,98.0,4
