,recall,precision,pf,wins
echongl.csv,0.345,0.11,0.485,0
emite.csv,0.47,0.2,0.68,1
geogebra.csv,0.46499999999999997,0.33499999999999996,0.25,7
hibernate.csv,0.275,0.3,0.165,6
httpcontentparser.csv,0.26,0.295,0.18,3
megameknet.csv,0.575,0.27,0.37,5
myfaces.csv,0.885,0.24,0.925,2
ns-3.csv,0.6499999999999999,0.275,0.44,4
ondex.csv,0.225,0.5,0.055,9
pixel-commandos.csv,0.1,0.625,0.015,11
rsyslog.csv,0.585,0.41500000000000004,0.27,8
wow-qrsk.csv,0.46499999999999997,0.48,0.16,10
