,recall,precision,pf,wins
etherboot.csv,0.335,0.565,0.31,4
fityk.csv,0.595,0.505,0.375,6
hatari.csv,0.49,0.55,0.365,5
lmms.csv,0.67,0.525,0.49,3
mecat.csv,0.0,0.0,0.0,0
nullc.csv,0.96,0.39,0.845,2
oscarmcmaster.csv,0.315,0.53,0.060000000000000005,11
superwaba.csv,0.41500000000000004,0.615,0.24,10
tycho.csv,0.335,0.56,0.175,9
vienna-add-in.csv,0.855,0.49,0.895,1
voms.csv,0.06,0.485,0.01,7
wsmt.csv,0.10500000000000001,0.585,0.07500000000000001,8
