,recall,precision,pf,pci_20,ifa,wins
ambulant.csv,0.7050000000000001,0.305,0.685,0.52,231.75,2
ingex.csv,0.59,0.385,0.43500000000000005,0.495,303.0,3
jgnash.csv,0.5449999999999999,0.385,0.4,0.48,335.25,1
mp-rechnungs-und-kundenverwaltung.csv,0.44,0.49,0.21000000000000002,0.5,183.0,5
openefm.csv,0.5,0.325,0.32,0.6,329.75,4
yarp0.csv,0.625,0.4,0.45,0.44,428.5,0
