,recall,precision,pf,wins
freewrl.csv,0.89,0.55,0.71,0
silvertree.csv,0.8400000000000001,0.6100000000000001,0.595,1
