,recall,precision,pf,wins
alembik.csv,0.36,0.605,0.13,5
arsenal-1.csv,0.235,0.45,0.195,3
barracudamvc.csv,0.865,0.41000000000000003,0.895,0
mevenide.csv,0.29000000000000004,0.5,0.19,4
mumble.csv,0.5549999999999999,0.405,0.42500000000000004,2
openintents.csv,0.6,0.44499999999999995,0.605,1
