,recall,precision,pf,pci_20,ifa,wins
adaptagrams.csv,0.635,0.3,0.28,0.475,246.25,2
aime.csv,0.325,0.32,0.275,0.615,193.25,3
badtrinitycore.csv,0.37,0.33999999999999997,0.18,0.565,244.75,5
electric-core.csv,0.69,0.32,0.5549999999999999,0.46,486.25,0
geochat.csv,0.315,0.32,0.305,0.7649999999999999,197.5,4
olsrd.csv,0.65,0.28500000000000003,0.38,0.455,341.25,1
