,recall,precision,pf,pci_20,ifa,wins
columba.csv,0.735,0.315,0.47,0.405,243.5,0
emftriple.csv,0.155,0.37,0.2,0.96,621.0,1
fluent-nhibernate.csv,0.5700000000000001,0.45000000000000007,0.21000000000000002,0.575,242.0,3
gpsmid.csv,0.635,0.375,0.305,0.5,148.5,2
