,recall,precision,pf,wins
codesmith.csv,0.665,0.7150000000000001,0.595,5
gwanted.csv,0.195,0.74,0.034999999999999996,10
ivatamasks.csv,0.46499999999999997,0.6799999999999999,0.38,6
java-gnome.csv,0.415,0.65,0.275,7
orc.csv,0.11,0.375,0.11,0
plato.csv,0.775,0.645,0.735,2
rodin-b-sharp.csv,0.35,0.74,0.245,9
tycho.csv,0.635,0.67,0.59,3
umber.csv,0.37,0.76,0.33499999999999996,8
unicase.csv,0.73,0.74,0.37,11
vienna-add-in.csv,0.935,0.645,0.75,4
wpdev.csv,1.0,0.665,1.0,1
