,recall,precision,pf,pci_20,ifa,wins
abbot.csv,0.78,0.33999999999999997,0.61,0.43,313.25,0
jicarilla.csv,0.015,0.25,0.035,0.5,71.75,3
optalgtoolkit.csv,0.53,0.395,0.43,0.48,191.25,2
ossim.csv,0.305,0.39,0.32,0.575,188.5,5
projectts.csv,0.68,0.315,0.445,0.5,286.5,1
sabbu.csv,0.51,0.365,0.32,0.515,182.0,6
vxl.csv,0.39,0.305,0.29000000000000004,0.72,222.25,7
zact.csv,0.26,0.14,0.26,0.74,129.5,4
