,recall,precision,pf,pci_20,ifa,wins
azureus.csv,0.6699999999999999,0.59,0.28500000000000003,0.47,1.0,0
matrex.csv,0.715,0.6,0.255,0.45999999999999996,0.0,1
