,recall,precision,pf,wins
codesmith.csv,0.505,0.45499999999999996,0.355,7
geotools.csv,0.765,0.45499999999999996,0.54,5
gephex.csv,0.77,0.48,0.71,2
haggle.csv,0.275,0.3,0.30500000000000005,1
java-gnome.csv,0.415,0.45,0.345,4
jgnash.csv,0.71,0.455,0.48,6
jrdf.csv,0.45,0.445,0.29500000000000004,8
mpqc.csv,0.195,0.43000000000000005,0.21000000000000002,3
panda3d.csv,0.535,0.485,0.38,9
tencompetence.csv,0.47,0.29500000000000004,0.48,0
