,recall,precision,pf,wins
echongl.csv,0.355,0.6599999999999999,0.33,4
ivatamasks.csv,0.81,0.71,0.6599999999999999,6
orc.csv,0.14500000000000002,0.825,0.05,10
plato.csv,0.935,0.66,0.945,0
proftp.csv,0.295,0.8,0.21000000000000002,9
tycho.csv,0.39,0.655,0.445,2
uclmda.csv,0.6799999999999999,0.6699999999999999,0.615,3
umber.csv,0.15500000000000003,0.705,0.12000000000000001,7
unicase.csv,0.5900000000000001,0.685,0.485,5
vienna-add-in.csv,0.79,0.705,0.41000000000000003,8
wpdev.csv,1.0,0.675,1.0,1
