,recall,precision,pf,wins
bacnet.csv,0.59,0.41500000000000004,0.33999999999999997,3
gamestone.csv,0.14,0.515,0.1,5
gbif-providertoolkit.csv,0.22,0.69,0.09,9
heekscad.csv,0.6799999999999999,0.43000000000000005,0.365,4
igarden.csv,0.165,0.635,0.04,8
levent.csv,0.76,0.355,0.525,1
owlapi.csv,0.26,0.53,0.135,7
pnotepad.csv,0.92,0.36,0.63,0
quark.csv,0.14500000000000002,0.475,0.035,6
xcsoar.csv,0.58,0.365,0.32499999999999996,2
