,recall,precision,pf,pci_20,ifa,wins
jparsec.csv,0.62,0.475,0.51,0.47,191.5,0
kmess.csv,0.16499999999999998,0.7,0.075,0.815,112.0,5
minig.csv,0.715,0.505,0.815,0.47,98.25,4
ossbuild.csv,0.47,0.45,0.275,0.725,187.0,3
rezilla.csv,0.195,0.46499999999999997,0.235,0.63,138.5,1
webdriver.csv,0.5249999999999999,0.47,0.3,0.51,143.0,2
