,recall,precision,pf,wins
codeblocks.csv,0.685,0.315,0.73,0
extprosys.csv,0.665,0.375,0.65,1
fluidium.csv,0.33499999999999996,0.44999999999999996,0.19,3
haphazard.csv,0.11000000000000001,0.45999999999999996,0.05,2
qcad2.csv,0.43000000000000005,0.49,0.165,4
silvertree.csv,0.425,0.525,0.235,5
