,recall,precision,pf,pci_20,ifa,wins
iaml.csv,0.505,0.495,0.33999999999999997,0.575,145.75,3
jrdf.csv,0.24,0.5,0.15000000000000002,0.685,225.5,1
mpqc.csv,0.45499999999999996,0.42999999999999994,0.305,0.955,243.0,2
tigermud.csv,0.565,0.345,0.45499999999999996,0.5449999999999999,98.75,0
