,recall,precision,pf,wins
arianne.csv,0.55,0.73,0.35,4
jlinalg.csv,0.81,0.46499999999999997,0.795,1
knowledge.csv,1.0,0.46499999999999997,0.895,2
massiv.csv,0.0,0.0,0.0,0
playerstage.csv,0.46499999999999997,0.82,0.12000000000000001,5
ultimairis.csv,0.9199999999999999,0.645,0.815,3
