,recall,precision,pf,wins
cleartk.csv,0.9299999999999999,0.455,0.8049999999999999,2
ibatisdb.csv,0.125,0.655,0.11,7
log4net.csv,0.0,0.0,0.0,1
ofbiz.csv,0.32,0.55,0.165,6
opensim4opencog.csv,0.115,0.5800000000000001,0.12000000000000001,5
openwbem.csv,0.67,0.6699999999999999,0.7150000000000001,3
power-architect.csv,0.485,0.33499999999999996,0.5900000000000001,0
x-ray-mule.csv,0.275,0.515,0.22499999999999998,4
