,recall,precision,pf,wins
adaptagrams.csv,0.5349999999999999,0.375,0.26,9
aime.csv,0.17,0.33,0.13,4
badtrinitycore.csv,0.44999999999999996,0.355,0.26,6
electric-core.csv,0.605,0.375,0.44999999999999996,7
geochat.csv,0.17,0.295,0.175,1
mumble.csv,0.755,0.31999999999999995,0.51,3
olsrd.csv,0.585,0.375,0.365,8
silvertree.csv,0.8049999999999999,0.32,0.775,0
skia.csv,0.6,0.35,0.35,5
t-2.csv,0.625,0.325,0.54,2
