,recall,precision,pf,pci_20,ifa,wins
aubit4gl.csv,0.19,0.2,0.28,0.875,147.25,6
bibedt.csv,0.49,0.53,0.275,0.565,168.0,7
customwars.csv,0.5800000000000001,0.365,0.485,0.42000000000000004,619.5,0
impala.csv,0.215,0.32,0.29500000000000004,0.7849999999999999,456.75,5
massiv.csv,0.04,0.085,0.015,0.415,37.25,2
playerstage.csv,0.53,0.435,0.4,0.52,508.5,4
quarkplusplus.csv,0.5700000000000001,0.21500000000000002,0.45,0.5,495.0,1
xinity.csv,0.53,0.29000000000000004,0.605,0.645,460.75,3
