,recall,precision,pf,wins
aztec.csv,0.305,0.35,0.1,3
nsis.csv,0.8999999999999999,0.28,0.7949999999999999,0
papertoolkit.csv,0.02,0.6,0.015,5
plearn.csv,0.39999999999999997,0.6399999999999999,0.33999999999999997,4
qdvdauthor.csv,0.475,0.35,0.38,1
tango-cs.csv,0.35,0.43999999999999995,0.28,2
