,recall,precision,pf,wins
bacula.csv,0.735,0.475,0.47,1
jajuk.csv,0.795,0.515,0.525,3
vapor.csv,0.7649999999999999,0.455,0.62,0
zorannt.csv,0.5700000000000001,0.505,0.36,2
