,recall,precision,pf,pci_20,ifa,wins
kmess.csv,0.315,0.585,0.11499999999999999,0.71,98.75,5
minig.csv,0.695,0.385,0.775,0.47,196.5,0
ossbuild.csv,0.595,0.405,0.325,0.5700000000000001,143.0,3
rezilla.csv,0.505,0.54,0.28500000000000003,0.585,191.25,4
rocrail.csv,0.605,0.485,0.45999999999999996,0.385,196.0,1
webdriver.csv,0.58,0.375,0.26,0.485,143.0,2
