,recall,precision,pf,wins
calcubetimer.csv,0.9299999999999999,0.4,0.765,0
chaperon.csv,0.005,0.145,0.005,1
mule.csv,0.29000000000000004,0.53,0.06999999999999999,4
nunit.csv,0.31999999999999995,0.745,0.185,5
springside.csv,0.6950000000000001,0.475,0.555,3
swtfox.csv,0.44,0.47,0.495,2
