,recall,precision,pf,wins
abbot.csv,0.805,0.33999999999999997,0.6000000000000001,1
jicarilla.csv,0.015,0.2,0.035,0
optalgtoolkit.csv,0.395,0.405,0.31,6
ossim.csv,0.33499999999999996,0.425,0.29500000000000004,7
projectts.csv,0.6000000000000001,0.30000000000000004,0.41500000000000004,3
sabbu.csv,0.54,0.30000000000000004,0.37,4
vxl.csv,0.415,0.3,0.33499999999999996,2
zact.csv,0.44,0.35,0.27,5
