,recall,precision,pf,pci_20,ifa,wins
multitude.csv,0.72,0.635,0.44000000000000006,0.43,293.75,1
ngl.csv,0.745,0.53,0.67,0.45999999999999996,195.0,0
qmmp.csv,0.59,0.655,0.355,0.55,147.5,2
quarkplusplus.csv,0.5700000000000001,0.615,0.29500000000000004,0.6000000000000001,98.25,3
