,recall,precision,pf,wins
chaosrts.csv,0.97,0.385,0.82,1
lazarus-ccr.csv,0.8600000000000001,0.355,0.685,0
lcfizvtop.csv,0.265,0.4,0.225,2
migen.csv,0.32999999999999996,0.43,0.16999999999999998,3
mvnforum.csv,0.29,0.53,0.16499999999999998,5
plplot.csv,0.54,0.48,0.28500000000000003,4
