,recall,precision,pf,wins
cleartk.csv,0.85,0.4,0.695,7
encog-cs.csv,0.86,0.375,0.73,4
extprosys.csv,0.84,0.4,0.8200000000000001,3
intact.csv,0.425,0.485,0.305,11
japano.csv,0.895,0.35,0.915,0
lockss.csv,0.095,0.7,0.03,12
officefloor.csv,0.55,0.385,0.53,5
opennms.csv,0.2,0.43000000000000005,0.11,10
primefaces.csv,0.755,0.295,0.645,2
rohxel.csv,0.565,0.4,0.41000000000000003,9
roolo.csv,0.055,0.25,0.015,6
sevenupdate.csv,0.9650000000000001,0.345,0.855,1
web-cat.csv,0.37,0.435,0.335,8
