,recall,precision,pf,wins
alsa.csv,0.6799999999999999,0.47,0.39,6
gmerlin.csv,0.7050000000000001,0.34,0.5349999999999999,0
google-gears.csv,0.765,0.45999999999999996,0.445,5
gstreamer.csv,0.76,0.435,0.65,2
lportal.csv,0.075,0.585,0.02,10
metacosm.csv,0.39,0.5549999999999999,0.23,8
mplayer-ce.csv,0.79,0.45999999999999996,0.61,4
openmeetings.csv,0.425,0.61,0.18,11
qgis.csv,0.52,0.38,0.345,3
skia.csv,0.4,0.56,0.24,9
wxcrp.csv,0.755,0.44499999999999995,0.735,1
yafdotnet.csv,0.595,0.53,0.36,7
