,recall,precision,pf,wins
atomsite.csv,0.37,0.435,0.27,5
baadengine.csv,0.92,0.43000000000000005,0.745,2
chaosrts.csv,0.97,0.365,0.765,1
chaperon.csv,0.15,0.595,0.1,9
empyrean.csv,0.485,0.335,0.365,3
hydrate.csv,0.31000000000000005,0.59,0.09,11
jaxlib.csv,0.025,0.47,0.015,6
joustsim.csv,0.47,0.505,0.24,8
loki-lib.csv,0.71,0.555,0.485,7
owlapi.csv,0.195,0.375,0.225,4
pamguard.csv,0.485,0.265,0.525,0
poormans.csv,0.42000000000000004,0.61,0.20500000000000002,10
