,recall,precision,pf,wins
ifmo-game-1.csv,0.5,0.44,0.049999999999999996,0
voms.csv,0.5700000000000001,0.56,0.045,1
