,recall,precision,pf,wins
agilitybook.csv,0.17,0.18,0.25,2
apolloplayer.csv,0.7,0.16499999999999998,0.48,1
k3d.csv,0.17,0.18000000000000002,0.14,4
kowari.csv,0.6,0.20500000000000002,0.3,5
redshell.csv,0.31,0.08499999999999999,0.375,0
rtb-team.csv,0.16,0.29,0.13,6
xreal.csv,0.26,0.11,0.125,3
