,recall,precision,pf,wins
adonthell.csv,0.43,0.61,0.44999999999999996,2
decidr.csv,0.53,0.615,0.37,4
exist.csv,0.28500000000000003,0.595,0.165,3
ivatamasks.csv,0.725,0.635,0.46499999999999997,5
libopenmetaverse.csv,0.84,0.525,0.825,0
mule.csv,0.325,0.635,0.185,6
runuomondains.csv,0.16,0.5800000000000001,0.175,1
