,recall,precision,pf,wins
autoopencas.csv,0.45999999999999996,0.39,0.655,0
columba.csv,0.63,0.62,0.295,3
decidr.csv,0.8049999999999999,0.48,0.5449999999999999,2
jajuk.csv,0.87,0.43000000000000005,0.79,1
