,recall,precision,pf,pci_20,ifa,wins
adonthell.csv,0.66,0.635,0.54,0.41000000000000003,2.0,1
decidr.csv,0.775,0.58,0.71,0.41000000000000003,1.0,2
exist.csv,0.8400000000000001,0.5549999999999999,0.8200000000000001,0.4,0.0,3
ivatamasks.csv,0.78,0.665,0.53,0.39,2.5,4
libopenmetaverse.csv,0.705,0.56,0.89,0.445,1.5,0
mule.csv,0.39,0.7,0.275,0.61,1.5,6
runuomondains.csv,0.41500000000000004,0.655,0.23,0.5,1.5,5
