,recall,precision,pf,pci_20,ifa,wins
autoopencas.csv,0.39,0.395,0.33999999999999997,0.855,5.5,1
pcgen.csv,1.0,0.42500000000000004,0.9299999999999999,0.41000000000000003,6.0,0
selenium.csv,0.735,0.47,0.45999999999999996,0.385,2.0,2
tolven.csv,0.52,0.62,0.2,0.565,1.5,3
