,recall,precision,pf,wins
brlcad.csv,0.565,0.52,0.585,0
fceugc.csv,0.35,0.73,0.15000000000000002,7
ftm.csv,0.48,0.59,0.265,5
google-gears.csv,0.77,0.575,0.545,2
jaolt.csv,0.5,0.62,0.32999999999999996,4
jcache.csv,0.645,0.5900000000000001,0.44999999999999996,3
kmess.csv,0.45499999999999996,0.495,0.41000000000000003,1
xmemcached.csv,0.5549999999999999,0.74,0.45499999999999996,6
