,recall,precision,pf,wins
atlc.csv,0.87,0.35,0.7,5
pclasses.csv,0.165,0.335,0.015,6
pfaedit.csv,0.41000000000000003,0.605,0.16999999999999998,9
theresa.csv,0.0,0.0,0.0,1
thrust.csv,0.365,0.35,0.385,4
tktoolkit.csv,0.9199999999999999,0.42500000000000004,0.845,2
trinitycore.csv,0.185,0.47,0.115,7
tzod.csv,0.665,0.405,0.28,8
yaprm.csv,0.45,0.30500000000000005,0.42000000000000004,3
zemljanka.csv,0.9450000000000001,0.315,0.92,0
