,recall,precision,pf,pci_20,ifa,wins
bwapi.csv,0.935,0.5800000000000001,0.925,0.42500000000000004,98.5,0
cities3d.csv,0.27,0.665,0.22499999999999998,0.6699999999999999,98.75,7
img-browse-sort.csv,0.675,0.6799999999999999,0.345,0.5,98.5,6
levent.csv,0.75,0.5650000000000001,0.5349999999999999,0.46499999999999997,99.0,3
pnotepad.csv,0.865,0.6399999999999999,0.575,0.405,99.0,4
selenium.csv,0.545,0.705,0.26,0.425,188.0,2
somap.csv,0.91,0.595,0.785,0.41,98.75,1
xemeiah.csv,0.7050000000000001,0.685,0.55,0.43999999999999995,98.75,5
