,recall,precision,pf,wins
dataobjectsdotnet.csv,0.475,0.5449999999999999,0.24,3
img-browse-sort.csv,0.6599999999999999,0.53,0.45000000000000007,0
pcsx2.csv,0.75,0.56,0.49,1
xstore.csv,0.7,0.58,0.525,2
