,recall,precision,pf,wins
arcallians.csv,0.43000000000000005,0.85,0.135,3
jlinalg.csv,0.84,0.54,0.61,0
qmmp.csv,0.71,0.75,0.29,2
yale.csv,0.47500000000000003,0.74,0.325,1
