,recall,precision,pf,pci_20,ifa,wins
crisscross.csv,0.815,0.455,0.925,0.455,196.0,0
cubefs.csv,0.605,0.42000000000000004,0.485,0.52,145.0,3
iaml.csv,0.27999999999999997,0.475,0.25,0.69,139.5,5
ivataopenportal.csv,0.8200000000000001,0.48,0.81,0.42,195.5,2
mb-unit.csv,0.77,0.435,0.7150000000000001,0.44,184.0,1
mvdsv.csv,0.07,0.5700000000000001,0.04,0.87,98.5,8
nova.csv,0.36,0.485,0.325,0.69,127.5,6
openwbem.csv,0.54,0.52,0.31,0.525,191.0,4
xcmetadataservicestoolkit.csv,0.8,0.45999999999999996,0.495,0.475,99.0,7
