,recall,precision,pf,pci_20,ifa,wins
azureus.csv,0.55,0.5900000000000001,0.20500000000000002,0.54,189.5,0
matrex.csv,0.705,0.63,0.21999999999999997,0.495,92.0,1
