,recall,precision,pf,wins
encog-java.csv,0.11499999999999999,0.325,0.07,7
h2database.csv,0.38,0.47000000000000003,0.21500000000000002,8
hannosset.csv,0.17,0.22499999999999998,0.22,1
jaql.csv,0.25,0.56,0.14,9
megameknet.csv,0.565,0.405,0.535,5
ngl.csv,0.72,0.38,0.715,2
qedo.csv,0.135,0.22499999999999998,0.21000000000000002,0
qmmp.csv,0.605,0.405,0.58,4
raven-monitoring.csv,0.31,0.385,0.325,6
v8.csv,0.55,0.28500000000000003,0.45499999999999996,3
