,recall,precision,pf,wins
bacula.csv,0.765,0.475,0.385,2
jajuk.csv,0.685,0.495,0.44999999999999996,1
vapor.csv,0.135,0.745,0.05,3
zorannt.csv,0.55,0.5549999999999999,0.515,0
