,recall,precision,pf,wins
atlc.csv,0.615,0.335,0.6100000000000001,0
pclasses.csv,0.045,0.28500000000000003,0.135,1
pfaedit.csv,0.44,0.36,0.22500000000000003,7
theresa.csv,0.515,0.385,0.29000000000000004,9
thrust.csv,0.325,0.33499999999999996,0.28500000000000003,5
tktoolkit.csv,0.62,0.33999999999999997,0.55,4
trinitycore.csv,0.395,0.38,0.285,6
tzod.csv,0.395,0.4,0.335,8
yaprm.csv,0.42,0.29000000000000004,0.305,3
zemljanka.csv,0.87,0.35,0.75,2
