,recall,precision,pf,wins
avisynth2.csv,0.0,0.0,0.0,1
coot.csv,0.32,0.4,0.21000000000000002,8
haggle.csv,0.30500000000000005,0.32,0.20500000000000002,5
ibatisdb.csv,0.315,0.44500000000000006,0.26,7
jas.csv,0.0,0.0,0.01,0
mesa3d.csv,0.17,0.365,0.20500000000000002,4
ngl.csv,0.595,0.43,0.375,9
pustefix.csv,0.20500000000000002,0.29500000000000004,0.235,3
scenemonitor.csv,0.67,0.375,0.6000000000000001,2
wsmt.csv,0.185,0.41000000000000003,0.175,6
