,recall,precision,pf,wins
bdbbasic.csv,0.20500000000000002,0.605,0.095,4
critterding.csv,0.72,0.48,0.56,2
enlightenment.csv,0.885,0.5700000000000001,0.8400000000000001,1
exordium.csv,0.38,0.8500000000000001,0.075,9
google-caja.csv,0.64,0.575,0.36,5
itext.csv,0.745,0.495,0.47,3
lockss.csv,0.61,0.6599999999999999,0.315,8
modplug.csv,0.9199999999999999,0.45499999999999996,0.84,0
reactos-mirror.csv,0.6950000000000001,0.63,0.405,6
yafdotnet.csv,0.54,0.65,0.265,7
