,recall,precision,pf,pci_20,ifa,wins
fm-classic.csv,0.22999999999999998,0.245,0.14,0.795,96.5,4
foursquared.csv,0.095,0.185,0.13,0.855,162.75,3
ifmo-game-1.csv,0.20500000000000002,0.07,0.20500000000000002,0.865,314.0,1
micomt.csv,0.815,0.105,0.75,0.44499999999999995,229.0,0
voms.csv,0.745,0.26,0.30000000000000004,0.56,236.25,2
