,recall,precision,pf,pci_20,ifa,wins
bacula.csv,0.48,0.47,0.295,0.56,196.25,1
jajuk.csv,0.8,0.515,0.49,0.35,147.5,3
vapor.csv,0.75,0.44999999999999996,0.615,0.45,332.0,0
zorannt.csv,0.51,0.51,0.27999999999999997,0.515,243.0,2
