,recall,precision,pf,pci_20,ifa,wins
graphmak.csv,0.57,0.7949999999999999,0.51,0.575,180.0,2
jruby.csv,0.685,0.7949999999999999,0.48,0.535,169.0,3
pdfedit.csv,0.45999999999999996,0.74,0.4,0.6000000000000001,226.25,1
rectracker.csv,0.905,0.8300000000000001,0.845,0.425,239.0,0
wxlua.csv,0.545,0.81,0.435,0.615,181.5,5
x4x.csv,0.755,0.78,0.515,0.5,141.75,4
