,recall,precision,pf,wins
bwapi.csv,0.935,0.5800000000000001,0.925,0
cities3d.csv,0.27,0.665,0.22499999999999998,4
img-browse-sort.csv,0.675,0.6799999999999999,0.345,6
levent.csv,0.75,0.5650000000000001,0.5349999999999999,2
pnotepad.csv,0.865,0.6399999999999999,0.575,3
selenium.csv,0.545,0.705,0.26,7
somap.csv,0.91,0.595,0.785,1
xemeiah.csv,0.7050000000000001,0.685,0.55,5
