,recall,precision,pf,pci_20,ifa,wins
empserver.csv,0.55,0.635,0.365,0.495,99.0,6
enlightenment.csv,1.0,0.475,1.0,0.425,198.0,1
ildjit.csv,0.22,0.515,0.195,0.9199999999999999,289.0,5
jfreereport.csv,0.15500000000000003,0.5700000000000001,0.095,0.895,241.75,7
lufa-lib.csv,0.5349999999999999,0.6,0.425,0.72,456.25,2
pcsx2.csv,0.675,0.48,0.355,0.5449999999999999,197.5,4
psycle.csv,0.84,0.515,0.6950000000000001,0.42,196.0,3
wxjs.csv,0.02,0.185,0.015,0.345,105.25,0
