,recall,precision,pf,wins
freewrl.csv,0.8300000000000001,0.57,0.5900000000000001,0
silvertree.csv,0.8400000000000001,0.62,0.6,1
