,recall,precision,pf,pci_20,ifa,wins
acdk.csv,0.65,0.455,0.28500000000000003,0.45499999999999996,297.75,5
archive-crawler.csv,0.545,0.47,0.245,0.565,290.75,6
jcae.csv,0.495,0.495,0.14500000000000002,0.55,172.5,7
openmalaria.csv,0.725,0.365,0.565,0.4,415.75,1
popeye-chess.csv,0.78,0.44,0.36,0.405,324.75,4
rhex.csv,0.29500000000000004,0.31000000000000005,0.265,0.6399999999999999,351.0,2
rocrail.csv,0.765,0.355,0.49,0.385,576.0,0
truevision.csv,0.69,0.365,0.33999999999999997,0.455,423.5,3
