,recall,precision,pf,wins
aubit4gl.csv,0.475,0.345,0.5800000000000001,0
bibedt.csv,0.37,0.69,0.18,6
cascading.csv,0.585,0.54,0.35,3
firebreath.csv,0.63,0.61,0.37,4
fritzing.csv,0.52,0.6699999999999999,0.22000000000000003,8
httpcontentparser.csv,0.14500000000000002,0.7849999999999999,0.025,9
mpgravity.csv,0.565,0.65,0.265,7
patterntesting.csv,0.705,0.5800000000000001,0.35,5
roller.csv,0.69,0.48,0.41500000000000004,2
xfce.csv,0.5700000000000001,0.45499999999999996,0.525,1
