,recall,precision,pf,wins
bacnet.csv,0.485,0.4,0.35,4
gamestone.csv,0.14500000000000002,0.485,0.08,7
gbif-providertoolkit.csv,0.04,0.75,0.0,9
heekscad.csv,0.5449999999999999,0.41500000000000004,0.305,5
igarden.csv,0.24,0.45,0.11,6
levent.csv,0.655,0.33999999999999997,0.41500000000000004,3
owlapi.csv,0.01,0.1,0.0,2
pnotepad.csv,0.94,0.33999999999999997,0.785,0
quark.csv,0.0,0.0,0.0,1
xcsoar.csv,0.49,0.395,0.20500000000000002,8
