,recall,precision,pf,pci_20,ifa,wins
codeblocks.csv,0.7050000000000001,0.435,0.42,0.48,195.5,3
extprosys.csv,0.5249999999999999,0.37,0.405,0.47,98.0,4
fluidium.csv,0.0,0.0,0.005,0.31,49.25,0
haphazard.csv,0.46499999999999997,0.395,0.385,0.725,281.0,2
qcad2.csv,0.5449999999999999,0.545,0.245,0.5800000000000001,98.5,5
silvertree.csv,0.7749999999999999,0.385,0.6799999999999999,0.485,147.75,1
