,recall,precision,pf,wins
calcubetimer.csv,0.46499999999999997,0.365,0.265,0
chaperon.csv,0.375,0.48,0.32999999999999996,1
mule.csv,0.5,0.405,0.11000000000000001,4
nunit.csv,0.5,0.44499999999999995,0.395,3
springside.csv,0.635,0.55,0.33999999999999997,5
swtfox.csv,0.645,0.46499999999999997,0.63,2
