,recall,precision,pf,wins
abbot.csv,0.51,0.28500000000000003,0.545,4
haphazard.csv,0.055,0.15000000000000002,0.07500000000000001,3
jicarilla.csv,0.11,0.4,0.07500000000000001,8
ondex.csv,0.265,0.38,0.07,9
optalgtoolkit.csv,0.53,0.28,0.46499999999999997,5
ossim.csv,0.0,0.0,0.0,1
projectts.csv,0.86,0.29000000000000004,0.845,2
sabbu.csv,0.435,0.265,0.36,6
vxl.csv,0.325,0.36,0.28,7
zact.csv,0.0,0.0,0.005,0
