,recall,precision,pf,pci_20,ifa,wins
agilitybook.csv,0.15000000000000002,0.18,0.19,0.8899999999999999,360.0,3
apolloplayer.csv,0.65,0.165,0.53,0.485,432.25,1
k3d.csv,0.33,0.36,0.16,0.8,342.75,5
redshell.csv,0.32,0.155,0.435,0.7,477.75,0
rtb-team.csv,0.14,0.51,0.1,0.875,97.75,6
xreal.csv,0.2,0.11,0.13,0.89,359.5,4
xstore.csv,0.48,0.24,0.32999999999999996,0.5700000000000001,240.25,2
