,recall,precision,pf,wins
kmess.csv,0.74,0.425,0.415,2
minig.csv,0.43,0.395,0.43,0
ossbuild.csv,0.6200000000000001,0.5599999999999999,0.435,3
rezilla.csv,0.8500000000000001,0.435,0.81,1
rocrail.csv,0.2,0.69,0.060000000000000005,4
webdriver.csv,0.425,0.645,0.095,5
