,recall,precision,pf,wins
awemud.csv,0.845,0.39,0.685,3
customwars.csv,0.175,0.475,0.095,9
firebreath.csv,0.63,0.385,0.44,4
gss.csv,0.92,0.375,0.805,1
irplus.csv,0.56,0.4,0.395,6
kwave.csv,0.38,0.48,0.19,10
liferea.csv,0.385,0.505,0.175,12
plearn.csv,0.32999999999999996,0.32,0.35,0
psrchive.csv,0.1,0.38,0.10500000000000001,5
qcad2.csv,0.525,0.42000000000000004,0.41500000000000004,8
tzod.csv,0.505,0.515,0.25,13
wxcode.csv,0.03,0.5,0.0,11
xinity.csv,0.425,0.36,0.355,2
xmoto.csv,0.645,0.42,0.5,7
