,f1,g,recall,precision,pf,wins
alleg.csv,0.63,0.6399999999999999,0.7050000000000001,0.59,0.51,1
silvertree.csv,0.51,0.49,0.46,0.64,0.24,0
