,f1,g,recall,precision,pf,wins
logicmail.csv,0.7949999999999999,0.445,0.9550000000000001,0.7050000000000001,0.6,1
mclient-mume.csv,0.53,0.49,0.475,0.8300000000000001,0.1,0
