,recall,precision,pf,pci_20,ifa,wins
iaml.csv,0.4,0.46,0.325,0.5549999999999999,0.5,2
jrdf.csv,0.31,0.455,0.245,0.63,1.5,1
mpqc.csv,0.6,0.44499999999999995,0.445,0.815,0.5,3
tigermud.csv,0.79,0.33499999999999996,0.665,0.51,0.5,0
