,recall,precision,pf,wins
applet2app.csv,0.565,0.36,0.475,1
firebird.csv,0.6,0.41000000000000003,0.4,2
fmri-dmt.csv,0.1,0.435,0.07500000000000001,3
htmlunit.csv,0.19,0.585,0.08499999999999999,8
monetdb.csv,0.485,0.535,0.28500000000000003,7
ontomorphtab.csv,0.84,0.365,0.67,0
smarttag.csv,0.16,0.51,0.10500000000000001,5
taokgame.csv,0.38,0.42500000000000004,0.08499999999999999,6
webdriver.csv,0.41500000000000004,0.415,0.185,4
xbplayer.csv,0.345,0.63,0.12,9
