,recall,precision,pf,wins
applet2app.csv,0.78,0.315,0.7150000000000001,1
cities3d.csv,0.575,0.33999999999999997,0.585,2
firebird.csv,0.6699999999999999,0.355,0.44,4
hydrogen.csv,0.27,0.605,0.09,9
lphant.csv,0.575,0.415,0.32,5
open-ms.csv,0.405,0.33,0.46499999999999997,0
qgo.csv,0.52,0.495,0.315,7
rhex.csv,0.28,0.515,0.11,8
xined.csv,0.37,0.45499999999999996,0.18,6
yield.csv,0.8200000000000001,0.33999999999999997,0.585,3
