,recall,precision,pf,wins
empserver.csv,0.505,0.585,0.41500000000000004,6
enlightenment.csv,0.525,0.42500000000000004,0.37,4
ildjit.csv,0.02,0.33999999999999997,0.02,5
jfreereport.csv,0.39,0.475,0.53,0
lufa-lib.csv,0.515,0.5700000000000001,0.38,7
pcsx2.csv,0.685,0.44999999999999996,0.55,3
psycle.csv,0.61,0.47,0.555,2
wxjs.csv,0.0,0.0,0.0,1
