,recall,precision,pf,pci_20,ifa,wins
calcubetimer.csv,0.6799999999999999,0.22000000000000003,0.76,0.38,695.25,0
freedom-erp.csv,0.115,0.30500000000000005,0.055,0.5,168.5,5
jahshaka.csv,0.395,0.245,0.45,0.52,496.0,1
jmoney.csv,0.525,0.28,0.375,0.405,386.25,2
reaper3d.csv,0.625,0.345,0.44999999999999996,0.52,212.25,7
sblim.csv,0.14,0.29000000000000004,0.255,0.625,376.25,3
swtfox.csv,0.39,0.22,0.325,0.8500000000000001,309.25,4
tart.csv,0.385,0.285,0.315,0.5549999999999999,157.0,6
