,recall,precision,pf,wins
benojt.csv,1.0,0.45,0.99,0
jahshaka.csv,0.6699999999999999,0.59,0.38,3
jam-daq.csv,0.47,0.625,0.125,5
jatlas.csv,0.035,0.645,0.04,4
jedit.csv,0.64,0.55,0.32999999999999996,2
open-media-library.csv,0.675,0.54,0.33999999999999997,1
