,recall,precision,pf,wins
boost.csv,0.6599999999999999,0.435,0.48,2
etics.csv,0.51,0.51,0.35,3
genecys.csv,0.96,0.395,0.81,0
kftpgrabber.csv,0.355,0.54,0.165,4
kvs.csv,0.36,0.58,0.155,5
mcore3d.csv,0.635,0.435,0.495,1
ogrehg.csv,0.52,0.625,0.18,6
projecteqemu.csv,0.41000000000000003,0.655,0.14500000000000002,7
