,recall,precision,pf,wins
benojt.csv,1.0,0.46499999999999997,0.965,0
jahshaka.csv,0.595,0.45499999999999996,0.395,2
jam-daq.csv,0.595,0.56,0.295,5
jatlas.csv,0.675,0.45999999999999996,0.515,1
jedit.csv,0.865,0.49,0.7150000000000001,3
open-media-library.csv,0.8200000000000001,0.525,0.525,4
