,f1,g,recall,precision,pf,wins
amanda.csv,0.5549999999999999,0.585,0.5900000000000001,0.535,0.4,5
empyrean.csv,0.0,0.0,0.0,0.0,0.0,0
impala.csv,0.435,0.5449999999999999,0.525,0.41500000000000004,0.37,2
multitude.csv,0.6,0.575,0.86,0.455,0.74,4
nutz.csv,0.51,0.395,0.64,0.43,0.64,1
pi-qmc.csv,0.47,0.52,0.52,0.505,0.32,3
