,recall,precision,pf,pci_20,ifa,wins
adonthell.csv,0.535,0.615,0.47,0.475,99.0,5
chaperon.csv,0.31,0.5,0.325,0.8049999999999999,133.75,0
forester-atv.csv,0.23,0.7,0.065,0.5,98.5,7
gephex.csv,0.6,0.625,0.6499999999999999,0.49,99.0,4
pokenetonline.csv,0.9199999999999999,0.6000000000000001,0.8300000000000001,0.4,98.5,3
primefaces.csv,0.89,0.595,0.875,0.375,98.75,1
rcp-company-uibindings.csv,0.535,0.5549999999999999,0.37,0.435,98.5,2
yarp0.csv,0.53,0.61,0.445,0.5449999999999999,98.5,6
