,recall,precision,pf,wins
codeblocks.csv,0.895,0.385,0.775,1
extprosys.csv,0.735,0.375,0.75,0
fluidium.csv,0.32,0.47000000000000003,0.195,3
haphazard.csv,0.16,0.5349999999999999,0.15,5
qcad2.csv,0.49,0.5,0.31,4
silvertree.csv,0.45999999999999996,0.435,0.255,2
