,recall,precision,pf,pci_20,ifa,wins
chaosrts.csv,0.72,0.48,0.325,0.48,98.75,4
lazarus-ccr.csv,0.7949999999999999,0.385,0.745,0.47,98.75,0
lcfizvtop.csv,0.63,0.45499999999999996,0.51,0.4,98.75,2
migen.csv,0.45499999999999996,0.505,0.265,0.5700000000000001,98.25,5
mvnforum.csv,0.33499999999999996,0.47,0.385,0.77,98.75,3
plplot.csv,0.635,0.505,0.48,0.41500000000000004,146.0,1
