,f1,g,recall,precision,pf,wins
adaptagrams.csv,0.405,0.625,0.605,0.31,0.32,7
aime.csv,0.25,0.20500000000000002,0.265,0.23,0.25,1
badtrinitycore.csv,0.275,0.43000000000000005,0.385,0.32999999999999996,0.185,2
electric-core.csv,0.39,0.615,0.79,0.28,0.615,5
geochat.csv,0.195,0.195,0.35,0.315,0.385,0
mumble.csv,0.395,0.39,0.72,0.29500000000000004,0.5,3
olsrd.csv,0.375,0.625,0.65,0.28500000000000003,0.45499999999999996,6
t-2.csv,0.395,0.52,0.5549999999999999,0.29500000000000004,0.41000000000000003,4
