,recall,precision,pf,pci_20,ifa,wins
adaptagrams.csv,0.605,0.31,0.32,0.51,6.0,4
aime.csv,0.265,0.23,0.25,0.53,6.0,1
badtrinitycore.csv,0.385,0.32999999999999996,0.185,0.575,2.0,7
electric-core.csv,0.79,0.28,0.615,0.455,8.5,0
geochat.csv,0.35,0.315,0.385,0.6799999999999999,3.0,6
mumble.csv,0.72,0.29500000000000004,0.5,0.475,2.0,5
olsrd.csv,0.65,0.28500000000000003,0.45499999999999996,0.44499999999999995,4.0,2
t-2.csv,0.5549999999999999,0.29500000000000004,0.41000000000000003,0.505,3.0,3
