,recall,precision,pf,wins
agilitybook.csv,0.45499999999999996,0.15,0.46499999999999997,3
apolloplayer.csv,0.27,0.165,0.195,5
k3d.csv,0.055,0.045,0.075,1
kowari.csv,0.005,0.11,0.02,4
redshell.csv,1.0,0.16,0.845,2
rtb-team.csv,0.48,0.18,0.31,6
xreal.csv,0.0,0.0,0.0,0
