,recall,precision,pf,wins
aime.csv,0.81,0.485,0.665,1
flylinkdc.csv,0.42,0.435,0.15500000000000003,5
ltp.csv,0.20500000000000002,0.33,0.12,2
pfaedit.csv,0.6399999999999999,0.39,0.355,4
powerfolder-.csv,0.065,0.35000000000000003,0.045,3
qtwin.csv,0.0,0.0,0.0,0
