,recall,precision,pf,wins
encog-java.csv,0.48,0.675,0.35,4
fluent-nhibernate.csv,0.08499999999999999,0.515,0.030000000000000002,2
h2database.csv,0.18,0.6,0.08,5
jaql.csv,0.53,0.42999999999999994,0.275,3
raven-monitoring.csv,0.5549999999999999,0.245,0.53,0
v8.csv,0.49,0.375,0.28,1
