,recall,precision,pf,pci_20,ifa,wins
maidsafe-dht.csv,0.615,0.4,0.29500000000000004,0.5449999999999999,281.0,2
n2cms.csv,0.74,0.27,0.575,0.355,372.0,0
nassp.csv,0.29,0.405,0.195,0.71,183.5,3
nug.csv,0.7,0.29500000000000004,0.525,0.575,237.0,1
