,recall,precision,pf,wins
avisynth2.csv,0.06,0.42000000000000004,0.03,8
coot.csv,0.485,0.29500000000000004,0.565,0
haggle.csv,0.265,0.39,0.275,2
ibatisdb.csv,0.22,0.43000000000000005,0.295,3
jas.csv,0.53,0.33999999999999997,0.27,6
mesa3d.csv,0.675,0.36,0.4,5
ngl.csv,0.725,0.35,0.635,1
pustefix.csv,0.615,0.5,0.435,9
scenemonitor.csv,0.12,0.395,0.14,4
wsmt.csv,0.115,0.405,0.10500000000000001,7
