,recall,precision,pf,pci_20,ifa,wins
bulmages.csv,0.015,0.26,0.025,0.585,82.0,2
codeblocks.csv,0.505,0.56,0.345,0.45499999999999996,163.25,4
dataobjectsdotnet.csv,0.665,0.48,0.53,0.41500000000000004,147.75,1
n2cms.csv,0.535,0.535,0.51,0.405,361.5,0
nug.csv,0.69,0.56,0.605,0.51,147.5,5
uclmda.csv,0.08,0.23500000000000001,0.055,0.6799999999999999,95.75,3
