,recall,precision,pf,pci_20,ifa,wins
jnode.csv,0.585,0.15500000000000003,0.245,0.72,2.5,1
openmeetings.csv,0.7749999999999999,0.26,0.27,0.525,15.0,0
