,recall,precision,pf,pci_20,ifa,wins
acegisecurity.csv,0.515,0.44,0.26,0.595,235.25,2
ppcboot.csv,0.955,0.375,0.7,0.44999999999999996,99.0,3
simplewebservices.csv,0.975,0.37,0.935,0.425,196.0,0
uwom.csv,0.7,0.475,0.305,0.61,147.75,5
wow-qrsk.csv,0.36,0.5449999999999999,0.17,0.58,145.5,4
wxstudio.csv,0.31,0.315,0.5,0.5700000000000001,141.5,1
