,recall,precision,pf,wins
bzbyte.csv,0.835,0.305,0.6699999999999999,0
columba.csv,0.63,0.53,0.32499999999999996,5
emftriple.csv,0.01,0.16,0.0,1
fluent-nhibernate.csv,0.2,0.55,0.27,3
gpsmid.csv,0.535,0.495,0.26,4
xamj.csv,0.5800000000000001,0.53,0.54,2
