,recall,precision,pf,wins
adobe-source.csv,0.425,0.41000000000000003,0.12,8
atlc.csv,0.745,0.42500000000000004,0.5700000000000001,4
ipfilter.csv,0.75,0.33499999999999996,0.755,0
jmol.csv,0.745,0.33,0.565,3
pfaedit.csv,0.505,0.43499999999999994,0.32499999999999996,5
rockbox.csv,0.5549999999999999,0.515,0.385,7
snakeyaml.csv,0.6100000000000001,0.385,0.625,2
theresa.csv,0.0,0.0,0.0,1
trinitycore.csv,0.38,0.32,0.165,6
wxcode.csv,0.055,0.765,0.0,9
