,recall,precision,pf,wins
arsenal-1.csv,0.29000000000000004,0.315,0.16999999999999998,3
aztec.csv,0.515,0.4,0.44,2
jbpm.csv,0.31,0.525,0.12000000000000001,7
mediate.csv,0.6,0.28500000000000003,0.45999999999999996,0
mycila.csv,0.33,0.555,0.21999999999999997,6
neodatis-odb.csv,0.38,0.4,0.305,4
nsis.csv,0.6799999999999999,0.365,0.595,1
rodin-b-sharp.csv,0.05500000000000001,0.475,0.02,5
