,recall,precision,pf,wins
all-plasm.csv,0.55,0.35,0.31,9
baadengine.csv,0.855,0.32999999999999996,0.725,3
bnetd.csv,0.685,0.315,0.45999999999999996,8
impala.csv,0.195,0.195,0.405,0
jaxen.csv,0.16499999999999998,0.53,0.06,12
jgameai.csv,0.04,0.32,0.095,6
jparsec.csv,0.8200000000000001,0.315,0.62,4
motu.csv,0.08,0.42999999999999994,0.055,11
vars-redux.csv,0.325,0.38,0.18,10
werx.csv,1.0,0.3,1.0,2
wishmaster.csv,0.135,0.30500000000000005,0.11,7
xreal.csv,0.0,0.0,0.0,1
zealos.csv,0.62,0.35,0.525,5
