,recall,precision,pf,wins
benojt.csv,1.0,0.455,1.0,1
chrysalis.csv,0.175,0.55,0.05,8
jahshaka.csv,0.23500000000000001,0.57,0.15000000000000002,7
jam-daq.csv,0.345,0.55,0.11,9
jatlas.csv,0.01,0.085,0.0,0
jedit.csv,0.47,0.485,0.26,3
mscore.csv,0.575,0.53,0.36,5
open-media-library.csv,0.47,0.55,0.305,6
panda3d.csv,0.155,0.525,0.075,4
wheat.csv,0.41000000000000003,0.375,0.4,2
