,recall,precision,pf,wins
graphmak.csv,0.18,0.9650000000000001,0.04,5
jruby.csv,0.71,0.78,0.49,3
pdfedit.csv,0.45,0.88,0.27,4
rectracker.csv,0.935,0.825,0.88,1
wxlua.csv,0.77,0.8049999999999999,0.755,0
x4x.csv,0.385,0.795,0.355,2
