,recall,precision,pf,pci_20,ifa,wins
e-bio-flow.csv,0.39,0.475,0.1,0.585,1.0,4
exl.csv,0.63,0.28500000000000003,0.52,0.425,1.0,1
opennms.csv,0.125,0.3,0.16999999999999998,0.7849999999999999,4.5,0
phet.csv,0.325,0.37,0.33,0.86,2.0,3
runuomondains.csv,0.75,0.405,0.595,0.43,0.5,2
