,f1,g,recall,precision,pf,wins
aztec.csv,0.325,0.46,0.43000000000000005,0.41,0.185,3
nsis.csv,0.385,0.475,0.59,0.3,0.625,1
papertoolkit.csv,0.41000000000000003,0.48,0.45,0.43000000000000005,0.19,5
plearn.csv,0.44,0.4,0.4,0.405,0.5700000000000001,0
qdvdauthor.csv,0.48,0.575,0.72,0.36,0.605,4
tango-cs.csv,0.485,0.53,0.7,0.455,0.77,2
