,recall,precision,pf,wins
adobe-source.csv,0.395,0.44,0.15500000000000003,6
atlc.csv,0.505,0.28500000000000003,0.54,1
ipfilter.csv,0.8500000000000001,0.28500000000000003,0.77,0
jmol.csv,0.935,0.37,0.71,2
pfaedit.csv,0.5,0.29500000000000004,0.255,4
rockbox.csv,0.695,0.48,0.405,5
snakeyaml.csv,0.5,0.44,0.21,7
theresa.csv,0.48,0.5349999999999999,0.235,8
trinitycore.csv,0.135,0.355,0.2,3
wxcode.csv,0.375,0.635,0.115,9
