,f1,g,recall,precision,pf,wins
jnode.csv,0.235,0.605,0.585,0.15500000000000003,0.245,0
openmeetings.csv,0.36,0.765,0.7749999999999999,0.26,0.27,1
