,recall,precision,pf,wins
cortex-vfx.csv,0.265,0.6,0.19,9
empserver.csv,0.41500000000000004,0.555,0.31,8
enlightenment.csv,0.535,0.49,0.405,7
ffigo.csv,0.575,0.47,0.495,5
ildjit.csv,0.065,0.4,0.1,4
jfreereport.csv,0.235,0.495,0.28500000000000003,6
mplayer-ce.csv,0.73,0.53,0.79,1
psycle.csv,0.625,0.445,0.565,2
wikipediardware.csv,0.795,0.495,0.7150000000000001,3
wxjs.csv,0.0,0.0,0.0,0
