,recall,precision,pf,pci_20,ifa,wins
fontforge.csv,0.8,0.71,0.635,0.41,0.0,3
freelords.csv,0.7050000000000001,0.6599999999999999,0.485,0.41000000000000003,0.0,2
jfreereport.csv,0.335,0.605,0.155,0.745,0.5,0
super-tux.csv,0.685,0.6,0.31,0.45999999999999996,0.0,1
