,f1,g,recall,precision,pf,wins
fontforge.csv,0.72,0.61,0.8,0.71,0.635,3
freelords.csv,0.6599999999999999,0.625,0.7050000000000001,0.6599999999999999,0.485,2
jfreereport.csv,0.36,0.37,0.335,0.605,0.155,0
super-tux.csv,0.525,0.48,0.685,0.6,0.31,1
