,recall,precision,pf,pci_20,ifa,wins
fritzing.csv,0.575,0.565,0.265,0.49,2.5,1
jlinalg.csv,0.825,0.45,0.5800000000000001,0.475,1.0,2
jmule.csv,0.765,0.64,0.28,0.46499999999999997,0.5,5
knowledge.csv,0.835,0.45999999999999996,0.635,0.41500000000000004,2.0,0
massiv.csv,0.14500000000000002,0.7250000000000001,0.015,0.7150000000000001,1.0,6
ng4j.csv,0.62,0.7,0.17,0.62,0.5,7
playerstage.csv,0.74,0.655,0.32,0.505,1.5,4
superwaba.csv,0.45499999999999996,0.62,0.21500000000000002,0.475,1.5,3
