,recall,precision,pf,wins
abbot.csv,0.265,0.26,0.325,1
crisscross.csv,0.23,0.505,0.1,8
gabel.csv,0.005,0.23,0.0,3
jguard.csv,0.595,0.45,0.51,6
jitterbit.csv,0.24,0.33,0.14500000000000002,4
mycila.csv,0.4,0.5800000000000001,0.28,11
nova.csv,0.52,0.5700000000000001,0.385,10
ontomorphtab.csv,0.63,0.47,0.4,7
tmva.csv,0.715,0.3,0.63,2
vienna-add-in.csv,0.85,0.37,0.55,5
vrjuggler.csv,0.405,0.515,0.22,9
wpdev.csv,0.995,0.315,0.97,0
