,recall,precision,pf,wins
awemud.csv,0.535,0.515,0.315,5
clamav.csv,0.44,0.515,0.195,7
dvd-create.csv,0.8,0.48,0.565,2
gbif-indexingtoolkit.csv,0.29000000000000004,0.52,0.22999999999999998,3
go.csv,0.71,0.42,0.5349999999999999,0
kwave.csv,0.41000000000000003,0.645,0.175,8
libarchive.csv,0.555,0.48000000000000004,0.28500000000000003,4
liferea.csv,0.365,0.67,0.11,9
linux-ntfs.csv,0.46499999999999997,0.54,0.26,6
mpgravity.csv,0.45,0.48,0.395,1
