,recall,precision,pf,pci_20,ifa,wins
poormans.csv,0.53,0.3,0.42500000000000004,0.44999999999999996,7.0,1
tradelink.csv,0.75,0.28,0.5750000000000001,0.5900000000000001,24.5,0
