,f1,g,recall,precision,pf,wins
abbot.csv,0.485,0.385,0.845,0.33,0.79,7
jicarilla.csv,0.025,0.02,0.015,0.2,0.035,0
optalgtoolkit.csv,0.35,0.395,0.385,0.41,0.5,2
ossim.csv,0.3,0.32,0.33499999999999996,0.415,0.315,3
projectts.csv,0.18,0.395,0.42999999999999994,0.29500000000000004,0.33,1
sabbu.csv,0.2,0.5249999999999999,0.54,0.28500000000000003,0.33999999999999997,6
vxl.csv,0.33499999999999996,0.445,0.44999999999999996,0.33499999999999996,0.46499999999999997,4
zact.csv,0.21000000000000002,0.44,0.4,0.335,0.265,5
