,recall,precision,pf,wins
adaptagrams.csv,0.315,0.41000000000000003,0.10500000000000001,6
aime.csv,0.49,0.41500000000000004,0.23,5
badtrinitycore.csv,0.21,0.41500000000000004,0.18000000000000002,4
electric-core.csv,0.445,0.265,0.45,1
geochat.csv,0.43,0.43,0.14500000000000002,7
mumble.csv,0.41500000000000004,0.28,0.185,3
olsrd.csv,0.7949999999999999,0.295,0.48,2
t-2.csv,0.28500000000000003,0.21500000000000002,0.41,0
