,recall,precision,pf,wins
amateur-scrolls.csv,0.375,0.62,0.135,8
fritzing.csv,0.45499999999999996,0.64,0.195,7
jlinalg.csv,0.905,0.435,0.74,1
knowledge.csv,0.77,0.475,0.625,2
massiv.csv,0.0,0.0,0.0,0
multitude.csv,0.635,0.5349999999999999,0.33499999999999996,5
playerstage.csv,0.41000000000000003,0.605,0.20500000000000002,6
quarkplusplus.csv,0.55,0.605,0.21000000000000002,9
rtrt-on-gpu.csv,0.29500000000000004,0.46499999999999997,0.305,4
superwaba.csv,0.735,0.515,0.595,3
