,recall,precision,pf,wins
boost.csv,0.525,0.395,0.42,5
ffigo.csv,0.59,0.345,0.43,4
ildjit.csv,0.03,0.33,0.04,6
proftp.csv,0.29000000000000004,0.45999999999999996,0.19,8
skia.csv,0.275,0.44,0.21000000000000002,7
tencompetence.csv,0.11,0.185,0.21000000000000002,0
theresa.csv,0.0,0.0,0.0,1
wxjs.csv,0.0,0.0,0.0,1
xstore.csv,0.535,0.36,0.43,3
