,recall,precision,pf,wins
agilitybook.csv,0.43000000000000005,0.11000000000000001,0.155,3
apolloplayer.csv,0.22999999999999998,0.09,0.235,1
k3d.csv,0.085,0.38,0.04,6
kowari.csv,0.195,0.24,0.045,5
redshell.csv,1.0,0.14,0.92,0
rtb-team.csv,0.45,0.135,0.35,2
xreal.csv,0.035,0.2,0.0,4
