,recall,precision,pf,wins
bacula.csv,0.595,0.645,0.43500000000000005,0
jajuk.csv,0.825,0.76,0.41500000000000004,1
