,recall,precision,pf,wins
logicmail.csv,0.7849999999999999,0.8049999999999999,0.205,1
mclient-mume.csv,0.545,0.8,0.05,0
