,recall,precision,pf,wins
emftriple.csv,0.56,0.44,0.14500000000000002,0
gpsmid.csv,0.9199999999999999,0.47,0.57,1
