,recall,precision,pf,wins
acdk.csv,0.65,0.455,0.28500000000000003,5
archive-crawler.csv,0.545,0.47,0.245,6
jcae.csv,0.495,0.495,0.14500000000000002,7
openmalaria.csv,0.725,0.365,0.565,1
popeye-chess.csv,0.78,0.44,0.36,4
rhex.csv,0.29500000000000004,0.31000000000000005,0.265,0
rocrail.csv,0.765,0.355,0.49,2
truevision.csv,0.69,0.365,0.33999999999999997,3
