,recall,precision,pf,wins
amateur-scrolls.csv,0.165,0.69,0.06,9
fritzing.csv,0.425,0.6200000000000001,0.2,7
jlinalg.csv,0.8,0.47,0.66,3
knowledge.csv,0.98,0.42,0.925,1
massiv.csv,0.0,0.0,0.0,0
multitude.csv,0.53,0.54,0.36,4
playerstage.csv,0.44,0.5549999999999999,0.245,5
quarkplusplus.csv,0.41000000000000003,0.565,0.16,6
rtrt-on-gpu.csv,0.56,0.45999999999999996,0.52,2
superwaba.csv,0.44,0.6100000000000001,0.195,8
