,recall,precision,pf,wins
alembik.csv,0.33,0.745,0.20500000000000002,9
arsenal-1.csv,0.405,0.5800000000000001,0.385,4
barracudamvc.csv,0.81,0.47,0.72,1
irplus.csv,0.48,0.625,0.37,6
lite.csv,0.125,0.67,0.11499999999999999,8
mumble.csv,0.32,0.645,0.245,7
ontopia.csv,0.765,0.485,0.6200000000000001,2
openintents.csv,0.325,0.62,0.275,5
ta3d.csv,0.835,0.45499999999999996,0.815,0
tweetsharp.csv,0.765,0.49,0.5349999999999999,3
