,recall,precision,pf,wins
agilitybook.csv,0.355,0.07500000000000001,0.225,3
apolloplayer.csv,0.175,0.115,0.19,2
k3d.csv,0.13,0.4,0.06,6
kowari.csv,0.10500000000000001,0.29500000000000004,0.06,5
redshell.csv,1.0,0.135,0.9099999999999999,0
rtb-team.csv,0.46499999999999997,0.195,0.395,4
xreal.csv,0.0,0.0,0.005,1
