,f1,g,recall,precision,pf,wins
alembik.csv,0.265,0.2,0.165,0.675,0.05,1
arsenal-1.csv,0.32499999999999996,0.29,0.25,0.64,0.08499999999999999,4
barracudamvc.csv,0.565,0.23500000000000001,0.885,0.41500000000000004,0.905,0
mevenide.csv,0.33999999999999997,0.33499999999999996,0.305,0.52,0.195,3
mumble.csv,0.5449999999999999,0.515,0.625,0.435,0.525,5
openintents.csv,0.495,0.405,0.6,0.425,0.655,2
