,recall,precision,pf,wins
codesmith.csv,0.66,0.47,0.55,2
geotools.csv,0.235,0.58,0.13,8
gephex.csv,0.585,0.455,0.45,3
haggle.csv,0.17,0.33999999999999997,0.2,0
java-gnome.csv,0.54,0.5349999999999999,0.305,7
jgnash.csv,0.275,0.545,0.21500000000000002,6
jrdf.csv,0.185,0.52,0.195,5
mpqc.csv,0.38,0.595,0.42,4
panda3d.csv,0.225,0.5800000000000001,0.11,9
tencompetence.csv,0.47,0.28,0.28,1
