,f1,g,recall,precision,pf,cdom,bellwether
3,0.83,0.585,0.58,0.485,0.54,4.0,qmmp.csv
9,0.685,0.51,0.37,0.44,0.57,9.0,boost.csv
20,0.67,0.35,0.33,0.37,0.49,15.0,hydrate.csv
38,0.72,0.22,0.19,0.295,0.41,19.0,neodatis-odb.csv
1,0.99,0.995,0.99,0.6699999999999999,0.99,0.0,benojt.csv
2,1.0,0.685,0.37,0.6699999999999999,0.97,0.0,emftriple.csv
37,0.765,0.75,0.42500000000000004,0.385,0.565,1.0,javagroups.csv
