,recall,precision,pf,pci_20,ifa,wins
arcallians.csv,0.67,0.615,0.315,0.5449999999999999,191.75,4
aztec.csv,0.7,0.545,0.18,0.655,247.5,3
mplayer-ce.csv,0.76,0.545,0.73,0.445,195.75,2
qmmp.csv,0.685,0.505,0.565,0.495,238.75,0
synergyspace.csv,0.11499999999999999,0.6,0.09,0.865,99.0,5
xtreemfs.csv,0.905,0.5,0.48,0.49,242.5,1
