,recall,precision,pf,wins
beast-mcmc.csv,0.6799999999999999,0.48,0.5449999999999999,8
codesmith.csv,0.77,0.44499999999999995,0.63,6
icescrum.csv,0.4,0.52,0.255,10
ingex.csv,0.5700000000000001,0.47,0.535,5
jrefactory.csv,0.485,0.36,0.5549999999999999,2
jsecurity.csv,0.38,0.525,0.235,11
libopenmetaverse.csv,0.995,0.375,0.95,1
lite.csv,0.48,0.38,0.36,7
mobicents.csv,0.645,0.42,0.53,4
opendvr.csv,0.53,0.49,0.315,9
openefm.csv,0.63,0.47,0.605,3
sidekar.csv,0.0,0.0,0.0,0
