,recall,precision,pf,pci_20,ifa,wins
aubit4gl.csv,0.095,0.25,0.12,0.7150000000000001,95.75,7
bibedt.csv,0.58,0.43,0.41000000000000003,0.49,356.5,6
customwars.csv,0.45499999999999996,0.33499999999999996,0.41500000000000004,0.41000000000000003,487.0,1
impala.csv,0.215,0.245,0.255,0.81,389.0,5
massiv.csv,0.02,0.05,0.015,0.43,75.5,0
playerstage.csv,0.45999999999999996,0.385,0.32999999999999996,0.505,496.0,4
quarkplusplus.csv,0.53,0.315,0.485,0.49,496.0,3
xinity.csv,0.55,0.26,0.545,0.66,682.0,2
