,recall,precision,pf,wins
genoviz.csv,0.2,0.97,0.01,5
irrlicht.csv,0.785,0.41000000000000003,0.6100000000000001,1
qedo.csv,0.07,0.53,0.02,2
qse.csv,0.675,0.72,0.47,3
toped.csv,0.69,0.38,0.64,0
truevision.csv,0.8300000000000001,0.71,0.515,4
