,recall,precision,pf,wins
aubit4gl.csv,0.03,0.2,0.135,0
bibedt.csv,0.415,0.62,0.185,8
cascading.csv,0.71,0.615,0.44499999999999995,7
firebreath.csv,0.635,0.595,0.435,6
fritzing.csv,0.4,0.6599999999999999,0.19,9
httpcontentparser.csv,0.295,0.44999999999999996,0.24,5
mpgravity.csv,0.875,0.49,0.6799999999999999,2
patterntesting.csv,0.905,0.57,0.74,3
roller.csv,0.845,0.5549999999999999,0.6699999999999999,4
xfce.csv,0.7849999999999999,0.455,0.6599999999999999,1
