,recall,precision,pf,wins
adaptagrams.csv,0.32,0.495,0.085,3
aime.csv,0.73,0.575,0.37,4
badtrinitycore.csv,0.175,0.75,0.02,5
electric-core.csv,0.565,0.525,0.47,2
geochat.csv,0.6799999999999999,0.42500000000000004,0.47,1
olsrd.csv,0.905,0.245,0.71,0
