,f1,g,recall,precision,pf,cdom,bellwether
1,0.6,0.605,0.44,0.47,0.59,6.0,forester-atv.csv
9,0.85,0.34,0.29500000000000004,0.32,0.49,1.0,atunes.csv
12,0.6000000000000001,0.6000000000000001,0.44999999999999996,0.455,0.47,1.0,amanda.csv
15,0.52,0.45,0.38,0.38,0.49,2.0,cortex-vfx.csv
21,0.775,0.58,0.345,0.29,0.41,19.0,jajuk.csv
42,0.345,0.35,0.3,0.41,0.52,19.0,taokgame.csv
19,0.66,0.6000000000000001,0.54,0.49,0.54,0.0,javagroups.csv
20,0.5,0.36,0.22,0.36,0.5,0.0,jvcl.csv
