,recall,precision,pf,wins
fceugc.csv,0.175,0.51,0.08499999999999999,6
flexpay.csv,0.41000000000000003,0.32499999999999996,0.45,1
jstock.csv,0.14,0.76,0.05,9
keyczar.csv,0.28500000000000003,0.255,0.24,2
modellus.csv,0.34,0.42,0.20500000000000002,5
open-data-kit.csv,0.5349999999999999,0.5,0.36,7
phet.csv,0.675,0.33,0.74,0
qtractor.csv,0.35,0.6599999999999999,0.15000000000000002,8
sumatrapdf.csv,0.505,0.475,0.4,4
synergyspace.csv,0.16,0.45499999999999996,0.135,3
