,recall,precision,pf,wins
agilitybook.csv,0.46499999999999997,0.11,0.38,1
apolloplayer.csv,0.29,0.09,0.21500000000000002,2
k3d.csv,0.09,0.395,0.055,6
kowari.csv,0.22,0.26,0.135,4
redshell.csv,0.965,0.14,0.85,0
rtb-team.csv,0.635,0.16,0.34,3
xreal.csv,0.05500000000000001,0.28,0.01,5
