,recall,precision,pf,pci_20,ifa,wins
benojt.csv,1.0,0.46499999999999997,0.965,0.35,98.75,0
jahshaka.csv,0.63,0.45999999999999996,0.44999999999999996,0.49,98.5,3
jam-daq.csv,0.39,0.555,0.115,0.5900000000000001,116.25,5
jatlas.csv,0.6950000000000001,0.45999999999999996,0.555,0.405,98.75,1
jedit.csv,0.77,0.495,0.765,0.41000000000000003,98.5,2
open-media-library.csv,0.705,0.49,0.47,0.47,98.5,4
