,recall,precision,pf,pci_20,ifa,wins
adonthell.csv,0.475,0.625,0.425,0.5,0.5,6
chaperon.csv,0.33,0.5,0.355,0.775,1.5,0
forester-atv.csv,0.305,0.6100000000000001,0.195,0.6799999999999999,0.5,7
gephex.csv,0.64,0.615,0.6399999999999999,0.48,1.5,1
pokenetonline.csv,0.92,0.595,0.9099999999999999,0.39,1.0,3
primefaces.csv,0.9099999999999999,0.595,0.875,0.385,0.5,5
rcp-company-uibindings.csv,0.52,0.5549999999999999,0.365,0.435,0.5,4
yarp0.csv,0.445,0.5349999999999999,0.495,0.63,1.0,2
