,recall,precision,pf,wins
bacnet.csv,0.59,0.4,0.315,4
gamestone.csv,0.105,0.255,0.135,2
gbif-providertoolkit.csv,0.52,0.365,0.355,3
heekscad.csv,0.63,0.435,0.345,5
igarden.csv,0.51,0.425,0.225,7
levent.csv,0.14500000000000002,0.55,0.065,8
owlapi.csv,0.605,0.365,0.5249999999999999,0
pnotepad.csv,0.835,0.365,0.6399999999999999,1
quark.csv,0.27,0.595,0.08,9
xcsoar.csv,0.5700000000000001,0.41500000000000004,0.29000000000000004,6
