,recall,precision,pf,pci_20,ifa,wins
acegisecurity.csv,0.655,0.435,0.45499999999999996,0.495,285.5,2
emite.csv,0.425,0.45,0.24,0.66,156.5,5
irrlicht.csv,1.0,0.315,1.0,0.38,241.5,0
migen.csv,0.55,0.5249999999999999,0.24,0.6000000000000001,190.25,7
motu.csv,0.8200000000000001,0.44999999999999996,0.565,0.485,193.75,4
openxava.csv,0.405,0.32,0.33999999999999997,0.435,193.25,1
truevision.csv,0.74,0.41500000000000004,0.5549999999999999,0.435,147.5,3
zoolib.csv,0.475,0.44999999999999996,0.28500000000000003,0.61,97.0,6
