,recall,precision,pf,wins
firebird.csv,0.605,0.41,0.355,7
jmule.csv,0.645,0.465,0.495,6
nosleepsoftware.csv,0.10500000000000001,0.35500000000000004,0.135,3
open-ms.csv,0.6,0.44,0.585,1
qgo.csv,0.49,0.645,0.155,9
rezilla.csv,0.785,0.475,0.71,2
riff-evolve.csv,0.39,0.45999999999999996,0.18,8
uwom.csv,0.635,0.485,0.525,5
virtuoso.csv,0.9,0.46499999999999997,0.815,0
yield.csv,0.8,0.445,0.605,4
