,recall,precision,pf,wins
atlc.csv,0.77,0.38,0.5700000000000001,3
miranda-icq.csv,0.28500000000000003,0.41,0.20500000000000002,7
pclasses.csv,0.195,0.29000000000000004,0.03,8
pfaedit.csv,0.41000000000000003,0.44,0.195,9
rockbox.csv,0.63,0.38,0.395,5
theresa.csv,0.0,0.0,0.0,0
thrust.csv,0.37,0.4,0.36,4
tktoolkit.csv,0.49,0.33999999999999997,0.445,1
trinitycore.csv,0.12,0.45,0.03,10
tzod.csv,0.5449999999999999,0.36,0.33,6
yaprm.csv,0.435,0.305,0.38,2
