,recall,precision,pf,wins
fm-classic.csv,0.0,0.0,0.0,1
foursquared.csv,0.355,0.35,0.08499999999999999,4
ifmo-game-1.csv,0.06,0.085,0.03,3
micomt.csv,0.835,0.155,0.5549999999999999,0
voms.csv,0.11000000000000001,0.11499999999999999,0.10500000000000001,2
