,recall,precision,pf,wins
benojt.csv,1.0,0.455,1.0,0
chrysalis.csv,0.12000000000000001,0.62,0.065,6
jahshaka.csv,0.32999999999999996,0.6699999999999999,0.075,9
jam-daq.csv,0.44,0.595,0.195,8
jatlas.csv,0.09,0.62,0.01,7
jedit.csv,0.62,0.51,0.335,5
mscore.csv,0.475,0.53,0.33,4
open-media-library.csv,0.41000000000000003,0.48,0.28500000000000003,3
panda3d.csv,0.23500000000000001,0.475,0.275,2
wheat.csv,0.33999999999999997,0.335,0.22,1
