,f1,g,recall,precision,pf,wins
chaosrts.csv,0.52,0.545,0.6599999999999999,0.41500000000000004,0.48000000000000004,4
lazarus-ccr.csv,0.52,0.6000000000000001,0.73,0.405,0.675,3
lcfizvtop.csv,0.5,0.5349999999999999,0.585,0.435,0.5,2
migen.csv,0.425,0.47,0.535,0.385,0.325,1
mvnforum.csv,0.345,0.355,0.32999999999999996,0.44999999999999996,0.41000000000000003,0
plplot.csv,0.595,0.59,0.81,0.49,0.64,5
