,recall,precision,pf,wins
iaml.csv,0.745,0.43,0.5800000000000001,0
jrdf.csv,0.265,0.56,0.22499999999999998,2
mpqc.csv,0.45499999999999996,0.63,0.305,3
tigermud.csv,0.49,0.43,0.24,1
