,recall,precision,pf,pci_20,ifa,wins
ikvm.csv,0.39,0.40499999999999997,0.5349999999999999,0.63,383.0,0
mcmc-jags.csv,0.7150000000000001,0.555,0.52,0.485,144.0,3
olap-navigator.csv,0.595,0.455,0.3,0.525,196.0,2
pidgin.csv,0.625,0.55,0.385,0.53,197.5,5
salasaga.csv,0.725,0.4,0.46499999999999997,0.41000000000000003,195.75,1
sepgsql.csv,0.53,0.475,0.28,0.565,195.25,4
