,recall,precision,pf,wins
anaxagora.csv,0.595,0.33499999999999996,0.49,5
array4j.csv,0.385,0.26,0.35,1
beast-mcmc.csv,0.665,0.41000000000000003,0.6000000000000001,6
continuum-ide.csv,0.16999999999999998,0.425,0.13,7
jam-daq.csv,0.32499999999999996,0.43,0.2,8
l2j.csv,0.71,0.315,0.6,3
nodal.csv,0.36,0.305,0.32999999999999996,4
projectfactory.csv,0.5549999999999999,0.32,0.51,2
roolo.csv,0.77,0.3,0.725,0
