,recall,precision,pf,wins
alembik.csv,0.43,0.655,0.385,7
arsenal-1.csv,0.1,0.615,0.07500000000000001,6
barracudamvc.csv,0.9450000000000001,0.445,0.9650000000000001,0
irplus.csv,0.675,0.595,0.395,8
lite.csv,0.15000000000000002,0.56,0.22499999999999998,5
mumble.csv,0.6000000000000001,0.525,0.56,2
ontopia.csv,0.655,0.47,0.47,3
openintents.csv,0.6799999999999999,0.54,0.74,1
ta3d.csv,0.20500000000000002,0.7,0.16,9
tweetsharp.csv,0.625,0.495,0.49,4
