,recall,precision,pf,wins
acegisecurity.csv,0.465,0.405,0.345,7
gdis.csv,0.76,0.365,0.585,4
kml.csv,0.6950000000000001,0.475,0.445,10
ppcboot.csv,0.655,0.4,0.5549999999999999,5
repositorium.csv,0.155,0.31000000000000005,0.15,6
rsyslog.csv,0.37,0.44,0.18,11
simplewebservices.csv,0.7450000000000001,0.4,0.725,1
ultimairis.csv,0.85,0.395,0.75,2
wow-qrsk.csv,0.325,0.39,0.18,9
wxstudio.csv,0.31,0.28500000000000003,0.255,3
xbg.csv,0.125,0.36,0.07500000000000001,8
xqilla.csv,0.0,0.0,0.0,0
