,recall,precision,pf,wins
calcubetimer.csv,0.9299999999999999,0.42,0.8,0
chaperon.csv,0.07500000000000001,0.33,0.065,2
geotools.csv,0.11499999999999999,0.46499999999999997,0.10500000000000001,6
l2j.csv,0.515,0.565,0.28500000000000003,8
mule.csv,0.34,0.505,0.175,7
nunit.csv,0.26,0.715,0.095,9
primefaces.csv,0.8,0.43,0.685,1
springside.csv,0.665,0.515,0.55,5
swtfox.csv,0.41000000000000003,0.5800000000000001,0.5,4
twostep.csv,0.5449999999999999,0.435,0.44,3
