,recall,precision,pf,wins
amateur-scrolls.csv,0.265,0.22,0.155,4
ffigo.csv,0.27,0.405,0.20500000000000002,6
foursquared.csv,0.0,0.0,0.0,2
gebr.csv,0.975,0.32,0.93,0
ildjit.csv,0.245,0.53,0.165,7
jfreereport.csv,0.335,0.71,0.08,9
kml.csv,0.9099999999999999,0.33999999999999997,0.8,3
ng4j.csv,0.6499999999999999,0.495,0.32999999999999996,8
pcsx2.csv,0.675,0.38,0.48,5
wxjs.csv,0.005,0.025,0.04,1
