,recall,precision,pf,wins
bulmages.csv,0.06,0.765,0.02,5
codeblocks.csv,0.7150000000000001,0.485,0.355,3
dataobjectsdotnet.csv,0.28500000000000003,0.72,0.08499999999999999,4
n2cms.csv,0.51,0.685,0.42500000000000004,2
nug.csv,0.455,0.555,0.45,0
uclmda.csv,0.29000000000000004,0.39,0.19,1
