,recall,precision,pf,wins
fityk.csv,0.515,0.29500000000000004,0.26,1
hibernate.csv,0.405,0.615,0.16,3
lamp.csv,0.20500000000000002,0.575,0.1,2
thout.csv,0.49,0.495,0.41,0
