,recall,precision,pf,pci_20,ifa,wins
boost.csv,0.685,0.565,0.39,0.49,242.0,3
etics.csv,0.52,0.685,0.18,0.6,145.5,7
genecys.csv,0.7,0.42,0.61,0.495,193.5,0
kvs.csv,0.33999999999999997,0.475,0.28,0.55,217.25,2
mcore3d.csv,0.6,0.53,0.34,0.47,163.75,5
miranda.csv,0.63,0.48,0.46499999999999997,0.495,196.5,1
ogrehg.csv,0.555,0.655,0.30000000000000004,0.52,98.0,6
passwordsafe.csv,0.8,0.5900000000000001,0.53,0.45499999999999996,196.5,4
