,recall,precision,pf,wins
chipster.csv,0.405,0.39,0.32999999999999996,1
fontforge.csv,0.405,0.395,0.29500000000000004,2
hatari.csv,0.7050000000000001,0.415,0.385,3
jcl.csv,0.05,0.41500000000000004,0.04,5
ltp.csv,0.45999999999999996,0.38,0.4,0
net-snmp.csv,0.515,0.46499999999999997,0.265,7
opde.csv,0.625,0.45999999999999996,0.435,4
powerfolder-.csv,0.2,0.45,0.10500000000000001,6
quantlib.csv,0.485,0.435,0.155,8
