,recall,precision,pf,wins
calcubetimer.csv,0.44499999999999995,0.36,0.245,1
chaperon.csv,0.33999999999999997,0.49,0.27,2
mule.csv,0.45499999999999996,0.55,0.135,4
nunit.csv,0.51,0.47,0.345,3
springside.csv,0.5900000000000001,0.5549999999999999,0.3,5
swtfox.csv,0.55,0.46499999999999997,0.635,0
