,recall,precision,pf,wins
arcallians.csv,0.565,0.615,0.245,4
aztec.csv,0.175,0.715,0.065,5
mplayer-ce.csv,0.755,0.47,0.72,0
qmmp.csv,0.8,0.54,0.45999999999999996,3
synergyspace.csv,0.185,0.515,0.09,1
xtreemfs.csv,0.6950000000000001,0.535,0.395,2
