,f1,g,recall,precision,pf,wins
empserver.csv,0.445,0.42000000000000004,0.525,0.705,0.425,5
enlightenment.csv,0.685,0.0,1.0,0.575,1.0,4
ffigo.csv,0.12000000000000001,0.17500000000000002,0.15,0.21500000000000002,0.14,1
ildjit.csv,0.295,0.22999999999999998,0.2,0.5700000000000001,0.16999999999999998,3
jfreereport.csv,0.15,0.1,0.08,0.6599999999999999,0.065,2
psycle.csv,0.59,0.625,0.7250000000000001,0.6,0.5549999999999999,7
wikipediardware.csv,0.65,0.47,0.765,0.56,0.725,6
wxjs.csv,0.055,0.04,0.03,0.32,0.02,0
