,recall,precision,pf,wins
graphmak.csv,0.57,0.7949999999999999,0.51,2
jruby.csv,0.685,0.7949999999999999,0.48,4
pdfedit.csv,0.45999999999999996,0.74,0.4,0
rectracker.csv,0.905,0.8300000000000001,0.845,1
wxlua.csv,0.545,0.81,0.435,5
x4x.csv,0.755,0.78,0.515,3
