,recall,precision,pf,pci_20,ifa,wins
geotools.csv,0.76,0.53,0.515,0.425,195.75,1
l2j.csv,0.46499999999999997,0.54,0.33499999999999996,0.58,144.5,4
mule.csv,0.285,0.53,0.22499999999999998,0.63,97.5,5
springside.csv,0.71,0.5900000000000001,0.435,0.365,145.75,3
swtfox.csv,0.48,0.42500000000000004,0.635,0.6799999999999999,148.25,0
twostep.csv,0.75,0.575,0.485,0.4,146.5,2
