,recall,precision,pf,pci_20,ifa,wins
cleartk.csv,0.65,0.46499999999999997,0.5449999999999999,0.49,197.25,0
ibatisdb.csv,0.38,0.495,0.37,0.595,188.5,3
log4net.csv,0.24,0.475,0.20500000000000002,0.79,194.5,5
ofbiz.csv,0.715,0.56,0.57,0.485,197.75,6
opensim4opencog.csv,0.45999999999999996,0.53,0.38,0.415,194.25,2
openwbem.csv,0.43,0.45,0.51,0.485,99.0,4
power-architect.csv,0.81,0.45499999999999996,0.71,0.455,147.75,1
x-ray-mule.csv,0.22,0.505,0.295,0.83,148.5,7
