,f1,g,recall,precision,pf,cdom,bellwether
3,0.42,0.46,0.34,0.46,0.51,4.0,jfreereport.csv
9,0.41500000000000004,0.495,0.39,0.435,0.525,9.0,kftpgrabber.csv
20,0.42,0.33,0.31,0.4,0.51,15.0,gisgraphy.csv
38,0.45499999999999996,0.24,0.2,0.3,0.425,19.0,jcae.csv
1,0.99,0.995,0.99,0.6699999999999999,0.99,0.0,benojt.csv
2,1.0,0.6950000000000001,0.39,0.675,0.96,0.0,emftriple.csv
37,0.565,0.615,0.43500000000000005,0.525,0.64,1.0,ivef-sdk.csv
