,recall,precision,pf,wins
columba.csv,0.5900000000000001,0.5,0.14500000000000002,3
emftriple.csv,0.345,0.13,0.0,1
fluent-nhibernate.csv,0.32499999999999996,0.3,0.495,0
gpsmid.csv,0.615,0.345,0.26,2
