,recall,precision,pf,pci_20,ifa,wins
adaptagrams.csv,0.61,0.36,0.265,0.495,2.5,5
aime.csv,0.53,0.345,0.395,0.48,4.5,2
badtrinitycore.csv,0.39,0.345,0.16999999999999998,0.5549999999999999,3.0,4
electric-core.csv,0.59,0.33499999999999996,0.41,0.48,10.0,0
geochat.csv,0.48,0.31,0.565,0.56,3.0,1
olsrd.csv,0.505,0.33999999999999997,0.19,0.505,5.0,3
