,recall,precision,pf,wins
dynalloy.csv,0.395,0.54,0.22999999999999998,11
jaolt.csv,0.67,0.42,0.43,9
jcl.csv,0.2,0.31,0.20500000000000002,2
kmess.csv,0.475,0.41500000000000004,0.32499999999999996,7
ossbuild.csv,0.25,0.405,0.19,6
qgo.csv,0.435,0.4,0.345,4
quark.csv,0.0,0.0,0.0,0
rezilla.csv,0.6799999999999999,0.41500000000000004,0.61,1
rhex.csv,0.095,0.345,0.045,8
toped.csv,0.495,0.385,0.35,5
truevision.csv,0.605,0.435,0.365,10
wxstudio.csv,0.245,0.35,0.24,3
