,recall,precision,pf,wins
array4j.csv,0.265,0.38,0.22,5
emono.csv,0.635,0.43500000000000005,0.32,7
freedom-erp.csv,0.045,0.46,0.01,9
jchassis.csv,0.0,0.0,0.0,1
jmoney.csv,0.35,0.525,0.125,11
jmonkeyengine.csv,0.07,0.52,0.05,10
jsidplay2.csv,0.69,0.37,0.515,3
matrex.csv,0.2,0.485,0.135,8
mediate.csv,0.52,0.28,0.33,4
mesa3d.csv,0.225,0.4,0.195,6
pustefix.csv,0.355,0.29000000000000004,0.4,0
reaper3d.csv,0.455,0.29500000000000004,0.355,2
