,recall,precision,pf,wins
codesmith.csv,0.695,0.65,0.52,5
gwanted.csv,0.20500000000000002,0.63,0.055,6
ivatamasks.csv,0.585,0.7,0.5,7
java-gnome.csv,0.63,0.6599999999999999,0.31,10
orc.csv,0.20500000000000002,0.55,0.255,0
plato.csv,0.855,0.65,0.885,1
rodin-b-sharp.csv,0.35,0.69,0.2,9
tycho.csv,0.775,0.6950000000000001,0.5549999999999999,8
umber.csv,0.42000000000000004,0.75,0.355,11
unicase.csv,0.69,0.62,0.43999999999999995,4
vienna-add-in.csv,0.615,0.655,0.615,3
wpdev.csv,1.0,0.675,1.0,2
