,f1,g,recall,precision,pf,wins
amanda.csv,0.5800000000000001,0.5900000000000001,0.575,0.53,0.4,5
empyrean.csv,0.0,0.0,0.0,0.0,0.0,0
impala.csv,0.435,0.49,0.46499999999999997,0.385,0.375,2
multitude.csv,0.5900000000000001,0.575,0.89,0.45,0.7350000000000001,4
nutz.csv,0.525,0.42000000000000004,0.69,0.435,0.755,1
pi-qmc.csv,0.535,0.54,0.55,0.535,0.45999999999999996,3
