,recall,precision,pf,pci_20,ifa,wins
amanda.csv,0.575,0.53,0.4,0.565,3.5,5
empyrean.csv,0.0,0.0,0.0,0.0,117.0,0
impala.csv,0.46499999999999997,0.385,0.375,0.69,3.0,4
multitude.csv,0.89,0.45,0.7350000000000001,0.42500000000000004,5.0,2
nutz.csv,0.69,0.435,0.755,0.5549999999999999,1.0,1
pi-qmc.csv,0.55,0.535,0.45999999999999996,0.495,2.0,3
