,recall,precision,pf,wins
ambulant.csv,0.7250000000000001,0.4,0.22999999999999998,0
mecat.csv,0.5,0.15,0.06999999999999999,1
