,f1,g,recall,precision,pf,cdom,bellwether
1,0.38,0.435,0.33,0.445,0.51,7.0,chaperon.csv
10,0.84,0.305,0.29500000000000004,0.35,0.435,1.0,atunes.csv
13,0.66,0.28,0.28500000000000003,0.45,0.53,9.0,les-indemodables.csv
27,0.54,0.385,0.305,0.33,0.445,5.0,exordium.csv
34,0.55,0.27,0.22,0.26,0.38,16.0,sepgsql.csv
52,0.675,0.355,0.35,0.41,0.5,17.0,stajistics.csv
24,0.8300000000000001,0.5900000000000001,0.48,0.48,0.595,1.0,magicwars.csv
25,0.51,0.45999999999999996,0.395,0.46,0.51,3.0,personalaccess.csv
26,0.78,0.67,0.56,0.56,0.56,0.0,xmemcached.csv
