,recall,precision,pf,pci_20,ifa,wins
fm-classic.csv,0.205,0.28,0.12,0.7749999999999999,96.5,4
foursquared.csv,0.055,0.125,0.11499999999999999,0.77,94.0,3
ifmo-game-1.csv,0.085,0.035,0.14,0.86,300.25,1
micomt.csv,0.855,0.125,0.6799999999999999,0.485,238.5,0
voms.csv,0.855,0.24,0.315,0.545,236.25,2
