,recall,precision,pf,wins
amateur-scrolls.csv,0.5,0.6,0.295,7
fritzing.csv,0.715,0.5800000000000001,0.32499999999999996,8
jlinalg.csv,0.685,0.415,0.605,1
knowledge.csv,0.76,0.49,0.56,2
massiv.csv,0.06,0.105,0.0,4
multitude.csv,0.755,0.495,0.51,3
playerstage.csv,0.6,0.5449999999999999,0.335,5
quarkplusplus.csv,0.655,0.55,0.33999999999999997,6
rtrt-on-gpu.csv,0.22,0.31000000000000005,0.435,0
superwaba.csv,0.53,0.66,0.20500000000000002,9
