,recall,precision,pf,wins
codeblocks.csv,0.74,0.38,0.44,6
emulemorph.csv,0.005,0.125,0.0,1
fulguro.csv,0.15000000000000002,0.675,0.07500000000000001,10
fw4spl.csv,0.19,0.43,0.20500000000000002,3
gnome-jabber.csv,0.84,0.485,0.72,2
ipfilter.csv,0.735,0.545,0.62,4
ipfire-wall.csv,0.25,0.7350000000000001,0.135,11
libmesh.csv,0.255,0.56,0.25,9
rockbox.csv,0.485,0.525,0.39,7
soar.csv,0.765,0.415,0.775,0
tencompetence.csv,0.39,0.5,0.285,8
xbrlapi.csv,0.54,0.525,0.47,5
