,recall,precision,pf,pci_20,ifa,wins
ikvm.csv,0.48,0.38,0.575,0.5700000000000001,383.5,0
mcmc-jags.csv,0.75,0.595,0.485,0.485,144.0,5
olap-navigator.csv,0.59,0.45999999999999996,0.26,0.575,197.0,3
pidgin.csv,0.64,0.5650000000000001,0.385,0.43,185.75,2
salasaga.csv,0.76,0.39,0.485,0.4,196.75,1
sepgsql.csv,0.65,0.46499999999999997,0.335,0.54,147.75,4
