,recall,precision,pf,wins
lockss.csv,0.59,0.63,0.2,5
pcgen.csv,0.825,0.495,0.6849999999999999,0
personalaccess.csv,0.7150000000000001,0.5700000000000001,0.38,2
selenium.csv,0.625,0.61,0.315,3
tolven.csv,0.46499999999999997,0.645,0.18,4
webdriver.csv,0.5,0.53,0.24000000000000002,1
