,recall,precision,pf,wins
brlcad.csv,0.155,0.46499999999999997,0.15,3
fceugc.csv,0.54,0.5,0.5,2
ftm.csv,0.435,0.6950000000000001,0.28500000000000003,6
google-gears.csv,0.745,0.44499999999999995,0.61,1
jaolt.csv,0.7,0.53,0.47,4
jcache.csv,0.78,0.62,0.43500000000000005,5
kmess.csv,0.49,0.6599999999999999,0.26,7
xmemcached.csv,0.655,0.51,0.715,0
