,recall,precision,pf,wins
dataobjectsdotnet.csv,0.63,0.44999999999999996,0.45999999999999996,3
miranda-icq.csv,0.345,0.415,0.365,1
red5.csv,0.6599999999999999,0.33499999999999996,0.585,0
thrust.csv,0.26,0.425,0.265,2
