,recall,precision,pf,wins
agilitybook.csv,0.195,0.21,0.21000000000000002,3
apolloplayer.csv,0.33999999999999997,0.205,0.355,2
k3d.csv,0.15000000000000002,0.41,0.05,6
redshell.csv,1.0,0.19,0.985,0
rtb-team.csv,0.51,0.24000000000000002,0.28500000000000003,5
xreal.csv,0.0,0.0,0.0,1
xstore.csv,0.42,0.265,0.37,4
