,recall,precision,pf,wins
dataobjectsdotnet.csv,0.8,0.41000000000000003,0.8,1
miranda-icq.csv,0.445,0.415,0.515,2
red5.csv,0.69,0.32999999999999996,0.5900000000000001,0
thrust.csv,0.395,0.43,0.375,3
