,recall,precision,pf,pci_20,ifa,wins
bloodycore.csv,0.44,0.375,0.22,0.845,476.0,0
raygina.csv,0.625,0.375,0.42000000000000004,0.44499999999999995,440.25,1
