,recall,precision,pf,wins
adonthell.csv,0.46499999999999997,0.595,0.435,4
chaperon.csv,0.3,0.565,0.29500000000000004,1
forester-atv.csv,0.155,0.6299999999999999,0.07500000000000001,7
gephex.csv,0.705,0.6100000000000001,0.72,5
pokenetonline.csv,0.915,0.605,0.8049999999999999,6
primefaces.csv,0.925,0.595,0.9,3
rcp-company-uibindings.csv,0.565,0.56,0.385,2
yarp0.csv,0.45,0.56,0.505,0
