,recall,precision,pf,wins
ardour.csv,0.475,0.725,0.23,6
cornerstone.csv,0.585,0.6950000000000001,0.45999999999999996,5
frogatto.csv,0.81,0.6499999999999999,0.6,0
novembre.csv,0.325,0.815,0.11499999999999999,7
ns-3.csv,0.685,0.6699999999999999,0.5,2
open-beos.csv,0.45999999999999996,0.655,0.36,1
planeshift.csv,0.715,0.6399999999999999,0.45,4
sbml.csv,0.72,0.645,0.475,3
