,f1,g,recall,precision,pf,wins
cleartk.csv,0.53,0.53,0.7949999999999999,0.44,0.6599999999999999,6
forester-atv.csv,0.28,0.26,0.225,0.6200000000000001,0.185,2
google-collections.csv,0.6100000000000001,0.0,1.0,0.44,1.0,0
jsecurity.csv,0.34,0.42500000000000004,0.39,0.505,0.28,3
opensim4opencog.csv,0.395,0.495,0.45999999999999996,0.46499999999999997,0.29500000000000004,5
paintown.csv,0.595,0.18,0.935,0.44,0.9550000000000001,1
smbopensoft.csv,0.56,0.445,0.775,0.435,0.77,4
thout.csv,0.52,0.475,0.815,0.475,0.605,7
