,recall,precision,pf,wins
echongl.csv,0.52,0.615,0.55,3
ivatamasks.csv,0.71,0.69,0.49,7
orc.csv,0.28500000000000003,0.635,0.44999999999999996,2
plato.csv,0.69,0.615,0.73,1
proftp.csv,0.47,0.78,0.18,10
tycho.csv,0.48,0.715,0.355,8
uclmda.csv,0.12,0.5,0.135,0
umber.csv,0.11499999999999999,0.81,0.07500000000000001,9
unicase.csv,0.765,0.685,0.56,5
vienna-add-in.csv,0.64,0.71,0.5,6
wpdev.csv,1.0,0.675,1.0,4
