,recall,precision,pf,pci_20,ifa,wins
jrdf.csv,0.45,0.33,0.15,0.7250000000000001,178.25,1
mpqc.csv,0.31000000000000005,0.17,0.245,0.95,349.5,0
