,recall,precision,pf,pci_20,ifa,wins
dataobjectsdotnet.csv,0.44999999999999996,0.55,0.29000000000000004,0.6950000000000001,0.0,2
img-browse-sort.csv,0.555,0.6,0.28,0.515,0.5,1
pcsx2.csv,0.5800000000000001,0.5800000000000001,0.33499999999999996,0.485,0.0,3
xstore.csv,0.695,0.575,0.51,0.4,0.0,0
