,recall,precision,pf,wins
avisynth2.csv,0.0,0.0,0.0,1
coot.csv,0.35,0.28500000000000003,0.365,0
haggle.csv,0.615,0.4,0.4,6
ibatisdb.csv,0.265,0.42000000000000004,0.295,4
jas.csv,0.195,0.385,0.14,9
mesa3d.csv,0.265,0.47,0.245,7
ngl.csv,0.5,0.325,0.385,2
pustefix.csv,0.19999999999999998,0.33,0.13,8
scenemonitor.csv,0.57,0.43000000000000005,0.41500000000000004,5
wsmt.csv,0.20500000000000002,0.245,0.18,3
