,recall,precision,pf,wins
aubit4gl.csv,0.19,0.2,0.28,1
bibedt.csv,0.49,0.53,0.275,7
customwars.csv,0.5800000000000001,0.365,0.485,5
impala.csv,0.215,0.32,0.29500000000000004,3
massiv.csv,0.04,0.085,0.015,2
playerstage.csv,0.53,0.435,0.4,6
quarkplusplus.csv,0.5700000000000001,0.21500000000000002,0.45,4
xinity.csv,0.53,0.29000000000000004,0.605,0
