,recall,precision,pf,wins
jparsec.csv,0.8049999999999999,0.425,0.7050000000000001,1
kmess.csv,0.63,0.405,0.36,2
minig.csv,0.5599999999999999,0.525,0.42000000000000004,4
ossbuild.csv,0.39,0.58,0.125,5
rezilla.csv,0.85,0.4,0.835,0
webdriver.csv,0.43000000000000005,0.49,0.20500000000000002,3
