,recall,precision,pf,wins
gwanted.csv,0.19,0.8049999999999999,0.025,9
ivatamasks.csv,0.545,0.55,0.47,3
orc.csv,0.275,0.6399999999999999,0.245,5
plato.csv,0.77,0.5,0.855,0
rodin-b-sharp.csv,0.275,0.7250000000000001,0.16,7
umber.csv,0.33499999999999996,0.75,0.18,8
unicase.csv,0.79,0.585,0.595,4
uwom.csv,0.445,0.6499999999999999,0.31,6
vienna-add-in.csv,0.78,0.55,0.705,2
wpdev.csv,1.0,0.515,1.0,1
