,recall,precision,pf,wins
bwapi.csv,0.9299999999999999,0.575,0.925,0
cities3d.csv,0.155,0.69,0.135,6
img-browse-sort.csv,0.645,0.66,0.345,5
levent.csv,0.765,0.6950000000000001,0.5800000000000001,4
pnotepad.csv,0.895,0.64,0.6950000000000001,2
selenium.csv,0.5,0.68,0.305,7
somap.csv,0.855,0.6100000000000001,0.785,1
xemeiah.csv,0.75,0.6499999999999999,0.5549999999999999,3
