,recall,precision,pf,wins
freewrl.csv,0.8300000000000001,0.585,0.59,0
silvertree.csv,0.88,0.6000000000000001,0.625,1
