,f1,g,recall,precision,pf,wins
freewrl.csv,0.6699999999999999,0.645,0.825,0.58,0.5650000000000001,1
silvertree.csv,0.69,0.51,0.84,0.605,0.5900000000000001,0
