,recall,precision,pf,wins
bacula.csv,0.715,0.42500000000000004,0.46499999999999997,0
jajuk.csv,0.78,0.47,0.44,2
vapor.csv,0.28500000000000003,0.555,0.125,3
zorannt.csv,0.34,0.53,0.42000000000000004,1
