,recall,precision,pf,pci_20,ifa,wins
chipster.csv,0.365,0.23500000000000001,0.20500000000000002,0.435,98.0,2
fontforge.csv,0.9450000000000001,0.385,0.965,0.37,233.75,1
hatari.csv,0.75,0.44,0.645,0.425,148.5,6
jcl.csv,0.665,0.405,0.5,0.47,148.5,7
ltp.csv,0.7250000000000001,0.39,0.63,0.46499999999999997,196.5,4
net-snmp.csv,0.67,0.37,0.63,0.4,147.0,3
opde.csv,0.765,0.45,0.5349999999999999,0.42,198.0,5
powerfolder-.csv,0.54,0.435,0.29000000000000004,0.53,99.0,8
quantlib.csv,0.36000000000000004,0.255,0.24000000000000002,0.31,145.75,0
