,recall,precision,pf,wins
abbot.csv,0.81,0.32999999999999996,0.66,3
crisscross.csv,0.95,0.36,0.905,1
gabel.csv,0.375,0.425,0.23,9
jguard.csv,0.89,0.39999999999999997,0.885,2
jitterbit.csv,0.575,0.485,0.355,11
mycila.csv,0.61,0.41500000000000004,0.5700000000000001,6
nova.csv,0.605,0.52,0.485,10
ontomorphtab.csv,0.695,0.365,0.5,7
tmva.csv,0.815,0.36,0.71,4
vienna-add-in.csv,0.585,0.35,0.45,5
vrjuggler.csv,0.52,0.39,0.395,8
wpdev.csv,0.975,0.31000000000000005,0.8999999999999999,0
