,recall,precision,pf,wins
lockss.csv,0.585,0.675,0.21500000000000002,5
pcgen.csv,0.76,0.5,0.59,0
personalaccess.csv,0.65,0.61,0.30000000000000004,3
selenium.csv,0.6000000000000001,0.62,0.295,2
tolven.csv,0.315,0.655,0.125,4
webdriver.csv,0.44000000000000006,0.515,0.22999999999999998,1
