,recall,precision,pf,pci_20,ifa,wins
abbot.csv,0.8899999999999999,0.325,0.685,0.42,2.0,1
jicarilla.csv,0.015,0.25,0.035,0.45999999999999996,25.5,0
optalgtoolkit.csv,0.56,0.515,0.44999999999999996,0.48,1.5,5
ossim.csv,0.31,0.41000000000000003,0.305,0.64,1.0,7
projectts.csv,0.11000000000000001,0.245,0.30000000000000004,0.635,4.5,2
sabbu.csv,0.5549999999999999,0.29000000000000004,0.36,0.525,2.5,3
vxl.csv,0.425,0.345,0.35,0.615,0.0,4
zact.csv,0.48,0.315,0.295,0.69,4.5,6
