,recall,precision,pf,wins
adobe-source.csv,0.395,0.445,0.17,7
atlc.csv,0.62,0.31,0.55,1
ipfilter.csv,0.78,0.28500000000000003,0.75,0
jmol.csv,0.84,0.375,0.56,3
pfaedit.csv,0.485,0.32,0.17,5
rockbox.csv,0.42,0.28500000000000003,0.265,2
snakeyaml.csv,0.54,0.445,0.27,6
theresa.csv,0.46499999999999997,0.5349999999999999,0.21000000000000002,8
trinitycore.csv,0.13,0.445,0.14500000000000002,4
wxcode.csv,0.365,0.575,0.115,9
