,f1,g,recall,precision,pf,wins
logicmail.csv,0.7949999999999999,0.445,0.9550000000000001,0.7050000000000001,0.6,0
mclient-mume.csv,0.56,0.5,0.47500000000000003,0.875,0.060000000000000005,1
