,recall,precision,pf,pci_20,ifa,wins
logicmail.csv,0.9550000000000001,0.7050000000000001,0.6,0.33999999999999997,1.0,0
mclient-mume.csv,0.47500000000000003,0.875,0.060000000000000005,0.685,0.5,1
