,recall,precision,pf,wins
bwapi.csv,0.94,0.62,0.8400000000000001,2
cities3d.csv,0.6,0.69,0.695,3
img-browse-sort.csv,0.45,0.8300000000000001,0.23,7
levent.csv,0.825,0.61,0.745,1
pnotepad.csv,0.815,0.665,0.6799999999999999,4
selenium.csv,0.53,0.7150000000000001,0.26,6
somap.csv,0.995,0.595,0.985,0
xemeiah.csv,0.365,0.745,0.23,5
