,recall,precision,pf,wins
foursquared.csv,0.215,0.485,0.055,2
repositorium.csv,0.7849999999999999,0.44499999999999995,0.315,1
simplewebservices.csv,0.6799999999999999,0.25,0.32,0
xbg.csv,0.285,0.8049999999999999,0.065,3
