,recall,precision,pf,wins
alsa.csv,0.28500000000000003,0.6799999999999999,0.135,6
arcallians.csv,0.375,0.53,0.295,1
arianne.csv,0.495,0.61,0.20500000000000002,7
cortex-vfx.csv,0.5,0.515,0.345,2
mbse.csv,0.385,0.41500000000000004,0.5700000000000001,0
multitude.csv,0.61,0.565,0.435,3
phonon-vlc-mplayer.csv,0.475,0.595,0.235,4
qgis.csv,0.6699999999999999,0.595,0.37,5
