,recall,precision,pf,pci_20,ifa,wins
logicmail.csv,0.94,0.7050000000000001,0.6,0.345,98.0,0
mclient-mume.csv,0.49,0.7849999999999999,0.125,0.6699999999999999,96.5,1
