,recall,precision,pf,pci_20,ifa,wins
calcubetimer.csv,0.375,0.26,0.195,0.54,98.5,1
chaperon.csv,0.37,0.46499999999999997,0.33499999999999996,0.7150000000000001,144.0,4
mule.csv,0.35,0.5,0.175,0.49,147.25,3
nunit.csv,0.45999999999999996,0.53,0.255,0.52,195.75,2
springside.csv,0.69,0.49,0.405,0.4,97.5,5
swtfox.csv,0.585,0.435,0.475,0.725,196.5,0
