,recall,precision,pf,wins
freenet.csv,0.69,0.485,0.495,3
javagroups.csv,0.4,0.48,0.27,4
jrefactory.csv,0.525,0.5449999999999999,0.385,5
logicmail.csv,0.6,0.45499999999999996,0.55,2
nodal.csv,0.405,0.55,0.275,6
soar.csv,0.86,0.48,0.835,0
taverna.csv,0.2,0.42500000000000004,0.26,1
web-cat.csv,0.32999999999999996,0.615,0.215,7
