,recall,precision,pf,wins
array4j.csv,0.25,0.27,0.135,6
bigdata.csv,0.675,0.16,0.39,2
calcubetimer.csv,0.9099999999999999,0.21000000000000002,0.655,0
jas.csv,0.04,0.16,0.055,4
jbpm.csv,0.2,0.24,0.235,3
jgossipforum.csv,0.045,0.32,0.0,10
joustsim.csv,0.375,0.255,0.17,7
madman.csv,0.095,0.33,0.05,9
mule.csv,0.405,0.29500000000000004,0.20500000000000002,8
nunit.csv,0.575,0.21500000000000002,0.295,5
piccolo2d.csv,0.0,0.0,0.005,1
sblim.csv,0.095,0.4,0.03,11
