,recall,precision,pf,wins
empserver.csv,0.485,0.5449999999999999,0.41000000000000003,4
enlightenment.csv,0.675,0.49,0.45499999999999996,5
ildjit.csv,0.095,0.54,0.07500000000000001,7
jfreereport.csv,0.405,0.445,0.475,1
lufa-lib.csv,0.5900000000000001,0.59,0.44499999999999995,6
pcsx2.csv,0.615,0.46499999999999997,0.44,3
psycle.csv,0.77,0.49,0.615,2
wxjs.csv,0.0,0.0,0.0,0
