,recall,precision,pf,wins
amanda.csv,0.495,0.46,0.485,0
empyrean.csv,0.645,0.43000000000000005,0.43999999999999995,1
impala.csv,0.13,0.33999999999999997,0.2,2
multitude.csv,0.76,0.575,0.45999999999999996,3
nutz.csv,0.44,0.625,0.26,4
pi-qmc.csv,0.45999999999999996,0.635,0.22499999999999998,5
