,f1,g,recall,precision,pf,wins
geotools.csv,0.515,0.5449999999999999,0.765,0.505,0.51,3
l2j.csv,0.495,0.5449999999999999,0.5249999999999999,0.5,0.355,2
mule.csv,0.305,0.325,0.29000000000000004,0.5800000000000001,0.22,0
springside.csv,0.615,0.665,0.75,0.5349999999999999,0.535,4
swtfox.csv,0.385,0.43999999999999995,0.5800000000000001,0.595,0.45,1
twostep.csv,0.63,0.59,0.7649999999999999,0.5449999999999999,0.49,5
