,recall,precision,pf,wins
dspace-gsoc.csv,0.78,0.44999999999999996,0.44,4
electric-core.csv,0.8049999999999999,0.42000000000000004,0.545,3
jahshakafx.csv,0.645,0.535,0.25,7
jython.csv,0.44499999999999995,0.385,0.27,2
kftpgrabber.csv,0.39,0.7150000000000001,0.14,9
mvnforum.csv,0.175,0.33999999999999997,0.305,0
openmalaria.csv,0.8300000000000001,0.48,0.4,6
plplot.csv,0.92,0.41000000000000003,0.85,1
popeye-chess.csv,0.5,0.505,0.25,5
zxing.csv,0.295,0.7150000000000001,0.095,8
