,recall,precision,pf,pci_20,ifa,wins
foursquared.csv,0.04,0.32,0.01,0.225,23.25,3
repositorium.csv,0.29000000000000004,0.255,0.29500000000000004,0.6499999999999999,521.0,0
simplewebservices.csv,0.75,0.275,0.545,0.44,232.5,2
xbg.csv,0.21,0.17,0.22000000000000003,0.59,98.25,1
