,recall,precision,pf,wins
aztec.csv,0.79,0.55,0.5700000000000001,4
nsis.csv,0.855,0.30000000000000004,0.77,1
papertoolkit.csv,0.0,0.0,0.0,0
plearn.csv,0.355,0.515,0.29000000000000004,3
qdvdauthor.csv,0.55,0.375,0.355,2
tango-cs.csv,0.8049999999999999,0.515,0.49,5
