,recall,precision,pf,pci_20,ifa,wins
codeblocks.csv,0.675,0.445,0.41000000000000003,0.46499999999999997,0.5,3
extprosys.csv,0.525,0.39,0.48,0.435,4.5,1
fluidium.csv,0.0,0.0,0.03,0.575,61.5,0
haphazard.csv,0.255,0.33999999999999997,0.30500000000000005,0.8,1.5,5
qcad2.csv,0.54,0.49,0.385,0.585,0.0,4
silvertree.csv,0.8500000000000001,0.38,0.765,0.48,0.5,2
