,recall,precision,pf,wins
bdbbasic.csv,0.58,0.665,0.30000000000000004,6
critterding.csv,0.44,0.65,0.17,8
enlightenment.csv,0.535,0.5349999999999999,0.295,4
exordium.csv,0.5,0.73,0.19,9
google-caja.csv,0.6799999999999999,0.5800000000000001,0.495,3
itext.csv,0.43999999999999995,0.515,0.27,2
lockss.csv,0.14,0.69,0.07,7
modplug.csv,0.8049999999999999,0.505,0.555,1
reactos-mirror.csv,0.73,0.5549999999999999,0.625,0
yafdotnet.csv,0.6950000000000001,0.61,0.41500000000000004,5
