,recall,precision,pf,wins
alleg.csv,0.265,0.31999999999999995,0.305,0
chaosrts.csv,0.895,0.505,0.735,3
lazarus-ccr.csv,0.9299999999999999,0.49,0.935,1
linuxsh.csv,0.295,0.575,0.16,9
migen.csv,0.38,0.495,0.195,6
moviesandbox.csv,0.51,0.535,0.255,7
sauerbraten.csv,0.29000000000000004,0.565,0.14,8
scite-ru.csv,0.7849999999999999,0.52,0.64,4
vrjuggler.csv,0.41500000000000004,0.495,0.24,5
xuggle.csv,0.465,0.455,0.445,2
