,recall,precision,pf,pci_20,ifa,wins
abbot.csv,0.805,0.33999999999999997,0.6000000000000001,0.425,360.5,0
jicarilla.csv,0.015,0.2,0.035,0.25,56.0,1
optalgtoolkit.csv,0.395,0.405,0.31,0.55,242.0,5
ossim.csv,0.33499999999999996,0.425,0.29500000000000004,0.63,188.5,6
projectts.csv,0.6000000000000001,0.30000000000000004,0.41500000000000004,0.515,237.75,3
sabbu.csv,0.54,0.30000000000000004,0.37,0.52,229.25,4
vxl.csv,0.415,0.3,0.33499999999999996,0.6100000000000001,308.25,2
zact.csv,0.44,0.35,0.27,0.795,220.0,7
