,recall,precision,pf,pci_20,ifa,wins
benojt.csv,0.995,0.24,0.97,0.395,99.0,0
chrysalis.csv,0.6,0.44999999999999996,0.22999999999999998,0.485,98.5,6
jahshaka.csv,0.54,0.385,0.29,0.54,98.75,3
jatlas.csv,0.655,0.42000000000000004,0.375,0.52,98.5,5
jedit.csv,0.94,0.28,0.72,0.42,98.75,1
open-media-library.csv,0.64,0.41000000000000003,0.395,0.5800000000000001,147.75,2
snakeyaml.csv,0.5,0.46,0.16,0.62,98.75,7
xamj.csv,0.61,0.37,0.28500000000000003,0.5349999999999999,98.75,4
