,recall,precision,pf,wins
codepurge.csv,0.515,0.37,0.32,11
ctrlr.csv,0.21,0.175,0.28500000000000003,0
dvt.csv,0.55,0.315,0.47,5
flylinkdc.csv,0.605,0.33999999999999997,0.575,6
free-evolution.csv,0.67,0.30000000000000004,0.485,8
fw4spl.csv,0.36,0.29000000000000004,0.24,3
ipfire-wall.csv,0.19,0.275,0.21000000000000002,2
ldview.csv,0.68,0.315,0.515,9
nuttx.csv,0.505,0.315,0.375,7
uclmda.csv,0.185,0.305,0.11,4
vdsf.csv,0.685,0.27,0.8049999999999999,1
xcf.csv,0.5549999999999999,0.36,0.36,10
