,recall,precision,pf,pci_20,ifa,wins
atomsite.csv,0.77,0.515,0.47,0.39,98.5,5
bullet.csv,0.79,0.38,0.76,0.385,141.75,2
openintents.csv,0.62,0.44999999999999996,0.7749999999999999,0.55,246.75,1
pokenetonline.csv,0.875,0.38,0.885,0.39,194.5,0
tktoolkit.csv,0.57,0.41000000000000003,0.46,0.54,145.25,4
zealos.csv,0.14500000000000002,0.365,0.195,0.885,198.0,3
