,recall,precision,pf,wins
acegisecurity.csv,0.43,0.435,0.225,3
emite.csv,0.785,0.435,0.555,0
irrlicht.csv,0.5900000000000001,0.385,0.30500000000000005,2
migen.csv,0.45,0.47,0.16,5
motu.csv,0.355,0.535,0.22,4
openxava.csv,0.46499999999999997,0.47,0.095,6
truevision.csv,0.7150000000000001,0.4,0.42000000000000004,1
zoolib.csv,0.07,0.635,0.03,7
