,recall,precision,pf,wins
bochs.csv,0.7250000000000001,0.445,0.5800000000000001,1
encog-java.csv,0.185,0.67,0.11,5
h2database.csv,0.195,0.72,0.165,4
jaql.csv,0.6950000000000001,0.43999999999999995,0.32,3
raven-monitoring.csv,0.625,0.395,0.5,0
v8.csv,0.67,0.45999999999999996,0.36,2
