,recall,precision,pf,wins
bloodycore.csv,0.20500000000000002,0.365,0.28500000000000003,1
flylegacy.csv,0.755,0.53,0.47,6
ftm.csv,0.42000000000000004,0.665,0.20500000000000002,8
jcache.csv,0.22999999999999998,0.5,0.1,7
lphant.csv,0.5549999999999999,0.6,0.5349999999999999,3
minig.csv,0.715,0.51,0.6200000000000001,2
mob-sen-plat.csv,0.33499999999999996,0.315,0.32999999999999996,0
raygina.csv,0.395,0.54,0.275,5
upp-mirror.csv,0.425,0.645,0.15000000000000002,9
yarp.csv,0.545,0.525,0.39,4
