,recall,precision,pf,wins
dvt.csv,0.3,0.43,0.29500000000000004,3
fulguro.csv,0.235,0.5700000000000001,0.135,9
fw4spl.csv,0.535,0.43,0.385,5
google-web-toolkit.csv,0.53,0.445,0.37,6
jstock.csv,0.15500000000000003,0.55,0.11499999999999999,8
ldview.csv,0.545,0.45999999999999996,0.49,4
nuttx.csv,0.75,0.435,0.685,2
utgb.csv,0.185,0.275,0.16999999999999998,0
vdsf.csv,0.855,0.44,0.83,1
xbrlapi.csv,0.575,0.46499999999999997,0.375,7
