,recall,precision,pf,pci_20,ifa,wins
fityk.csv,0.66,0.5700000000000001,0.35,0.43,99.0,1
k3b.csv,0.73,0.51,0.58,0.43000000000000005,99.0,0
mp-rechnungs-und-kundenverwaltung.csv,0.29000000000000004,0.61,0.115,0.605,98.25,2
thrust.csv,0.15000000000000002,0.625,0.125,0.895,90.5,3
