,recall,precision,pf,wins
agilitybook.csv,0.115,0.105,0.235,1
apolloplayer.csv,0.73,0.16,0.51,2
k3d.csv,0.14500000000000002,0.185,0.10500000000000001,5
kowari.csv,0.435,0.215,0.28,4
redshell.csv,0.365,0.1,0.41000000000000003,0
rtb-team.csv,0.14500000000000002,0.275,0.135,6
xreal.csv,0.26,0.11,0.125,3
