,recall,precision,pf,wins
alpine.csv,0.19,0.5349999999999999,0.12,4
autat.csv,0.245,0.6,0.135,5
critterding.csv,0.5,0.38,0.32,3
fmri-dmt.csv,0.0,0.0,0.0,0
open-data-kit.csv,0.5900000000000001,0.34500000000000003,0.385,2
reactos-mirror.csv,0.885,0.375,0.685,1
