,recall,precision,pf,wins
bacnet.csv,0.555,0.39,0.365,4
gamestone.csv,0.185,0.29500000000000004,0.195,2
gbif-providertoolkit.csv,0.66,0.33999999999999997,0.635,0
heekscad.csv,0.665,0.44499999999999995,0.345,7
igarden.csv,0.525,0.42500000000000004,0.29000000000000004,6
levent.csv,0.135,0.55,0.065,8
owlapi.csv,0.7,0.365,0.5349999999999999,3
pnotepad.csv,0.855,0.355,0.645,1
quark.csv,0.24,0.73,0.04,9
xcsoar.csv,0.585,0.385,0.30000000000000004,5
