,recall,precision,pf,wins
calcubetimer.csv,0.8300000000000001,0.21000000000000002,0.7949999999999999,1
freedom-erp.csv,0.125,0.155,0.185,3
jahshaka.csv,0.495,0.195,0.54,2
jmoney.csv,0.55,0.255,0.45,5
reaper3d.csv,0.36,0.33,0.245,6
sblim.csv,0.905,0.275,0.33999999999999997,7
swtfox.csv,0.585,0.09,0.575,0
tart.csv,0.41000000000000003,0.20500000000000002,0.29500000000000004,4
