,recall,precision,pf,pci_20,ifa,wins
genecys.csv,0.7949999999999999,0.64,0.755,0.44999999999999996,3.5,0
google-caja.csv,0.83,0.835,0.43000000000000005,0.345,0.5,3
itext.csv,0.8500000000000001,0.775,0.6000000000000001,0.335,0.5,2
plee-the-bear.csv,0.525,0.645,0.475,0.455,1.0,1
