,recall,precision,pf,wins
amanda.csv,0.5,0.5,0.38,2
empyrean.csv,0.545,0.425,0.46499999999999997,1
impala.csv,0.47000000000000003,0.44,0.5700000000000001,0
multitude.csv,0.675,0.5900000000000001,0.41500000000000004,3
nutz.csv,0.2,0.655,0.12,5
pi-qmc.csv,0.45999999999999996,0.62,0.265,4
