,recall,precision,pf,wins
dspace-gsoc.csv,0.35,0.43,0.16,3
electric-core.csv,0.435,0.555,0.20500000000000002,8
jahshakafx.csv,0.31,0.475,0.15000000000000002,4
jython.csv,0.755,0.39,0.675,0
kftpgrabber.csv,0.43,0.605,0.15,9
mvnforum.csv,0.25,0.405,0.195,2
openmalaria.csv,0.785,0.495,0.45499999999999996,5
plplot.csv,0.8200000000000001,0.43,0.7749999999999999,1
popeye-chess.csv,0.64,0.49,0.275,6
zxing.csv,0.5,0.52,0.22999999999999998,7
