,recall,precision,pf,wins
emftriple.csv,0.5700000000000001,0.39,0.2,0
gpsmid.csv,0.89,0.45999999999999996,0.5599999999999999,1
