,recall,precision,pf,wins
acegisecurity.csv,0.36,0.48,0.27,8
gdis.csv,0.6699999999999999,0.38,0.475,5
kml.csv,0.645,0.43,0.45,7
ppcboot.csv,0.62,0.435,0.38,9
repositorium.csv,0.375,0.425,0.385,3
rsyslog.csv,0.395,0.45499999999999996,0.13,11
simplewebservices.csv,0.665,0.43999999999999995,0.545,4
ultimairis.csv,0.76,0.405,0.6699999999999999,1
wow-qrsk.csv,0.215,0.33999999999999997,0.155,6
wxstudio.csv,0.255,0.295,0.275,2
xbg.csv,0.14,0.535,0.07,10
xqilla.csv,0.0,0.0,0.0,0
