,f1,g,recall,precision,pf,cdom,bellwether
1,0.48,0.44,0.355,0.39,0.5,6.0,chaperon.csv
9,0.545,0.095,0.10500000000000001,0.32,0.435,1.0,emftriple.csv
12,0.6950000000000001,0.29,0.29,0.38,0.495,9.0,lmms.csv
26,0.33,0.43,0.3,0.435,0.5,4.0,jython.csv
32,0.5,0.3,0.26,0.37,0.475,17.0,tolven.csv
51,0.61,0.4,0.35,0.39,0.48,16.0,oscarmcmaster.csv
23,0.43000000000000005,0.765,0.595,0.595,0.6699999999999999,1.0,javagroups.csv
24,0.61,0.575,0.47,0.52,0.61,4.0,codesmith.csv
25,0.74,0.665,0.59,0.59,0.59,0.0,xmemcached.csv
