,recall,precision,pf,wins
cortex-vfx.csv,0.375,0.595,0.29500000000000004,9
empserver.csv,0.665,0.56,0.45999999999999996,8
enlightenment.csv,0.6100000000000001,0.505,0.475,7
ffigo.csv,0.72,0.505,0.58,6
ildjit.csv,0.075,0.325,0.07,3
jfreereport.csv,0.41500000000000004,0.525,0.47,4
mplayer-ce.csv,0.74,0.5449999999999999,0.785,2
psycle.csv,0.73,0.485,0.61,5
wikipediardware.csv,0.815,0.47,0.83,1
wxjs.csv,0.0,0.0,0.0,0
