,recall,precision,pf,wins
genoviz.csv,0.0,0.0,0.0,0
irrlicht.csv,0.905,0.405,0.6950000000000001,1
qedo.csv,0.03,0.375,0.04,3
qse.csv,0.7050000000000001,0.65,0.44,5
toped.csv,0.635,0.415,0.515,2
truevision.csv,0.785,0.675,0.6,4
