,recall,precision,pf,wins
dvt.csv,0.485,0.42,0.49,2
fulguro.csv,0.07,0.65,0.035,9
fw4spl.csv,0.2,0.43499999999999994,0.18,5
google-web-toolkit.csv,0.42,0.435,0.29000000000000004,7
jstock.csv,0.22499999999999998,0.55,0.11000000000000001,8
ldview.csv,0.2,0.38,0.175,3
nuttx.csv,0.8200000000000001,0.345,0.785,0
utgb.csv,0.355,0.39,0.27,4
vdsf.csv,0.935,0.43,0.975,1
xbrlapi.csv,0.185,0.45999999999999996,0.19,6
