,recall,precision,pf,pci_20,ifa,wins
bacula.csv,0.7250000000000001,0.655,0.51,0.415,2.0,0
jajuk.csv,0.8300000000000001,0.75,0.44499999999999995,0.345,1.5,1
