,recall,precision,pf,wins
awemud.csv,0.5700000000000001,0.425,0.39,9
customwars.csv,0.36,0.4,0.33999999999999997,4
firebreath.csv,0.73,0.38,0.61,1
gss.csv,0.64,0.395,0.42,8
irplus.csv,0.42,0.395,0.305,7
kwave.csv,0.385,0.375,0.28,6
liferea.csv,0.32,0.54,0.15000000000000002,11
plearn.csv,0.575,0.345,0.595,0
psrchive.csv,0.09,0.74,0.02,13
qcad2.csv,0.4,0.405,0.325,5
tzod.csv,0.525,0.5,0.335,10
wxcode.csv,0.125,0.655,0.035,12
xinity.csv,0.405,0.325,0.315,2
xmoto.csv,0.62,0.37,0.475,3
