,recall,precision,pf,pci_20,ifa,wins
agilitybook.csv,0.17,0.16999999999999998,0.26,0.86,423.0,0
apolloplayer.csv,0.5650000000000001,0.315,0.41500000000000004,0.515,356.75,2
k3d.csv,0.24000000000000002,0.305,0.16499999999999998,0.765,380.5,5
redshell.csv,0.46,0.195,0.48,0.615,238.5,1
rtb-team.csv,0.19,0.42000000000000004,0.135,0.845,97.75,6
xreal.csv,0.195,0.11,0.125,0.885,403.25,4
xstore.csv,0.44,0.20500000000000002,0.315,0.5700000000000001,255.5,3
