,recall,precision,pf,pci_20,ifa,wins
arianne.csv,0.8400000000000001,0.58,0.905,0.425,0.5,1
jlinalg.csv,0.645,0.43,0.515,0.495,1.0,2
knowledge.csv,0.755,0.515,0.31,0.44999999999999996,0.5,4
massiv.csv,0.055,0.33999999999999997,0.0,0.43,2.5,0
playerstage.csv,0.645,0.6299999999999999,0.27,0.48,0.0,5
ultimairis.csv,0.7150000000000001,0.5800000000000001,0.32999999999999996,0.4,0.5,3
