,f1,g,recall,precision,pf,wins
arianne.csv,0.6499999999999999,0.315,0.8400000000000001,0.58,0.905,1
jlinalg.csv,0.49,0.51,0.645,0.43,0.515,2
knowledge.csv,0.565,0.595,0.755,0.515,0.31,3
massiv.csv,0.095,0.065,0.055,0.33999999999999997,0.0,0
playerstage.csv,0.595,0.5800000000000001,0.645,0.6299999999999999,0.27,4
ultimairis.csv,0.62,0.68,0.7150000000000001,0.5800000000000001,0.32999999999999996,5
