,f1,g,recall,precision,pf,wins
adonthell.csv,0.635,0.55,0.66,0.635,0.54,4
decidr.csv,0.6950000000000001,0.615,0.775,0.58,0.71,5
exist.csv,0.6699999999999999,0.46499999999999997,0.8400000000000001,0.5549999999999999,0.8200000000000001,2
ivatamasks.csv,0.67,0.66,0.78,0.665,0.53,6
libopenmetaverse.csv,0.63,0.045,0.705,0.56,0.89,0
mule.csv,0.365,0.28500000000000003,0.39,0.7,0.275,1
runuomondains.csv,0.51,0.44999999999999996,0.41500000000000004,0.655,0.23,3
