,recall,precision,pf,wins
alembik.csv,0.22,0.72,0.14,9
arsenal-1.csv,0.25,0.45499999999999996,0.14500000000000002,4
barracudamvc.csv,0.92,0.44999999999999996,0.9099999999999999,1
irplus.csv,0.425,0.57,0.39,5
lite.csv,0.195,0.6599999999999999,0.185,8
mumble.csv,0.345,0.5800000000000001,0.2,7
ontopia.csv,0.875,0.415,0.835,0
openintents.csv,0.5,0.605,0.43,6
ta3d.csv,0.785,0.45499999999999996,0.765,2
tweetsharp.csv,0.785,0.5,0.695,3
