,recall,precision,pf,pci_20,ifa,wins
dataobjectsdotnet.csv,0.475,0.5449999999999999,0.24,0.73,179.75,2
img-browse-sort.csv,0.6599999999999999,0.53,0.45000000000000007,0.525,99.0,1
pcsx2.csv,0.75,0.56,0.49,0.445,99.0,3
xstore.csv,0.7,0.58,0.525,0.405,192.25,0
