,recall,precision,pf,wins
boost.csv,0.72,0.535,0.42,2
etics.csv,0.53,0.6399999999999999,0.195,7
genecys.csv,0.765,0.375,0.775,0
kftpgrabber.csv,0.26,0.65,0.125,4
kvs.csv,0.385,0.51,0.255,1
mcore3d.csv,0.71,0.575,0.355,6
ogrehg.csv,0.685,0.55,0.31,5
projecteqemu.csv,0.52,0.5900000000000001,0.26,3
