,recall,precision,pf,wins
adobe-source.csv,0.105,0.585,0.055,9
ibatisdb.csv,0.165,0.225,0.11,3
jmol.csv,0.77,0.26,0.52,4
liferea.csv,0.49,0.26,0.315,6
log4net.csv,0.0,0.0,0.0,1
pclasses.csv,0.005,0.135,0.0,2
psrchive.csv,0.115,0.28,0.09,7
re2c.csv,0.52,0.265,0.36,5
tycho.csv,0.6000000000000001,0.28500000000000003,0.3,8
xfce.csv,0.75,0.235,0.73,0
