,f1,g,recall,precision,pf,wins
glelite.csv,0.935,0.735,0.955,0.915,0.415,1
jmol.csv,0.8,0.6799999999999999,0.7,0.9299999999999999,0.38,0
