,recall,precision,pf,pci_20,ifa,wins
forester-atv.csv,0.20500000000000002,0.6000000000000001,0.215,0.75,1.0,7
geotools.csv,0.6950000000000001,0.52,0.4,0.43,1.5,4
google-collections.csv,1.0,0.5249999999999999,1.0,0.355,2.5,0
l2j.csv,0.61,0.54,0.41000000000000003,0.445,2.0,2
mediate.csv,0.425,0.6000000000000001,0.405,0.5,2.5,5
projectfactory.csv,0.5449999999999999,0.565,0.295,0.5,0.0,6
st-filteredstatistics.csv,0.825,0.515,0.73,0.38,2.5,1
thedata.csv,0.8300000000000001,0.535,0.765,0.45999999999999996,1.5,3
