,recall,precision,pf,pci_20,ifa,wins
poormans.csv,0.47,0.305,0.33999999999999997,0.495,0.0,1
tradelink.csv,0.515,0.24,0.42500000000000004,0.6799999999999999,15.5,0
