,f1,g,recall,precision,pf,wins
poormans.csv,0.36,0.5,0.47,0.305,0.33999999999999997,1
tradelink.csv,0.32499999999999996,0.52,0.515,0.24,0.42500000000000004,0
