,recall,precision,pf,wins
arsenal-1.csv,0.37,0.4,0.28500000000000003,6
aztec.csv,0.595,0.405,0.65,4
jbpm.csv,0.045,0.45999999999999996,0.034999999999999996,7
mediate.csv,0.195,0.35,0.165,5
mycila.csv,0.055,0.265,0.09,1
neodatis-odb.csv,0.505,0.32,0.44999999999999996,2
nsis.csv,0.905,0.345,0.835,0
rodin-b-sharp.csv,0.33,0.235,0.115,3
