,recall,precision,pf,pci_20,ifa,wins
foursquared.csv,0.04,0.31,0.02,0.25,23.25,1
repositorium.csv,0.295,0.29500000000000004,0.245,0.6499999999999999,287.25,0
simplewebservices.csv,0.71,0.31999999999999995,0.385,0.485,147.5,3
xbg.csv,0.265,0.31,0.21,0.56,98.25,2
