,recall,precision,pf,wins
boost.csv,0.66,0.365,0.625,1
ffigo.csv,0.345,0.295,0.33499999999999996,2
ildjit.csv,0.034999999999999996,0.355,0.025,5
proftp.csv,0.24000000000000002,0.47,0.195,6
skia.csv,0.315,0.6000000000000001,0.14,8
tencompetence.csv,0.185,0.385,0.15500000000000003,4
theresa.csv,0.02,0.5,0.005,7
wxjs.csv,0.0,0.0,0.0,0
xstore.csv,0.51,0.38,0.42000000000000004,3
