,recall,precision,pf,pci_20,ifa,wins
doomlegacy.csv,0.78,0.5900000000000001,0.505,0.45499999999999996,198.0,0
neoengine.csv,0.725,0.6299999999999999,0.5800000000000001,0.44999999999999996,99.0,1
omseek.csv,0.31,0.78,0.09,0.75,99.0,3
pcsx2.csv,0.65,0.74,0.255,0.58,98.75,2
