,recall,precision,pf,pci_20,ifa,wins
e-bio-flow.csv,0.42000000000000004,0.45999999999999996,0.195,0.6000000000000001,97.5,4
exl.csv,0.64,0.30000000000000004,0.475,0.46499999999999997,292.25,0
opennms.csv,0.295,0.41000000000000003,0.29000000000000004,0.63,145.5,2
phet.csv,0.295,0.425,0.32,0.86,293.0,1
runuomondains.csv,0.51,0.43500000000000005,0.33999999999999997,0.625,98.5,3
