,recall,precision,pf,pci_20,ifa,wins
agilitybook.csv,0.17,0.18,0.25,0.855,682.75,2
apolloplayer.csv,0.7,0.16499999999999998,0.48,0.46499999999999997,633.0,0
k3d.csv,0.17,0.18000000000000002,0.14,0.8049999999999999,335.25,5
kowari.csv,0.6,0.20500000000000002,0.3,0.605,330.0,4
redshell.csv,0.31,0.08499999999999999,0.375,0.72,506.25,1
rtb-team.csv,0.16,0.29,0.13,0.88,125.5,6
xreal.csv,0.26,0.11,0.125,0.84,513.5,3
