,recall,precision,pf,pci_20,ifa,wins
bwapi.csv,0.955,0.5800000000000001,0.935,0.42000000000000004,0.0,1
cities3d.csv,0.17500000000000002,0.6799999999999999,0.125,0.655,0.5,4
img-browse-sort.csv,0.64,0.69,0.245,0.51,0.5,3
levent.csv,0.78,0.69,0.62,0.45499999999999996,0.0,7
pnotepad.csv,0.85,0.665,0.5700000000000001,0.42,0.0,5
selenium.csv,0.6000000000000001,0.675,0.325,0.425,0.0,6
somap.csv,0.915,0.6000000000000001,0.7949999999999999,0.405,0.5,0
xemeiah.csv,0.725,0.6699999999999999,0.51,0.455,0.5,2
