,f1,g,recall,precision,pf,wins
emftriple.csv,0.4,0.59,0.59,0.41000000000000003,0.215,0
gpsmid.csv,0.47000000000000003,0.68,0.72,0.44999999999999996,0.415,1
