,recall,precision,pf,wins
genecys.csv,0.9199999999999999,0.635,0.855,0
google-caja.csv,0.765,0.77,0.43000000000000005,2
itext.csv,0.6799999999999999,0.855,0.385,3
plee-the-bear.csv,0.54,0.755,0.465,1
