,recall,precision,pf,wins
bloodycore.csv,0.07,0.5650000000000001,0.035,7
flylegacy.csv,0.725,0.43,0.5900000000000001,2
jguard.csv,0.58,0.48,0.355,6
m-a-d-n-e-s-s.csv,0.36,0.63,0.22499999999999998,9
mob-sen-plat.csv,0.42,0.42000000000000004,0.36,3
raygina.csv,0.4,0.53,0.355,5
st-filteredstatistics.csv,0.67,0.425,0.56,1
upp-mirror.csv,0.38,0.5800000000000001,0.195,8
wishmaster.csv,0.06,0.215,0.05,0
yarp.csv,0.25,0.41500000000000004,0.2,4
