Projects,Bellwether0,BUBBLE,,
45,59,22,3,0.016388889
90,227,51,4,0.063055556
180,880,105,8,0.244444444
360,4370,215,20,1.213888889
627,10648,362,29,2.957777778