,recall,precision,pf,wins
agilitybook.csv,0.39,0.17,0.2,3
apolloplayer.csv,0.21500000000000002,0.09,0.21000000000000002,0
k3d.csv,0.065,0.33999999999999997,0.06,6
redshell.csv,1.0,0.195,0.97,1
rtb-team.csv,0.45999999999999996,0.25,0.25,4
xreal.csv,0.03,0.29000000000000004,0.01,5
xstore.csv,0.45999999999999996,0.21500000000000002,0.38,2
