,recall,precision,pf,pci_20,ifa,wins
fmri-dmt.csv,0.755,0.395,0.685,0.6000000000000001,193.0,4
google-web-toolkit.csv,0.5800000000000001,0.385,0.35,0.5249999999999999,377.5,1
open-data-kit.csv,0.8049999999999999,0.345,0.73,0.47,239.25,0
qtractor.csv,0.605,0.365,0.4,0.475,144.5,2
quarkplayer.csv,0.37,0.36500000000000005,0.28,0.81,240.0,3
zoolib.csv,0.44999999999999996,0.425,0.21,0.645,98.75,5
