,recall,precision,pf,wins
geotools.csv,0.76,0.53,0.515,1
l2j.csv,0.46499999999999997,0.54,0.33499999999999996,3
mule.csv,0.285,0.53,0.22499999999999998,2
springside.csv,0.71,0.5900000000000001,0.435,5
swtfox.csv,0.48,0.42500000000000004,0.635,0
twostep.csv,0.75,0.575,0.485,4
