,recall,precision,pf,wins
boost.csv,0.835,0.41500000000000004,0.745,1
etics.csv,0.565,0.57,0.16499999999999998,5
genecys.csv,0.875,0.405,0.765,0
kftpgrabber.csv,0.385,0.57,0.16,4
kvs.csv,0.26,0.5700000000000001,0.2,3
mcore3d.csv,0.645,0.41500000000000004,0.48,2
ogrehg.csv,0.57,0.6,0.175,6
projecteqemu.csv,0.29000000000000004,0.7050000000000001,0.1,7
