,recall,precision,pf,wins
amateur-scrolls.csv,0.21,0.745,0.045,8
fritzing.csv,0.45999999999999996,0.665,0.135,9
jlinalg.csv,0.7849999999999999,0.46499999999999997,0.65,2
knowledge.csv,0.98,0.425,0.96,1
massiv.csv,0.0,0.0,0.0,0
multitude.csv,0.69,0.5700000000000001,0.30500000000000005,6
playerstage.csv,0.44499999999999995,0.63,0.155,7
quarkplusplus.csv,0.43000000000000005,0.595,0.235,4
rtrt-on-gpu.csv,0.315,0.43999999999999995,0.275,3
superwaba.csv,0.66,0.615,0.335,5
