,recall,precision,pf,pci_20,ifa,wins
calcubetimer.csv,0.8300000000000001,0.21000000000000002,0.7949999999999999,0.39,726.0,1
freedom-erp.csv,0.125,0.155,0.185,0.665,246.25,4
jahshaka.csv,0.495,0.195,0.54,0.53,373.25,3
jmoney.csv,0.55,0.255,0.45,0.39,506.25,2
reaper3d.csv,0.36,0.33,0.245,0.545,328.5,6
sblim.csv,0.905,0.275,0.33999999999999997,0.52,238.75,7
swtfox.csv,0.585,0.09,0.575,0.63,1315.75,0
tart.csv,0.41000000000000003,0.20500000000000002,0.29500000000000004,0.5700000000000001,157.0,5
