,recall,precision,pf,wins
fityk.csv,0.49,0.27,0.315,1
hibernate.csv,0.51,0.485,0.21500000000000002,2
lamp.csv,0.125,0.835,0.01,3
thout.csv,0.435,0.44499999999999995,0.42500000000000004,0
