,recall,precision,pf,wins
azureus.csv,0.55,0.5900000000000001,0.20500000000000002,0
matrex.csv,0.705,0.63,0.21999999999999997,1
