,recall,precision,pf,wins
emftriple.csv,0.5700000000000001,0.41000000000000003,0.185,0
gpsmid.csv,0.72,0.42000000000000004,0.53,1
