,recall,precision,pf,pci_20,ifa,wins
arcallians.csv,0.72,0.6100000000000001,0.32999999999999996,0.5700000000000001,0.5,4
aztec.csv,0.775,0.505,0.215,0.6,2.0,2
mplayer-ce.csv,0.78,0.52,0.74,0.46499999999999997,0.0,1
qmmp.csv,0.75,0.485,0.635,0.445,0.0,0
synergyspace.csv,0.31,0.635,0.10500000000000001,0.84,0.0,5
xtreemfs.csv,0.87,0.505,0.42000000000000004,0.525,0.5,3
