,recall,precision,pf,wins
adobe-source.csv,0.21999999999999997,0.62,0.095,9
ibatisdb.csv,0.16,0.21000000000000002,0.165,4
jmol.csv,0.55,0.24,0.38,3
liferea.csv,0.25,0.355,0.15500000000000003,7
log4net.csv,0.0,0.0,0.0,1
pclasses.csv,0.27,0.20500000000000002,0.225,2
psrchive.csv,0.07,0.5,0.03,8
re2c.csv,0.25,0.305,0.21000000000000002,5
tycho.csv,0.31,0.27,0.155,6
xfce.csv,0.705,0.29,0.53,0
