,recall,precision,pf,wins
bacnet.csv,0.515,0.44000000000000006,0.295,7
gamestone.csv,0.13,0.26,0.195,2
gbif-providertoolkit.csv,0.57,0.35,0.51,0
heekscad.csv,0.755,0.375,0.445,4
igarden.csv,0.375,0.41500000000000004,0.235,6
levent.csv,0.39,0.5700000000000001,0.275,8
owlapi.csv,0.635,0.365,0.54,1
pnotepad.csv,0.87,0.36,0.62,3
quark.csv,0.265,0.74,0.06,9
xcsoar.csv,0.54,0.395,0.305,5
