,f1,g,recall,precision,pf,wins
azureus.csv,0.65,0.645,0.78,0.5549999999999999,0.465,0
matrex.csv,0.655,0.72,0.705,0.63,0.22499999999999998,1
