,recall,precision,pf,pci_20,ifa,wins
bloodycore.csv,0.40499999999999997,0.38,0.2,0.8400000000000001,4.5,1
raygina.csv,0.615,0.34500000000000003,0.45999999999999996,0.445,0.0,0
