,f1,g,recall,precision,pf,wins
bloodycore.csv,0.355,0.44,0.40499999999999997,0.38,0.2,0
raygina.csv,0.42000000000000004,0.6,0.615,0.34500000000000003,0.45999999999999996,1
