,recall,precision,pf,wins
autoopencas.csv,0.17,0.325,0.24,0
pcgen.csv,0.31,0.49,0.185,1
selenium.csv,0.73,0.5650000000000001,0.255,2
tolven.csv,0.245,0.5900000000000001,0.135,3
