,recall,precision,pf,pci_20,ifa,wins
genoviz.csv,0.12,0.8400000000000001,0.034999999999999996,0.8300000000000001,0.0,5
irrlicht.csv,1.0,0.39,1.0,0.405,0.5,1
qedo.csv,0.095,0.235,0.195,0.865,2.0,3
qse.csv,0.69,0.61,0.46499999999999997,0.485,1.5,4
toped.csv,0.75,0.375,0.6699999999999999,0.53,0.5,2
truevision.csv,0.355,0.32,0.38,0.47,9.0,0
