,recall,precision,pf,pci_20,ifa,wins
arsenal-1.csv,0.085,0.14,0.195,0.64,235.75,0
aztec.csv,0.32999999999999996,0.29,0.34,0.54,97.0,5
jbpm.csv,0.065,0.32,0.07500000000000001,0.45999999999999996,95.5,4
mediate.csv,0.495,0.325,0.445,0.61,187.5,2
mycila.csv,0.495,0.42000000000000004,0.5349999999999999,0.5700000000000001,146.25,6
neodatis-odb.csv,0.24000000000000002,0.44500000000000006,0.185,0.765,99.0,7
nsis.csv,0.73,0.41000000000000003,0.6000000000000001,0.565,186.25,3
rodin-b-sharp.csv,0.09999999999999999,0.115,0.06999999999999999,0.56,145.5,1
