,recall,precision,pf,wins
maidsafe-dht.csv,0.245,0.54,0.065,2
n2cms.csv,0.6599999999999999,0.33499999999999996,0.38,0
nassp.csv,0.3,0.55,0.07500000000000001,3
nug.csv,0.47,0.39,0.16,1
