,recall,precision,pf,pci_20,ifa,wins
fontforge.csv,0.775,0.75,0.605,0.41500000000000004,148.5,3
freelords.csv,0.6950000000000001,0.625,0.55,0.45999999999999996,190.75,1
jfreereport.csv,0.305,0.595,0.165,0.72,163.75,2
super-tux.csv,0.7050000000000001,0.61,0.33,0.45499999999999996,456.75,0
