,recall,precision,pf,pci_20,ifa,wins
bacula.csv,0.6699999999999999,0.41000000000000003,0.475,0.42,6.0,0
jajuk.csv,0.8200000000000001,0.515,0.585,0.355,1.5,2
vapor.csv,0.8049999999999999,0.415,0.7150000000000001,0.475,6.5,1
zorannt.csv,0.64,0.525,0.365,0.45499999999999996,3.0,3
