,f1,g,recall,precision,pf,wins
bacula.csv,0.51,0.645,0.6699999999999999,0.41000000000000003,0.475,1
jajuk.csv,0.61,0.6950000000000001,0.8200000000000001,0.515,0.585,3
vapor.csv,0.505,0.52,0.8049999999999999,0.415,0.7150000000000001,0
zorannt.csv,0.5650000000000001,0.65,0.64,0.525,0.365,2
