,recall,precision,pf,wins
azureus.csv,0.705,0.78,0.15,1
matrex.csv,0.84,0.6699999999999999,0.22999999999999998,0
