,recall,precision,pf,pci_20,ifa,wins
alembik.csv,0.16999999999999998,0.64,0.105,0.755,87.0,5
arsenal-1.csv,0.305,0.41500000000000004,0.175,0.67,98.5,4
barracudamvc.csv,0.865,0.41500000000000004,0.865,0.39,98.5,0
mevenide.csv,0.27,0.46,0.215,0.595,98.75,3
mumble.csv,0.5449999999999999,0.39,0.355,0.475,98.0,2
openintents.csv,0.645,0.44499999999999995,0.6799999999999999,0.44999999999999996,98.75,1
