,recall,precision,pf,pci_20,ifa,wins
autoopencas.csv,0.385,0.36,0.54,0.7050000000000001,315.0,0
columba.csv,0.56,0.62,0.255,0.47,194.25,3
decidr.csv,0.825,0.44999999999999996,0.655,0.4,197.75,2
jajuk.csv,0.885,0.43000000000000005,0.81,0.36,198.0,1
