,recall,precision,pf,wins
bacnet.csv,0.54,0.46499999999999997,0.275,6
gamestone.csv,0.32,0.5700000000000001,0.14,7
gbif-providertoolkit.csv,0.08,0.48000000000000004,0.06,4
heekscad.csv,0.675,0.39,0.41500000000000004,2
igarden.csv,0.12,0.855,0.025,9
levent.csv,0.675,0.385,0.47,1
owlapi.csv,0.21000000000000002,0.515,0.16,5
pnotepad.csv,0.915,0.33499999999999996,0.72,0
quark.csv,0.1,0.625,0.02,8
xcsoar.csv,0.54,0.385,0.31,3
