,recall,precision,pf,pci_20,ifa,wins
iaml.csv,0.32,0.48,0.255,0.71,145.75,2
jrdf.csv,0.455,0.52,0.265,0.595,99.0,3
mpqc.csv,0.345,0.35,0.21500000000000002,0.8200000000000001,178.5,1
tigermud.csv,0.8500000000000001,0.33999999999999997,0.7,0.5,98.75,0
