,f1,g,recall,precision,pf,wins
fm-classic.csv,0.26,0.265,0.22999999999999998,0.28,0.12,3
foursquared.csv,0.075,0.065,0.055,0.125,0.125,1
ifmo-game-1.csv,0.05,0.1,0.085,0.03,0.17,0
micomt.csv,0.165,0.45999999999999996,0.7749999999999999,0.095,0.8400000000000001,2
voms.csv,0.385,0.585,0.8200000000000001,0.295,0.32,4
