,f1,g,recall,precision,pf,cdom,bellwether
1,0.25,0.335,0.22,0.355,0.5,8.0,jam-daq.csv
12,0.65,0.395,0.305,0.305,0.5549999999999999,1.0,amanda.csv
15,0.81,0.35,0.34,0.4,0.48,12.0,mobicents.csv
29,0.78,0.44999999999999996,0.35,0.375,0.47,19.0,jguard.csv
50,0.6,0.5,0.33,0.44,0.5,4.0,silvertree.csv
56,0.55,0.65,0.325,0.52,0.575,2.0,modellus.csv
60,0.68,0.685,0.46,0.415,0.46,8.0,rodin-b-sharp.csv
11,0.86,0.485,0.27,0.395,0.52,0.0,atunes.csv
