,recall,precision,pf,wins
chipster.csv,0.51,0.405,0.32999999999999996,2
fontforge.csv,0.615,0.425,0.375,3
hatari.csv,0.7250000000000001,0.45999999999999996,0.44,6
jcl.csv,0.055,0.525,0.02,8
ltp.csv,0.17,0.41000000000000003,0.08,5
net-snmp.csv,0.485,0.4,0.32,1
opde.csv,0.64,0.45999999999999996,0.47,4
powerfolder-.csv,0.28500000000000003,0.425,0.125,7
quantlib.csv,0.645,0.435,0.515,0
