,f1,g,recall,precision,pf,cdom,bellwether
1,0.74,0.53,0.435,0.375,0.5,7.0,mclient-mume.csv
10,0.735,0.575,0.385,0.46499999999999997,0.48,1.0,atunes.csv
13,0.625,0.425,0.37,0.445,0.54,9.0,voms.csv
27,0.5,0.49,0.31,0.365,0.47,4.0,h2database.csv
33,0.515,0.36,0.295,0.32,0.43,17.0,cornerstone.csv
52,0.05,0.33999999999999997,0.225,0.25,0.37,13.0,mvdsv.csv
24,0.725,0.585,0.585,0.475,0.585,1.0,javagroups.csv
25,0.7,0.525,0.44,0.425,0.46,2.0,esmf.csv
26,0.7,0.625,0.55,0.5700000000000001,0.59,0.0,xmemcached.csv
