,recall,precision,pf,wins
atomsite.csv,0.585,0.495,0.33499999999999996,6
betoffice.csv,0.755,0.41500000000000004,0.835,0
bnetd.csv,0.905,0.44,0.905,2
graphmak.csv,0.625,0.5,0.48,4
hazelcast.csv,0.6950000000000001,0.5,0.49,5
megasquirtavr.csv,0.685,0.48,0.825,1
pdfedit.csv,0.605,0.46499999999999997,0.4,3
stajistics.csv,0.785,0.5,0.51,9
twostep.csv,0.78,0.5,0.56,7
xharbour.csv,0.6799999999999999,0.51,0.475,8
