,recall,precision,pf,wins
codeblocks.csv,0.6950000000000001,0.365,0.6699999999999999,1
extprosys.csv,0.685,0.37,0.655,2
fluidium.csv,0.41500000000000004,0.295,0.41500000000000004,0
haphazard.csv,0.33999999999999997,0.395,0.20500000000000002,4
qcad2.csv,0.47,0.41500000000000004,0.43000000000000005,3
silvertree.csv,0.275,0.43,0.195,5
