,recall,precision,pf,wins
aubit4gl.csv,0.32499999999999996,0.19,0.475,0
bibedt.csv,0.435,0.46499999999999997,0.245,7
customwars.csv,0.29000000000000004,0.375,0.32,3
impala.csv,0.245,0.31,0.345,2
massiv.csv,0.0,0.0,0.0,1
playerstage.csv,0.485,0.485,0.32499999999999996,6
quarkplusplus.csv,0.51,0.32,0.23500000000000001,5
xinity.csv,0.42500000000000004,0.305,0.345,4
