,recall,precision,pf,wins
bionote.csv,0.30500000000000005,0.6799999999999999,0.195,11
echongl.csv,0.64,0.5900000000000001,0.6,3
hazelcast.csv,0.74,0.6,0.65,5
japano.csv,0.64,0.5700000000000001,0.855,0
jmol.csv,0.86,0.63,0.865,2
mobicents.csv,0.6100000000000001,0.65,0.48,8
nunit.csv,0.425,0.55,0.315,6
openefm.csv,0.395,0.605,0.3,7
snakeyaml.csv,0.33999999999999997,0.62,0.16999999999999998,9
trackit.csv,0.185,0.47,0.235,1
unicase.csv,0.765,0.6,0.675,4
wheat.csv,0.51,0.715,0.45,10
