,recall,precision,pf,pci_20,ifa,wins
bwapi.csv,0.9299999999999999,0.5800000000000001,0.9199999999999999,0.42500000000000004,0.0,2
cities3d.csv,0.21999999999999997,0.74,0.125,0.7,0.5,7
img-browse-sort.csv,0.73,0.645,0.565,0.47,0.5,3
levent.csv,0.7,0.7050000000000001,0.465,0.485,0.0,6
pnotepad.csv,0.85,0.6599999999999999,0.5900000000000001,0.41000000000000003,0.0,4
selenium.csv,0.575,0.675,0.325,0.41000000000000003,0.0,5
somap.csv,0.935,0.6000000000000001,0.845,0.4,0.5,1
xemeiah.csv,0.69,0.615,0.525,0.45499999999999996,1.5,0
