,f1,g,recall,precision,pf,wins
calcubetimer.csv,0.35,0.385,0.445,0.28,0.215,1
chaperon.csv,0.395,0.385,0.37,0.41500000000000004,0.35,0
mule.csv,0.395,0.47,0.465,0.345,0.32499999999999996,3
nunit.csv,0.515,0.45499999999999996,0.41000000000000003,0.445,0.33499999999999996,4
springside.csv,0.565,0.645,0.75,0.455,0.42500000000000004,5
swtfox.csv,0.44,0.48,0.635,0.44999999999999996,0.66,2
