,recall,precision,pf,wins
echongl.csv,0.305,0.645,0.315,6
ivatamasks.csv,0.79,0.665,0.745,5
orc.csv,0.335,0.62,0.44,2
plato.csv,0.745,0.6799999999999999,0.7649999999999999,4
proftp.csv,0.37,0.7949999999999999,0.21000000000000002,9
tycho.csv,0.42000000000000004,0.6950000000000001,0.355,8
uclmda.csv,0.05,0.51,0.125,0
umber.csv,0.17,0.8200000000000001,0.08,10
unicase.csv,0.735,0.655,0.535,7
vienna-add-in.csv,0.975,0.6950000000000001,0.9650000000000001,3
wpdev.csv,1.0,0.675,1.0,1
