,recall,precision,pf,pci_20,ifa,wins
dataobjectsdotnet.csv,0.39999999999999997,0.55,0.33,0.675,222.0,1
img-browse-sort.csv,0.48,0.635,0.2,0.475,95.0,3
pcsx2.csv,0.755,0.55,0.505,0.45999999999999996,99.0,2
xstore.csv,0.695,0.54,0.525,0.41000000000000003,241.5,0
