,recall,precision,pf,pci_20,ifa,wins
agilitybook.csv,0.275,0.165,0.225,0.7949999999999999,372.0,4
apolloplayer.csv,0.64,0.21500000000000002,0.525,0.485,187.75,3
k3d.csv,0.14,0.24,0.08,0.66,126.75,5
keyczar.csv,0.045,0.03,0.13,0.235,93.0,0
kowari.csv,0.575,0.235,0.47,0.56,577.5,1
redshell.csv,0.33999999999999997,0.125,0.42000000000000004,0.6950000000000001,147.0,2
rtb-team.csv,0.10500000000000001,0.41500000000000004,0.10500000000000001,0.855,97.75,6
