,recall,precision,pf,wins
arcallians.csv,0.6000000000000001,0.7,0.41000000000000003,2
jlinalg.csv,0.79,0.625,0.45000000000000007,1
qmmp.csv,0.685,0.7749999999999999,0.27,3
yale.csv,0.54,0.725,0.425,0
