,recall,precision,pf,pci_20,ifa,wins
acegisecurity.csv,0.71,0.435,0.49,0.48,3.0,3
emite.csv,0.43500000000000005,0.325,0.27,0.77,5.0,2
irrlicht.csv,1.0,0.315,1.0,0.38,5.0,0
migen.csv,0.525,0.515,0.25,0.595,1.5,7
motu.csv,0.8,0.425,0.645,0.475,2.5,4
openxava.csv,0.39,0.37,0.30500000000000005,0.44499999999999995,2.5,1
truevision.csv,0.635,0.46,0.32,0.47,1.5,6
zoolib.csv,0.515,0.43000000000000005,0.25,0.655,4.0,5
