,f1,g,recall,precision,pf,wins
empserver.csv,0.45499999999999996,0.49,0.545,0.64,0.335,5
enlightenment.csv,0.645,0.0,1.0,0.475,1.0,3
ildjit.csv,0.185,0.16999999999999998,0.145,0.54,0.14,1
jfreereport.csv,0.23,0.16999999999999998,0.14,0.5,0.10500000000000001,2
lufa-lib.csv,0.46499999999999997,0.53,0.5700000000000001,0.6,0.45,4
pcsx2.csv,0.5800000000000001,0.565,0.6699999999999999,0.485,0.385,6
psycle.csv,0.615,0.65,0.75,0.515,0.5900000000000001,7
wxjs.csv,0.04,0.030000000000000002,0.025,0.19,0.015,0
