,recall,precision,pf,wins
alembik.csv,0.195,0.665,0.115,8
arsenal-1.csv,0.5,0.575,0.425,3
barracudamvc.csv,0.96,0.45499999999999996,0.98,0
irplus.csv,0.515,0.75,0.27,9
lite.csv,0.14,0.625,0.045,7
mevenide.csv,0.315,0.63,0.24,5
ontopia.csv,0.6799999999999999,0.455,0.605,1
openintents.csv,0.64,0.6200000000000001,0.43,6
ta3d.csv,0.85,0.47,0.735,2
tweetsharp.csv,0.46499999999999997,0.565,0.29,4
