,recall,precision,pf,wins
bigdata.csv,0.89,0.415,0.845,1
e-bio-flow.csv,0.16,0.615,0.14500000000000002,10
freedom-erp.csv,0.11000000000000001,0.615,0.025,11
jbasic.csv,0.31,0.495,0.195,7
jgossipforum.csv,0.0,0.0,0.0,0
joustsim.csv,0.355,0.43,0.15500000000000003,8
jsidplay2.csv,0.95,0.445,0.79,2
madman.csv,0.065,0.525,0.035,9
mule.csv,0.345,0.475,0.21000000000000002,6
nunit.csv,0.235,0.475,0.165,5
power-architect.csv,0.6699999999999999,0.39,0.5549999999999999,3
reaper3d.csv,0.015,0.355,0.02,4
