,f1,g,recall,precision,pf,wins
bacula.csv,0.55,0.655,0.7949999999999999,0.41000000000000003,0.535,2
jajuk.csv,0.615,0.71,0.8300000000000001,0.525,0.53,3
vapor.csv,0.355,0.535,0.6599999999999999,0.44,0.515,0
zorannt.csv,0.5349999999999999,0.605,0.615,0.495,0.46499999999999997,1
