,recall,precision,pf,pci_20,ifa,wins
agilitybook.csv,0.13,0.10500000000000001,0.23,0.895,673.25,1
apolloplayer.csv,0.62,0.11,0.42000000000000004,0.49,474.25,0
k3d.csv,0.265,0.19,0.155,0.635,256.0,5
kowari.csv,0.49,0.185,0.265,0.655,546.75,3
redshell.csv,0.365,0.105,0.4,0.69,318.0,2
rtb-team.csv,0.135,0.255,0.11,0.915,150.75,6
xreal.csv,0.26,0.11,0.13,0.865,513.5,4
