,recall,precision,pf,wins
graphmak.csv,0.135,0.89,0.035,5
jruby.csv,0.265,0.86,0.09,3
pdfedit.csv,0.46,0.865,0.24,4
rectracker.csv,0.845,0.8400000000000001,0.72,2
wxlua.csv,0.955,0.72,0.9299999999999999,0
x4x.csv,0.9550000000000001,0.77,0.87,1
