,recall,precision,pf,pci_20,ifa,wins
agilitybook.csv,0.225,0.155,0.265,0.775,475.75,2
apolloplayer.csv,0.6599999999999999,0.14500000000000002,0.49,0.475,430.5,0
k3d.csv,0.25,0.165,0.16,0.655,331.5,5
kowari.csv,0.45,0.19,0.31,0.66,464.5,3
redshell.csv,0.365,0.1,0.385,0.6950000000000001,318.0,1
rtb-team.csv,0.31,0.31999999999999995,0.195,0.6950000000000001,127.0,6
xreal.csv,0.26,0.11,0.13,0.84,506.25,4
