,recall,precision,pf,wins
alsa.csv,0.605,0.63,0.265,7
arcallians.csv,0.685,0.52,0.355,4
arianne.csv,0.575,0.505,0.51,1
cortex-vfx.csv,0.335,0.58,0.20500000000000002,5
mbse.csv,0.615,0.51,0.615,0
multitude.csv,0.6699999999999999,0.5449999999999999,0.405,3
phonon-vlc-mplayer.csv,0.575,0.54,0.32999999999999996,2
qgis.csv,0.5,0.62,0.22999999999999998,6
