,recall,precision,pf,wins
acegisecurity.csv,0.55,0.385,0.47,3
emite.csv,0.8300000000000001,0.33999999999999997,0.5549999999999999,2
irrlicht.csv,0.875,0.325,0.625,0
migen.csv,0.465,0.36,0.225,4
motu.csv,0.33499999999999996,0.45999999999999996,0.125,6
openxava.csv,0.33999999999999997,0.45499999999999996,0.18,5
truevision.csv,0.8600000000000001,0.36,0.63,1
zoolib.csv,0.10500000000000001,0.635,0.065,7
