,f1,g,recall,precision,pf,wins
maidsafe-dht.csv,0.425,0.53,0.585,0.33999999999999997,0.315,3
n2cms.csv,0.41000000000000003,0.665,0.6950000000000001,0.28,0.51,2
nassp.csv,0.345,0.335,0.29,0.42000000000000004,0.28,0
nug.csv,0.42000000000000004,0.48,0.6699999999999999,0.3,0.40499999999999997,1
