,recall,precision,pf,wins
adobe-source.csv,0.41,0.505,0.165,11
aubit4gl.csv,0.155,0.47,0.07500000000000001,10
liferea.csv,0.405,0.32,0.36,1
moving-pictures.csv,0.495,0.385,0.255,8
olex2.csv,0.57,0.315,0.39,3
opensim4opencog.csv,0.57,0.395,0.32999999999999996,7
plearn.csv,0.5349999999999999,0.33499999999999996,0.23500000000000001,6
psrchive.csv,0.645,0.415,0.35,9
re2c.csv,0.385,0.39,0.46499999999999997,2
rebecca-aiml.csv,0.775,0.35,0.51,4
wxcode.csv,0.4,0.365,0.26,5
xfce.csv,0.7,0.345,0.65,0
