,recall,precision,pf,wins
alpine.csv,0.97,0.42000000000000004,0.995,0
biodwh.csv,0.42,0.51,0.225,7
brlcad.csv,0.45499999999999996,0.45999999999999996,0.31,5
critterding.csv,0.73,0.45499999999999996,0.72,3
jmri.csv,0.5549999999999999,0.32,0.335,2
nabu-library.csv,0.28500000000000003,0.37,0.275,1
popeye-chess.csv,0.41,0.49,0.30500000000000005,6
yarp.csv,0.425,0.46499999999999997,0.31,4
