,recall,precision,pf,wins
abbot.csv,0.815,0.28500000000000003,0.76,1
crisscross.csv,0.195,0.77,0.08,11
gabel.csv,0.005,0.165,0.0,3
jguard.csv,0.61,0.435,0.62,5
jitterbit.csv,0.475,0.475,0.32999999999999996,10
mycila.csv,0.07500000000000001,0.345,0.07500000000000001,8
nova.csv,0.78,0.5,0.75,7
ontomorphtab.csv,0.65,0.345,0.585,4
tmva.csv,0.69,0.33,0.66,2
vienna-add-in.csv,0.8049999999999999,0.355,0.635,6
vrjuggler.csv,0.245,0.31,0.14,9
wpdev.csv,1.0,0.31,1.0,0
