,recall,precision,pf,wins
chaosrts.csv,0.74,0.45999999999999996,0.39,5
lazarus-ccr.csv,0.7250000000000001,0.42,0.65,1
lcfizvtop.csv,0.45,0.42,0.38,2
migen.csv,0.345,0.425,0.2,4
mvnforum.csv,0.375,0.33,0.31,0
plplot.csv,0.67,0.49,0.5800000000000001,3
