,recall,precision,pf,pci_20,ifa,wins
glelite.csv,0.955,0.915,0.415,0.42500000000000004,0.5,0
jmol.csv,0.7,0.9299999999999999,0.38,0.45999999999999996,0.0,1
