,f1,g,recall,precision,pf,wins
arsenal-1.csv,0.095,0.09,0.07500000000000001,0.135,0.16499999999999998,0
aztec.csv,0.26,0.32,0.28,0.295,0.31,3
jbpm.csv,0.05,0.04,0.03,0.24,0.095,1
mediate.csv,0.315,0.45499999999999996,0.44999999999999996,0.305,0.405,5
mycila.csv,0.5700000000000001,0.42000000000000004,0.8049999999999999,0.5,0.605,7
neodatis-odb.csv,0.33499999999999996,0.345,0.305,0.45499999999999996,0.32999999999999996,4
nsis.csv,0.445,0.5,0.75,0.41000000000000003,0.62,6
rodin-b-sharp.csv,0.14500000000000002,0.19,0.165,0.29500000000000004,0.045,2
