,recall,precision,pf,wins
columba.csv,0.735,0.315,0.47,0
emftriple.csv,0.155,0.37,0.2,1
fluent-nhibernate.csv,0.5700000000000001,0.45000000000000007,0.21000000000000002,3
gpsmid.csv,0.635,0.375,0.305,2
