,recall,precision,pf,wins
maidsafe-dht.csv,0.355,0.5449999999999999,0.11499999999999999,3
n2cms.csv,0.41500000000000004,0.32,0.22,1
nassp.csv,0.345,0.5,0.1,2
nug.csv,0.43,0.33,0.26,0
