,recall,precision,pf,wins
bwapi.csv,0.5700000000000001,0.6799999999999999,0.475,2
cities3d.csv,0.835,0.77,0.815,4
img-browse-sort.csv,0.5349999999999999,0.8400000000000001,0.45999999999999996,7
levent.csv,0.6699999999999999,0.6950000000000001,0.515,3
pnotepad.csv,0.93,0.6499999999999999,0.755,1
selenium.csv,0.37,0.74,0.175,6
somap.csv,1.0,0.595,0.995,0
xemeiah.csv,0.45999999999999996,0.74,0.28,5
