,recall,precision,pf,pci_20,ifa,wins
alpine.csv,0.815,0.31,0.81,0.41500000000000004,196.5,0
autat.csv,0.41500000000000004,0.505,0.16999999999999998,0.835,235.75,4
critterding.csv,0.835,0.32,0.9,0.42000000000000004,148.5,1
fmri-dmt.csv,0.495,0.375,0.5449999999999999,0.725,98.0,3
open-data-kit.csv,0.735,0.32,0.6000000000000001,0.47,183.5,2
reactos-mirror.csv,0.675,0.45000000000000007,0.41500000000000004,0.515,98.75,5
