,recall,precision,pf,wins
fceugc.csv,0.44,0.37,0.475,2
flexpay.csv,0.405,0.33999999999999997,0.265,4
jstock.csv,0.33999999999999997,0.65,0.155,9
keyczar.csv,0.185,0.26,0.30500000000000005,1
modellus.csv,0.43,0.655,0.23500000000000001,8
open-data-kit.csv,0.735,0.505,0.5549999999999999,6
phet.csv,0.51,0.275,0.74,0
qtractor.csv,0.575,0.495,0.31,7
sumatrapdf.csv,0.9,0.43500000000000005,0.78,3
synergyspace.csv,0.42500000000000004,0.465,0.395,5
