,recall,precision,pf,wins
gwanted.csv,0.515,0.63,0.275,8
ivatamasks.csv,0.735,0.47500000000000003,0.86,0
orc.csv,0.47,0.44,0.25,5
plato.csv,0.94,0.52,0.92,2
rodin-b-sharp.csv,0.47,0.8,0.24,9
umber.csv,0.895,0.69,0.865,4
unicase.csv,0.815,0.5800000000000001,0.56,6
uwom.csv,0.35,0.55,0.25,7
vienna-add-in.csv,0.56,0.46499999999999997,0.645,3
wpdev.csv,1.0,0.51,0.985,1
