,recall,precision,pf,pci_20,ifa,wins
chaosrts.csv,0.53,0.655,0.255,0.5700000000000001,0.5,5
lazarus-ccr.csv,0.7949999999999999,0.4,0.68,0.475,3.0,0
lcfizvtop.csv,0.605,0.41000000000000003,0.5349999999999999,0.375,1.5,1
migen.csv,0.535,0.375,0.27,0.485,2.0,3
mvnforum.csv,0.28,0.365,0.22999999999999998,0.78,5.0,2
plplot.csv,0.5800000000000001,0.52,0.345,0.475,1.5,4
