,recall,precision,pf,wins
emftriple.csv,0.5700000000000001,0.475,0.135,1
gpsmid.csv,0.7749999999999999,0.44499999999999995,0.525,0
