,recall,precision,pf,pci_20,ifa,wins
columba.csv,0.7,0.325,0.42000000000000004,0.41000000000000003,243.5,0
emftriple.csv,0.195,0.415,0.195,0.95,333.0,2
fluent-nhibernate.csv,0.585,0.455,0.275,0.5449999999999999,242.0,3
gpsmid.csv,0.72,0.33499999999999996,0.33499999999999996,0.44999999999999996,197.75,1
