,recall,precision,pf,wins
adaptagrams.csv,0.59,0.355,0.26,6
aime.csv,0.30000000000000004,0.245,0.22,2
badtrinitycore.csv,0.44999999999999996,0.30000000000000004,0.22,5
electric-core.csv,0.715,0.28500000000000003,0.5800000000000001,1
geochat.csv,0.345,0.315,0.35,3
mumble.csv,0.6699999999999999,0.38,0.32,7
olsrd.csv,0.745,0.29500000000000004,0.5,4
t-2.csv,0.645,0.28500000000000003,0.61,0
