,recall,precision,pf,pci_20,ifa,wins
adaptagrams.csv,0.59,0.355,0.26,0.515,212.75,6
aime.csv,0.30000000000000004,0.245,0.22,0.665,193.25,3
badtrinitycore.csv,0.44999999999999996,0.30000000000000004,0.22,0.62,246.25,4
electric-core.csv,0.715,0.28500000000000003,0.5800000000000001,0.48,369.5,1
geochat.csv,0.345,0.315,0.35,0.685,197.5,5
mumble.csv,0.6699999999999999,0.38,0.32,0.5549999999999999,192.0,7
olsrd.csv,0.745,0.29500000000000004,0.5,0.395,390.5,0
t-2.csv,0.645,0.28500000000000003,0.61,0.5,295.5,2
