,recall,precision,pf,pci_20,ifa,wins
fityk.csv,0.625,0.295,0.315,0.58,246.25,1
hibernate.csv,0.5549999999999999,0.515,0.30000000000000004,0.5449999999999999,147.5,3
lamp.csv,0.62,0.445,0.33999999999999997,0.495,145.25,2
thout.csv,0.75,0.375,0.85,0.43,388.0,0
