,recall,precision,pf,pci_20,ifa,wins
fontforge.csv,0.75,0.69,0.565,0.41,0.0,1
freelords.csv,0.74,0.6799999999999999,0.49,0.41000000000000003,0.0,3
jfreereport.csv,0.28,0.565,0.175,0.745,0.0,2
super-tux.csv,0.69,0.6,0.32,0.45999999999999996,0.0,0
