,recall,precision,pf,pci_20,ifa,wins
graphmak.csv,0.41500000000000004,0.835,0.235,0.62,0.5,2
jruby.csv,0.34,0.815,0.30500000000000005,0.6599999999999999,0.0,4
pdfedit.csv,0.45999999999999996,0.74,0.4,0.6000000000000001,0.0,0
rectracker.csv,0.885,0.835,0.72,0.435,0.0,3
wxlua.csv,0.48,0.785,0.365,0.72,0.0,5
x4x.csv,0.8200000000000001,0.7849999999999999,0.57,0.445,0.0,1
