,recall,precision,pf,pci_20,ifa,wins
bzbyte.csv,0.61,0.095,0.28500000000000003,0.43000000000000005,39.5,0
columba.csv,0.61,0.5,0.47500000000000003,0.405,1.5,2
emftriple.csv,0.18,0.39,0.175,0.91,3.0,4
fluent-nhibernate.csv,0.41500000000000004,0.5549999999999999,0.20500000000000002,0.575,1.0,5
gpsmid.csv,0.7350000000000001,0.42000000000000004,0.39,0.45,2.5,3
xamj.csv,0.755,0.44499999999999995,0.585,0.4,1.0,1
