,recall,precision,pf,pci_20,ifa,wins
emftriple.csv,0.5700000000000001,0.475,0.135,0.94,333.0,1
gpsmid.csv,0.7749999999999999,0.44499999999999995,0.525,0.435,3353.5,0
