,f1,g,recall,precision,pf,wins
boost.csv,0.585,0.6599999999999999,0.695,0.55,0.375,7
etics.csv,0.565,0.5,0.45999999999999996,0.72,0.14500000000000002,6
genecys.csv,0.515,0.49,0.78,0.38,0.81,1
kvs.csv,0.385,0.4,0.375,0.475,0.29000000000000004,0
mcore3d.csv,0.525,0.5900000000000001,0.6699999999999999,0.63,0.395,3
miranda.csv,0.54,0.54,0.6499999999999999,0.475,0.505,2
ogrehg.csv,0.56,0.585,0.5900000000000001,0.6499999999999999,0.29500000000000004,5
passwordsafe.csv,0.64,0.635,0.8049999999999999,0.575,0.5700000000000001,4
