,recall,precision,pf,pci_20,ifa,wins
azureus.csv,0.78,0.5549999999999999,0.465,0.465,3.0,0
matrex.csv,0.705,0.63,0.22499999999999998,0.49,0.0,1
