,recall,precision,pf,pci_20,ifa,wins
emftriple.csv,0.56,0.44,0.14500000000000002,0.9450000000000001,341.25,1
gpsmid.csv,0.9199999999999999,0.47,0.57,0.455,4029.5,0
