,recall,precision,pf,wins
autoopencas.csv,0.16999999999999998,0.245,0.315,0
pcgen.csv,0.5800000000000001,0.44499999999999995,0.385,1
selenium.csv,0.49,0.47,0.285,2
tolven.csv,0.375,0.74,0.09,3
