,recall,precision,pf,pci_20,ifa,wins
calcubetimer.csv,0.48,0.45,0.345,0.45,98.0,6
chaperon.csv,0.335,0.515,0.245,0.7150000000000001,98.0,9
geotools.csv,0.72,0.495,0.595,0.405,197.0,0
l2j.csv,0.7,0.485,0.495,0.51,146.25,4
mule.csv,0.435,0.575,0.255,0.51,98.75,8
nunit.csv,0.38,0.485,0.295,0.545,145.75,3
primefaces.csv,0.7949999999999999,0.37,0.625,0.39,147.75,1
springside.csv,0.725,0.62,0.37,0.41,145.75,7
swtfox.csv,0.355,0.475,0.365,0.81,190.5,2
twostep.csv,0.755,0.5,0.665,0.415,99.0,5
