,recall,precision,pf,pci_20,ifa,wins
ardour.csv,0.5800000000000001,0.715,0.3,0.41000000000000003,97.0,7
cornerstone.csv,0.295,0.725,0.155,0.61,98.5,6
frogatto.csv,0.7849999999999999,0.645,0.6499999999999999,0.37,98.75,2
novembre.csv,0.44999999999999996,0.73,0.25,0.535,98.5,5
ns-3.csv,0.8049999999999999,0.625,0.74,0.4,98.75,1
open-beos.csv,0.61,0.6799999999999999,0.28500000000000003,0.45499999999999996,98.75,4
planeshift.csv,0.83,0.55,0.675,0.385,98.75,0
sbml.csv,0.74,0.645,0.53,0.39,98.0,3
