,recall,precision,pf,pci_20,ifa,wins
forester-atv.csv,0.255,0.685,0.11,0.6950000000000001,97.0,7
geotools.csv,0.72,0.505,0.5900000000000001,0.35,145.75,0
google-collections.csv,1.0,0.5249999999999999,1.0,0.365,148.5,2
l2j.csv,0.61,0.54,0.41000000000000003,0.44999999999999996,194.75,1
mediate.csv,0.32,0.545,0.43000000000000005,0.645,99.0,5
projectfactory.csv,0.565,0.595,0.32,0.575,98.75,6
st-filteredstatistics.csv,0.745,0.52,0.705,0.385,98.75,3
thedata.csv,0.8300000000000001,0.5549999999999999,0.685,0.475,99.0,4
