,recall,precision,pf,wins
jsidplay2.csv,0.7350000000000001,0.9299999999999999,0.2,1
m-m-m.csv,0.74,0.8300000000000001,0.525,0
