,recall,precision,pf,wins
biodwh.csv,0.41500000000000004,0.605,0.175,11
delphilhlplib.csv,0.64,0.41500000000000004,0.485,3
factor.csv,0.0,0.0,0.0,0
fceugc.csv,0.30500000000000005,0.585,0.255,7
fltk.csv,0.475,0.575,0.22,10
jstock.csv,0.18,0.585,0.165,8
lportal.csv,0.38,0.43,0.44499999999999995,2
natpad.csv,0.495,0.63,0.315,9
ogre.csv,1.0,0.375,1.0,1
phet.csv,0.42000000000000004,0.44,0.34,4
sandiaportals.csv,0.64,0.535,0.525,6
sumatrapdf.csv,0.63,0.54,0.5449999999999999,5
