,recall,precision,pf,pci_20,ifa,wins
bacula.csv,0.595,0.645,0.43500000000000005,0.515,198.0,0
jajuk.csv,0.825,0.76,0.41500000000000004,0.33499999999999996,99.0,1
