,recall,precision,pf,pci_20,ifa,wins
ardour.csv,0.56,0.745,0.275,0.42000000000000004,98.5,6
cornerstone.csv,0.25,0.74,0.12,0.71,98.5,7
frogatto.csv,0.87,0.645,0.7150000000000001,0.35,98.75,1
novembre.csv,0.43,0.66,0.245,0.575,98.5,4
ns-3.csv,0.785,0.6599999999999999,0.495,0.39,98.75,2
open-beos.csv,0.61,0.72,0.30500000000000005,0.42500000000000004,98.5,5
planeshift.csv,0.765,0.5700000000000001,0.55,0.405,98.75,0
sbml.csv,0.765,0.6399999999999999,0.5449999999999999,0.355,98.0,3
