,recall,precision,pf,pci_20,ifa,wins
freewrl.csv,0.89,0.55,0.71,0.385,244.0,0
silvertree.csv,0.8400000000000001,0.6100000000000001,0.595,0.42000000000000004,96.5,1
