,recall,precision,pf,wins
agilitybook.csv,0.225,0.155,0.265,1
apolloplayer.csv,0.6599999999999999,0.14500000000000002,0.49,2
k3d.csv,0.25,0.165,0.16,5
kowari.csv,0.45,0.19,0.31,4
redshell.csv,0.365,0.1,0.385,0
rtb-team.csv,0.31,0.31999999999999995,0.195,6
xreal.csv,0.26,0.11,0.13,3
