,recall,precision,pf,pci_20,ifa,wins
multitude.csv,0.7150000000000001,0.64,0.44999999999999996,0.445,287.5,1
ngl.csv,0.71,0.595,0.54,0.445,193.5,0
qmmp.csv,0.6,0.65,0.365,0.55,147.5,2
quarkplusplus.csv,0.565,0.635,0.325,0.595,143.5,3
